Total,5762203,,5762254.0,5762258.0,,,,,5762334.0,5762392.0,,5762575.0,,,5762576.0,5762704,5762706.0,5762128.0
,6,7,8.0,1.0,1.0,2.0,2.0,2.0,8.0,6.0,7.0,6.0,6.0,6.0,8.0,8,8.0,8.0
,,,,,,,,,,,,,,,,,,
,0.5538,0.5721,0.1269,0.0,0.18,0.36,0.19,0.27,0.242,0.987,0.1157,0.0,0.2869,0.0379,0.8542,62072.96,6.0,132.0
100,6,7,8.0,1.0,1.0,2.0,2.0,2.0,8.0,6.0,7.0,6.0,6.0,6.0,8.0,8,8.0,8.0
,0.5311,0.5215,0.0763,0.32,0.24,0.28,0.16,0.32,0.242,0.9828,0.137,0.0,0.2969,0.0439,0.8962,55385.6,2.0,132.0
100,6,7,8.0,1.0,1.0,2.0,2.0,2.0,8.0,6.0,7.0,6.0,6.0,6.0,8.0,8,8.0,8.0
,0.6564,0.4897,0.1054,0.23,0.14,0.28,0.35,0.23,0.242,0.9042,0.0796,0.0,0.395,0.025,0.9061,23522.52,2.0,66.0
79,6,7,8.0,1.0,1.0,2.0,2.0,2.0,8.0,0.0,0.0,6.0,6.0,6.0,8.0,8,0.0,8.0
,0.3098,0.2974,0.1046,0.0,0.21,0.4,0.25,0.14,0.24206,0.4857,0.15345,0.00326,0.3639854,0.02571789,0.9519,60029.4,5.0,56.0
81,6,7,8.0,1.0,1.0,2.0,2.0,2.0,8.0,0.0,0.0,0.0,6.0,6.0,8.0,8,8.0,8.0
,0.2775,0.2589,0.1086,0.37,0.27,0.265,0.1575,0.167,0.242,0.013,0.0247,0.3853,0.6147,0.0234,0.9475,50948.21,6.0,88.0
68,6,7,8.0,1.0,1.0,0.0,0.0,0.0,8.0,0.0,7.0,0.0,0.0,6.0,8.0,8,0.0,8.0
,0.537601626,0.4471544715,0.1028734901,1.0,0.1,0.51,1.26,2.26,0.2420614591,0.0929737476,0.0403275219,0.42914,0.42914,0.01866,0.92643,31993.86,1.0,24.0
81,6,7,8.0,0.0,1.0,0.0,0.0,0.0,8.0,0.0,7.0,0.0,6.0,6.0,8.0,8,8.0,8.0
,0.5484,0.4948,0.0909,0.68,0.06,0.26,0.32,0.36,0.351,0.9828,0.0323,0.0,0.4046,0.0272,0.8292,51303.71,1.0,70.0
92,6,7,8.0,1.0,1.0,2.0,2.0,2.0,0.0,6.0,7.0,6.0,6.0,6.0,8.0,8,8.0,8.0
,0.5918,0.5171,0.192,0.01,0.24,0.13,0.058,0.0133,1.8719999999999999,0.8988,0.1684,0.0024,0.40129,0.0406,0.8692,26855.45,2.0,84.0
64,6,7,0.0,0.0,1.0,0.0,0.0,0.0,0.0,6.0,0.0,0.0,6.0,6.0,8.0,8,8.0,8.0
,0.3009,0.319,0.1058,0.43,0.56,0.62,0.14,0.81,10.975999999999999,0.38,0.2509,0.3859,0.3859,0.8207,0.8812,41811.82,5.0,74.0
29,6,7,8.0,0.0,0.0,0.0,0.0,0.0,0.0,0.0,0.0,0.0,0.0,0.0,0.0,0,0.0,8.0
,0.7955,0.7881,0.0749,0.39,0.12,0.19,0.3,0.39,1.002,0.989,0.3255,0.3646,0.3646,0.0285,0.9217,67928.48,2.0,52.0
86,6,7,8.0,1.0,1.0,2.0,2.0,2.0,0.0,6.0,7.0,0.0,6.0,6.0,8.0,8,8.0,8.0
,0.4885,0.6364,0.1833,0.64,0.35,0.22,0.07,0.36,0.242,0.8988,0.062,0.0,0.3773,0.0241,0.9584,27060.13,5.0,74.0
93,6,7,8.0,0.0,1.0,2.0,2.0,2.0,8.0,6.0,7.0,6.0,0.0,6.0,8.0,8,8.0,8.0
,0.6643,0.6,0.1055,0.45,0.13,0.42,0.05,0.4,1.8719999999999999,0.6395,0.1653,0.4389,,0.0365,0.8444,23850.41,6.0,45.0
67,6,7,8.0,1.0,1.0,2.0,2.0,2.0,0.0,0.0,0.0,0.0,0.0,6.0,8.0,8,8.0,8.0
,0.4152,0.4294,0.3658,0.27,0.0526,0.2218,0.3496,0.3759,0.531,0.907,0.2418,0.4451,0.5549,0.957,0.8708,28052.71,1.0,194.58
50,6,7,0.0,0.0,0.0,0.0,0.0,0.0,0.0,6.0,7.0,0.0,0.0,0.0,8.0,8,8.0,0.0
,0.5149,0.564,0.1592,0.14,0.24,0.09,0.53,0.14,0.242,0.9313,0.0785,0.4121,0.4121,0.0213,0.9449,23537.62,7.0,80.0
94,6,7,8.0,1.0,1.0,2.0,2.0,2.0,8.0,6.0,7.0,0.0,6.0,6.0,8.0,8,8.0,8.0
,0.6764,0.6565,0.0937,0.71,0.23,0.16,0.13,0.48,0.242,0.9858,0.0634,0.0,0.4087,0.0347,0.8443,43100.55,0.0,111.0
99,6,7,8.0,0.0,1.0,2.0,2.0,2.0,8.0,6.0,7.0,6.0,6.0,6.0,8.0,8,8.0,8.0
,0.3802,0.4891,0.0832,0.29,0.35,0.08,0.28,0.29,6.3418,0.7185,0.4327,0.0,0.4668,0.0125,0.9272,74798.23,6.0,120.0
84,6,7,8.0,1.0,1.0,2.0,2.0,2.0,0.0,6.0,7.0,6.0,6.0,6.0,8.0,0,8.0,8.0
,0.4926,0.1937,0.0791,0.31,0.21,0.27,0.39,0.13,0.242,0.9828,0.208,0.2969,0.703,0.0109,0.9188,55387.87,3.0,160.0
71,6,7,8.0,0.0,1.0,2.0,2.0,2.0,8.0,6.0,7.0,0.0,0.0,6.0,8.0,0,0.0,8.0
,0.458,0.1507,0.3729,0.58,0.21,0.93,0.7,2.64,1.0,0.6305,0.1321,0.0,0.0,0.9366,0.0609,25.67,2.0,68.0
21,6,0,0.0,0.0,1.0,0.0,0.0,0.0,0.0,0.0,0.0,6.0,0.0,0.0,0.0,0,0.0,8.0
,0.5667,0.729,0.0751,0.18,0.31,0.27,0.24,0.18,0.242,0.6996,0.2827,0.0,0.3556,0.0425,0.8929,72667.92,1.0,120.0
100,6,7,8.0,1.0,1.0,2.0,2.0,2.0,8.0,6.0,7.0,6.0,6.0,6.0,8.0,8,8.0,8.0
,0.3401,0.4491,0.1026,0.84,0.16,0.09,0.62,0.13,0.239,0.9811,0.0474,0.018,0.3264,0.0465,0.8852,69184.4,2.0,78.0
94,6,7,8.0,1.0,1.0,2.0,2.0,2.0,8.0,6.0,7.0,0.0,6.0,6.0,8.0,8,8.0,8.0
,0.3445,0.3054,0.0887,0.61,0.13,0.26,0.29,0.32,1.002,0.7185,0.1253,0.0,0.3385,0.0213,0.93991,72302.12,0.0,62.13
84,6,7,8.0,1.0,1.0,2.0,2.0,2.0,0.0,6.0,7.0,6.0,6.0,6.0,8.0,8,8.0,0.0
,0.3202,0.3174,0.0897,0.65,0.08,0.27,0.45,0.2,1.591,0.1561,0.013,0.3853,0.3853,0.02,0.8631,53981.61,2.0,31.0
65,6,7,0.0,1.0,1.0,2.0,2.0,2.0,0.0,0.0,0.0,0.0,6.0,6.0,8.0,8,8.0,8.0
,0.4959,0.3827,0.0969,0.24,0.18,0.32,0.26,0.24,0.242,0.6305,0.2925,0.0,0.3949,0.0498,0.91,27212.13,3.0,144.0
87,6,7,8.0,1.0,1.0,2.0,2.0,2.0,8.0,0.0,0.0,6.0,6.0,6.0,8.0,8,8.0,8.0
,0.4725,0.5565,0.88,0.13,0.28,0.43,0.16,0.13,0.242,0.9264,0.0834,0.0,0.4279,0.022,0.8945,29719.77,7.0,74.0
78,6,0,0.0,1.0,1.0,2.0,2.0,2.0,8.0,6.0,0.0,6.0,6.0,6.0,8.0,8,8.0,8.0
,0.3258,0.4335,0.0967,0.47,0.94,0.56,0.13,0.0,0.242,0.4885,0.0581,0.3853,0.6147,0.0386,0.0386,52148.27,1.0,111.0
51,6,7,8.0,0.0,0.0,0.0,0.0,0.0,8.0,0.0,0.0,0.0,0.0,6.0,0.0,8,0.0,8.0
,0.35353,0.23509,0.09346,0.89,0.11,0.4,0.37,0.12,0.2421,0.7348,0.17758,0.0,0.46017,0.03005,0.92458,76435.36,6.0,52.0
100,6,7,8.0,1.0,1.0,2.0,2.0,2.0,8.0,6.0,7.0,6.0,6.0,6.0,8.0,8,8.0,8.0
,0.678,0.6834,0.1005,0.25,0.09,0.43,0.23,0.25,0.242,0.093,0.0702,0.3694,0.3694,0.0231,0.9284,29622.52,1.0,93.62
80,6,7,8.0,1.0,1.0,2.0,2.0,2.0,8.0,0.0,7.0,0.0,6.0,6.0,8.0,8,8.0,0.0
,0.4706,0.3294,0.0671,0.55,0.26,0.19,0.24,0.31,0.195,0.6954,0.3606,0.0,0.2525,0.0452,0.9046,72685.6,3.0,114.0
79,6,7,8.0,1.0,1.0,2.0,2.0,2.0,0.0,0.0,0.0,6.0,6.0,6.0,8.0,8,8.0,8.0
,0.5043,0.5098,0.1155,1.81,0.28,0.18,0.33,0.5,1.002,0.6778,0.1614,0.4503,0.0,0.0345,0.0801,77755.45,3.0,126.0
52,0,0,8.0,0.0,1.0,0.0,0.0,0.0,0.0,6.0,7.0,0.0,0.0,6.0,0.0,8,8.0,8.0
,0.5449,0.56,0.0681,0.24,0.36,0.31,0.09,0.24,0.242,0.9206,0.1788,0.0,0.2742,0.0369,0.8679,69337.94,0.0,120.0
92,6,7,8.0,1.0,1.0,2.0,2.0,2.0,8.0,6.0,7.0,6.0,6.0,6.0,8.0,8,0.0,8.0
,0.3521,0.4595,0.0246,0.56,0.17,0.3,0.375,0.5,223.84,0.1185,0.5518,0.0167,0.562,0.154,0.9128,37661.04,0.0,26.36
29,6,7,0.0,0.0,0.0,0.0,0.0,0.0,0.0,0.0,0.0,0.0,0.0,0.0,8.0,8,0.0,0.0
,0.3223,0.1892,0.072,0.86,0.1396,0.2264,0.2566,0.3774,0.242,0.0793,0.2139,0.4522,0.4522,0.0402,0.8449,20465.8,3.0,60.0
72,6,7,8.0,0.0,0.0,0.0,0.0,0.0,8.0,0.0,7.0,0.0,6.0,6.0,8.0,8,0.0,8.0
,0.2461,0.2973,0.1047,0.61,0.28,0.11,0.13,0.48,0.242,0.988,0.2626,0.2392,0.3804,0.0126,0.9235,53068.02,6.0,160.0
86,6,7,8.0,1.0,1.0,2.0,2.0,2.0,8.0,6.0,7.0,0.0,6.0,6.0,8.0,8,0.0,8.0
,0.4309,0.3214,0.1397,0.17,0.12,0.23,0.48,0.17,0.661,0.9313,0.0646,0.0,0.4013,0.0185,0.9134,32778.7,2.0,36.0
92,6,7,8.0,1.0,1.0,2.0,2.0,2.0,0.0,6.0,7.0,6.0,6.0,6.0,8.0,8,8.0,8.0
,0.6783,0.9091,0.0789,0.04,0.31,0.34,0.25,0.1,0.242,0.9207,0.1025,0.0,0.3739,0.0404,0.8782,62385.43,4.0,78.0
99,6,7,8.0,0.0,1.0,2.0,2.0,2.0,8.0,6.0,7.0,6.0,6.0,6.0,8.0,8,8.0,8.0
,0.7427,0.8506,0.0678,0.29,0.11,0.33,0.27,0.29,600.0,0.7185,0.1613,0.4541,0.4541,0.03,0.8653,80528.48,6.0,84.0
86,6,7,8.0,1.0,1.0,2.0,2.0,2.0,0.0,6.0,7.0,0.0,6.0,6.0,8.0,8,8.0,8.0
,0.56,0.5196,0.0809,0.38,0.08,0.24,0.3,0.38,0.688,0.9844,0.2096,0.0,0.3913,0.0108,0.8941,58688.86,5.0,158.66
92,6,7,8.0,1.0,1.0,2.0,2.0,2.0,0.0,6.0,7.0,6.0,6.0,6.0,8.0,8,8.0,8.0
,0.4439,0.1748,0.1151,0.81,0.19,0.38,0.32,0.11,0.242,0.936,0.1477,0.0,0.4279,0.0312,0.8443,29410,3.0,62.0
87,6,7,8.0,1.0,1.0,2.0,2.0,2.0,8.0,0.0,0.0,6.0,6.0,6.0,8.0,8,8.0,8.0
,0.6144,0.6731,0.1552,0.25,0.44,0.09,0.22,0.25,0.242,0.4822,0.1251,0.3621,0.0,0.01106,0.9507,40658.65,2.0,180.0
75,6,7,8.0,1.0,1.0,2.0,2.0,2.0,8.0,0.0,0.0,0.0,0.0,6.0,8.0,8,8.0,8.0
,0.5243,0.4124,0.0808,0.05,0.73,0.32,0.21,0.0,0.559,0.0172,0.1115,0.3913,0.398,0.0145,0.9294,60314.56,2.0,0.0
58,6,7,8.0,0.0,0.0,0.0,0.0,0.0,0.0,0.0,7.0,0.0,0.0,6.0,8.0,8,8.0,0.0
,0.3986,0.4158,0.1585,0.66,0.22,0.12,0.38,0.28,0.059,0.9356,0.0989,0.3905,0.3908,0.0249,0.9547,32297.75,6.0,120.0
78,6,7,8.0,1.0,1.0,2.0,2.0,2.0,0.0,6.0,7.0,0.0,6.0,6.0,8.0,8,8.0,0.0
,0.5095,0.4151,0.0702,0.5,0.13,0.37,0.17,0.33,0.242,0.9828,0.0323,0.0,0.3085,0.0287,0.9111,58941.32,5.0,88.0
100,6,7,8.0,1.0,1.0,2.0,2.0,2.0,8.0,6.0,7.0,6.0,6.0,6.0,8.0,8,8.0,8.0
,0.2809,0.2599,0.1131,0.24,0.42,0.21,0.13,0.24,0.242,0.989,0.2142,0.0184,0.3446,0.0495,0.9202,58674.97,0.0,128.0
94,6,7,8.0,1.0,1.0,2.0,2.0,2.0,8.0,6.0,7.0,0.0,6.0,6.0,8.0,8,8.0,8.0
,0.4216,0.4114,0.0862,0.35,0.29,0.22,0.14,0.35,0.242,0.7185,0.1253,0.0,0.3319,0.0225,0.9009,71160.85,5.0,80.0
92,6,7,0.0,1.0,1.0,2.0,2.0,2.0,8.0,6.0,7.0,6.0,6.0,6.0,8.0,8,8.0,8.0
,0.3319,0.43,0.0892,0.49,0.37,0.14,0.07,0.42,0.242,0.88,0.4163,0.0,0.3745,0.0465,0.9059,"599,999.44",5.0,120.0
79,6,7,8.0,1.0,1.0,2.0,2.0,2.0,8.0,0.0,0.0,6.0,6.0,6.0,8.0,0,8.0,8.0
,0.6833977,0.5822785,0.1025193,0.16,0.27,0.34,0.23,0.16,0.2420615,0.9142857,0.2074711,0.4237506,0.4237506,0.04174647,0.8758195,32800.55,1.0,111.0
94,6,7,8.0,1.0,1.0,2.0,2.0,2.0,8.0,6.0,7.0,0.0,6.0,6.0,8.0,8,8.0,8.0
,0.4803,0.5485,0.0329,,,,,,,0.3222,0.0,0.0,0.4532,0.0366,,75990.48,5.0,25.98
39,6,7,0.0,0.0,0.0,0.0,0.0,0.0,0.0,0.0,0.0,6.0,6.0,6.0,0.0,8,0.0,0.0
,0.519,0.3846,0.1256,0.13,0.16,0.34,0.37,0.13,0.165,0.9828,0.0492,0.3085,0.3085,0.16,0.9286,62817.09,1.0,8.0
80,6,7,8.0,1.0,1.0,2.0,2.0,2.0,0.0,6.0,7.0,0.0,6.0,0.0,8.0,8,8.0,8.0
,0.6057,0.6414,0.5,0.87,,,,,0.183,0.8643,0.8593,0.0178,,0.148,0.84,24255.64,2.0,30.0
29,6,7,0.0,0.0,0.0,0.0,0.0,0.0,0.0,0.0,0.0,0.0,0.0,0.0,0.0,8,8.0,0.0
,0.3408,0.3571,0.0933,0.0,0.16,1.06,2.6,5.0,2.438,0.987,0.0783,0.3694,0.3785,0.0383,0.8537,54151.97,2.0,96.0
58,6,7,8.0,1.0,1.0,0.0,0.0,0.0,0.0,6.0,7.0,0.0,0.0,6.0,8.0,0,0.0,8.0
,0.3968,0.5541,0.0977,0.36,0.15,0.26,0.23,0.36,0.242,0.988,0.0544,0.0,0.3581,0.0322,0.8197,55810.6,1.0,64.0
100,6,7,8.0,1.0,1.0,2.0,2.0,2.0,8.0,6.0,7.0,6.0,6.0,6.0,8.0,8,8.0,8.0
,0.2939,0.3738,0.1261,0.75,0.0736,0.1024,,0.0,0.242,0.9264,0.2611,0.0,0.4245,0.0441,0.8684,28617.19,0.0,117.0
92,6,7,8.0,0.0,0.0,0.0,0.0,0.0,8.0,6.0,7.0,6.0,6.0,6.0,8.0,8,8.0,8.0
,0.3556,0.5721,0.0929,0.19,0.36,0.45,0.1,0.09,0.2887,0.907,0.4229,0.0,0.4338,0.0133,0.9273,37035.1,6.0,136.0
92,6,7,8.0,1.0,1.0,2.0,2.0,2.0,0.0,6.0,7.0,6.0,6.0,6.0,8.0,8,8.0,8.0
,0.31467,0.4024,0.1241,0.1,0.59,0.19,0.12,0.1,0.26347,0.92635,0.3107,0.0,0.4059,0.0487,0.9168,35421.24,0.0,67.98
84,6,7,8.0,1.0,1.0,2.0,2.0,2.0,0.0,6.0,7.0,6.0,6.0,6.0,8.0,8,8.0,0.0
,0.3724,0.4531,0.1232,0.49,0.33,0.18,0.28,0.21,0.242,0.9898,0.0674,0.01997,0.3761,0.0359,0.8599,43042.99,3.0,87.0
94,6,7,8.0,1.0,1.0,2.0,2.0,2.0,8.0,6.0,7.0,0.0,6.0,6.0,8.0,8,8.0,8.0
,0.38,0.4241,0.127,0.46,0.3,0.24,0.12,0.34,0.242,0.9264,0.4422,0.0,0.431,0.0144,0.9348,29540.31,3.0,36.0
100,6,7,8.0,1.0,1.0,2.0,2.0,2.0,8.0,6.0,7.0,6.0,6.0,6.0,8.0,8,8.0,8.0
,0.3063,0.4342,0.1062,0.78,0.22,0.17,0.31,0.3,0.242,0.987,0.0247,0.4051,0.3897,0.0236,0.9555,45985.99,2.0,34.0
79,6,7,8.0,0.0,1.0,2.0,2.0,2.0,8.0,6.0,7.0,0.0,0.0,6.0,8.0,8,8.0,0.0
,0.4743,0.527,0.0673,0.85,0.15,0.49,0.07,0.29,0.242,0.9143,0.1429,0.0,0.4541,0.0333,0.8408,17250.41,7.0,84.0
92,6,7,8.0,1.0,1.0,2.0,2.0,2.0,8.0,6.0,7.0,6.0,6.0,6.0,8.0,8,0.0,8.0
,0.4888,0.6637,0.0665,0.19,0.8,0.66,0.29,0.0,0.242,0.6305,0.2925,0.0,0.4588,0.0116,0.9208,16688.6,5.0,136.0
79,6,7,8.0,0.0,0.0,0.0,0.0,0.0,8.0,0.0,0.0,6.0,6.0,6.0,8.0,8,8.0,8.0
,0.4299,0.3265,0.107,0.87,0.35,1.28,2.61,5.0,0.059,0.508,0.0345,0.3369,0.3169,0.0277,0.9201,57050.12,1.0,56.0
52,6,7,8.0,0.0,1.0,0.0,0.0,0.0,0.0,0.0,0.0,0.0,0.0,6.0,8.0,0,8.0,8.0
,0.3521,0.4595,0.1173,0.66,0.34,0.26,0.15,0.25,0.242,0.936,0.2777,0.0,0.414,0.0132,0.9129,37661.04,7.0,104.0
87,6,7,8.0,1.0,1.0,2.0,2.0,2.0,8.0,0.0,0.0,6.0,6.0,6.0,8.0,8,8.0,8.0
,0.3632,0.4143,0.0825,0.31,0.39,0.33,0.23,0.08,0.242,0.9828,0.3193,0.0,0.3949,0.0146,0.9349,54334.94,0.0,38.0
98,6,7,8.0,1.0,1.0,0.0,2.0,2.0,8.0,6.0,7.0,6.0,6.0,6.0,8.0,8,8.0,8.0
,0.4631,0.3476,0.1073,0.32,0.13,0.27,0.28,0.22,0.2421,0.4898,0.0811,0.4955,0.3711,0.4703,0.8791,44650.09,3.0,36.0
67,6,7,8.0,1.0,1.0,2.0,2.0,0.0,8.0,0.0,0.0,0.0,0.0,0.0,8.0,8,8.0,8.0
,0.4251,0.4939,0.1419,0.33,0.08,0.17,0.25,0.08,0.559,0.9811,0.0105,0.3085,0.6915,0.0176,0.9436,56976.01,7.0,8.0
73,6,7,8.0,1.0,0.0,0.0,0.0,0.0,0.0,6.0,7.0,0.0,0.0,6.0,8.0,8,8.0,8.0
,0.4303,0.4379,0.0878,0.37,3.0,6.0,7.0,10.0,7.875,0.0736,0.0736,0.4481,0.0,0.0192,0.9284,14059.69,0.0,28.0
58,6,7,8.0,0.0,0.0,0.0,0.0,0.0,0.0,0.0,7.0,0.0,0.0,6.0,8.0,0,8.0,8.0
,0.4937,0.3458,0.1047,0.54,0.11,0.35,0.47,0.07,0.242,0.9889,0.0665,0.0176,0.3516,0.0359,0.8365,56778,5.0,42.0
94,6,7,8.0,1.0,1.0,2.0,2.0,2.0,8.0,6.0,7.0,0.0,6.0,6.0,8.0,8,8.0,8.0
,0.5757,0.7517,0.0862,0.25,0.19,0.33,0.23,0.25,0.0586,0.9828,0.0259,0.3913,0.3781,0.0253,0.8926,57303.71,5.0,80.0
80,6,7,8.0,1.0,1.0,2.0,2.0,2.0,0.0,6.0,7.0,0.0,0.0,6.0,8.0,8,8.0,8.0
,0.2675,0.3231,0.0951,0.37,0.38,0.08,0.17,0.37,0.18,0.4885,0.1109,0.3897,0.3745,0.0485,0.9169,49562.19,4.0,124.0
53,0,7,8.0,1.0,1.0,2.0,2.0,2.0,0.0,0.0,0.0,0.0,0.0,6.0,8.0,0,8.0,8.0
,0.4036,0.5191,0.1471,0.29,0.4,0.31,0.14,0.15,0.242,0.9554,0.184,0.0,0.3854,0.0343,0.8459,32190.48,0.0,63.0
81,6,7,8.0,1.0,1.0,2.0,2.0,2.0,8.0,0.0,0.0,6.0,0.0,6.0,8.0,8,8.0,8.0
,0.2871,0.4193,0.1547,0.86,0.14,0.31,0.27,0.28,0.242,0.9313,0.0646,0.4404,,,0.9351,21458.16,7.0,26.0
74,6,7,8.0,1.0,1.0,2.0,2.0,2.0,8.0,6.0,7.0,0.0,0.0,0.0,8.0,8,0.0,8.0
,0.5879,0.4981,0.1697,0.3,0.34,2.1,3.68,6.0,0.559,0.9357,0.0829,0.407,0.3843,0.5946,1.0,25096.72,3.0,76.0
60,6,7,8.0,1.0,1.0,0.0,0.0,0.0,0.0,6.0,7.0,0.0,0.0,0.0,0.0,8,8.0,8.0
,0.5,0.5701,0.1307,0.57,0.36,0.07,0.31,0.1,4.125,0.9313,0.1347,0.0,0.4207,0.0322,0.7969,26154.32,4.0,24.0
87,6,7,8.0,0.0,1.0,0.0,2.0,0.0,0.0,6.0,7.0,6.0,6.0,6.0,8.0,8,8.0,8.0
,0.3499,0.4255,0.0964,0.5,0.7,0.49,0.2,0.0,1.0,0.774,0.5955,0.3341,0.6659,0.0352,0.8542,65947.28,2.0,96.0
51,6,7,8.0,0.0,0.0,0.0,0.0,0.0,0.0,0.0,0.0,0.0,0.0,6.0,8.0,0,8.0,8.0
,0.6034,0.5975,0.0685,0.35,0.41,0.08,0.16,0.35,0.059,0.9275,0.0913,0.0,0.4588,0.0261,0.9165,20103.71,1.0,80.0
79,6,7,8.0,1.0,1.0,2.0,2.0,2.0,0.0,0.0,0.0,6.0,6.0,6.0,8.0,8,8.0,8.0
,0.6005,0.6262,0.0866,0.25,0.07,0.27,0.41,0.25,0.165,0.9828,0.2574,0.3204,0.3204,0.0128,0.8982,47711.9,2.0,120.0
86,6,7,8.0,1.0,1.0,2.0,2.0,2.0,0.0,6.0,7.0,0.0,6.0,6.0,8.0,8,8.0,8.0
,0.4374,0.404,0.0704,0.38,0.39,0.23,0.05,0.33,0.242,0.9207,0.1493,0.0,0.3781,0.0365,0.8262,67220.44,3.0,120.0
100,6,7,8.0,1.0,1.0,2.0,2.0,2.0,8.0,6.0,7.0,6.0,6.0,6.0,8.0,8,8.0,8.0
,176/629,96/248,0.1487,1.0,0.37,0.29,0.23,0.11,0.242,0.9681,0.1939,0.4121,0.3906,0.0386,0.8637,25707.97,0.0,126.0
81,6,7,8.0,0.0,1.0,2.0,2.0,2.0,8.0,0.0,7.0,0.0,0.0,6.0,8.0,8,8.0,8.0
,0.3327,0.5197,0.0959,0.19,0.22,0.96,3.24,6.0,0.242,0.987,0.0364,0.0003,0.3855,0.0285,0.9625,46748.37,2.0,84.0
88,6,7,8.0,1.0,1.0,0.0,0.0,0.0,8.0,6.0,7.0,0.0,6.0,6.0,8.0,8,8.0,8.0
,0.4097,0.444,0.1072,0.28,0.14,0.19,0.39,0.28,0.242,0.988,0.0375,0.0,0.3925,0.0281,0.8064,43791.79,4.0,34.0
100,6,7,8.0,1.0,1.0,2.0,2.0,2.0,8.0,6.0,7.0,6.0,6.0,6.0,8.0,8,8.0,8.0
,0.3168,0.3333,0.1462,0.26,0.3,0.36,0.08,0.26,0.5,0.6625,0.2158,0.0,0.4166,0.0421,0.8901,26025.48,1.0,78.0
79,6,7,8.0,1.0,1.0,2.0,2.0,2.0,0.0,0.0,0.0,6.0,6.0,6.0,8.0,8,8.0,8.0
,0.3782,0.224,0.2511,2.17,0.21,0.24,0.06,0.38,0.059,0.0421,0.0211,0.3085,0.3085,0.0396,0.8369,73760.49,3.0,4.27
52,6,7,0.0,0.0,1.0,2.0,0.0,0.0,0.0,0.0,0.0,0.0,6.0,6.0,8.0,8,8.0,0.0
,0.4697,0.5,0.106,0.11,0.59,0.23,0.1,0.0,0.242,0.2286,0.3143,0.3264,0.6736,0.0174,0.6664,66699.42,7.0,10.0
59,6,7,8.0,0.0,0.0,0.0,0.0,0.0,8.0,0.0,0.0,0.0,0.0,6.0,0.0,8,8.0,8.0
,0.42,0.3622,0.0689,0.34,0.22,0.44,0.21,0.13,0.242,0.7638,0.55,0.0,0.4588,0.0119,0.9165,80665.57,2.0,120.0
87,6,7,8.0,1.0,1.0,2.0,2.0,2.0,8.0,0.0,0.0,6.0,6.0,6.0,8.0,8,8.0,8.0
,0.5319,0.756,0.1648,0.36,0.23,0.18,0.9,0.5,0.637,0.8903,0.2117,0.3773,0.3538,0.012,0.8333,34164.61,1.0,140.0
48,6,7,8.0,0.0,1.0,2.0,0.0,2.0,0.0,0.0,0.0,0.0,0.0,6.0,0.0,0,8.0,8.0
,0.5218,0.2872,0.0699,0.59,0.22,0.41,0.74,1.0,0.405,0.7176,0.3346,0.0137,0.4725,0.0449,0.8975,77652.71,1.0,102.0
50,6,7,0.0,0.0,1.0,0.0,0.0,0.0,0.0,0.0,0.0,0.0,6.0,6.0,8.0,8,0.0,8.0
,0.4747,0.6783,0.6917,0.24,0.33,0.36,0.07,0.24,0.242,0.9844,0.1702,0.0,0.3875,0.0484,0.9253,58065.6,6.0,128.0
92,6,7,0.0,1.0,1.0,2.0,2.0,2.0,8.0,6.0,7.0,6.0,6.0,6.0,8.0,8,8.0,8.0
,0.4059,0.5779,0.1213,0.43,0.28,0.29,0.24,0.19,0.242,0.9898,0.2643,0.3728,0.3563,0.0129,0.8494,51358.34,2.0,140.0
86,6,7,0.0,1.0,1.0,2.0,2.0,2.0,8.0,6.0,7.0,0.0,6.0,6.0,8.0,8,8.0,8.0
,0.3154,0.3401,0.1234,0.36,0.2,0.28,0.16,0.36,0.242,0.9264,0.5295,0.0177,0.4101,0.0175,0.9342,36040.31,4.0,42.0
94,6,7,8.0,1.0,1.0,2.0,2.0,2.0,8.0,6.0,7.0,0.0,6.0,6.0,8.0,8,8.0,8.0
,0.3271,0.3933,0.0823,0.44,0.26,0.22,0.08,0.44,0.242,0.8787,0.5201,0.015,0.3445,0.0382,0.866,65883.04,7.0,96.0
75,6,7,8.0,1.0,1.0,2.0,2.0,2.0,8.0,0.0,0.0,0.0,0.0,6.0,8.0,8,8.0,8.0
,0.5845,0.6074,0.0842,0.21,0.2,0.31,0.28,0.21,0.242,0.492,0.0715,0.014,0.3694,0.0129,0.9051,64619.07,1.0,112.0
81,6,7,8.0,1.0,1.0,2.0,2.0,2.0,8.0,0.0,0.0,0.0,6.0,6.0,8.0,8,8.0,8.0
,0.3525,0.4746,0.1109,0.29,0.49,0.22,0.15,0.14,0.242,0.9887,0.0666,0.018,0.3694,0.0356,0.8564,48578,4.0,63.0
78,6,7,8.0,1.0,1.0,2.0,2.0,2.0,8.0,6.0,7.0,0.0,6.0,6.0,0.0,8,0.0,8.0
,0.5373,0.5314,0.1356,0.29,0.17,0.47,0.07,0.29,0.059,0.9313,0.0646,0.0,0.4013,0.0183,0.9278,37578.7,4.0,25.31
84,6,7,8.0,1.0,1.0,2.0,2.0,2.0,0.0,6.0,7.0,6.0,6.0,6.0,8.0,8,8.0,0.0
,0.2541,0.7793,0.1337,0.49,0.23,0.255,0.21,0.25,0.242,0.9313,0.3753,0.0,0.4013,0.01,0.9014,35374.97,5.0,152.0
79,6,0,8.0,1.0,1.0,0.0,0.0,0.0,8.0,6.0,7.0,6.0,6.0,6.0,0.0,8,8.0,8.0
,0.67,0.8741,0.0767,0.74,0.02,0.11,0.22,0.13,0.242,0.6996,0.4949,0.4705,0.5295,0.0157,0.9112,76752.79,1.0,40.0
80,6,7,8.0,0.0,0.0,0.0,0.0,0.0,8.0,6.0,7.0,0.0,0.0,6.0,8.0,8,8.0,8.0
,0.6168,0.6349,0.1042,1.0,0.32,0.295,0.2125,0.1667,0.242,0.0142,0.0189,0.4087,0.3939,0.0196,0.9498,41943,0.0,32.0
62,0,0,8.0,0.0,1.0,0.0,0.0,0.0,8.0,0.0,7.0,0.0,0.0,6.0,8.0,8,8.0,8.0
,0.4185,0.4249,0.1538,0.26,0.4,0.34,0.11,0.15,0.242,0.966,0.2538,0.0,0.3843,0.0457,0.9062,31618.5,3.0,75.0
87,6,7,8.0,1.0,1.0,2.0,2.0,2.0,8.0,0.0,0.0,6.0,6.0,6.0,8.0,8,8.0,8.0
,0.695,0.1395,0.0838,0.66,0.27,0.28,0.29,0.16,0.242,0.6996,0.1423,0.0,0.3876,0.0137,0.9336,62044.6,5.0,76.03
76,6,0,8.0,0.0,1.0,2.0,2.0,2.0,8.0,6.0,7.0,6.0,6.0,6.0,8.0,0,8.0,0.0
,0.3333,0.2125,0.0917,0.65,0.35,0.3,0.21,0.14,0.242,0.7185,0.425,0.0,0.6522,0.0414,0.8772,68313.01,7.0,66.0
79,6,7,8.0,1.0,1.0,2.0,2.0,2.0,8.0,6.0,0.0,6.0,0.0,6.0,0.0,8,8.0,8.0
,0.4407,0.3608,0.115,0.62,0.12,0.26,0.16,0.46,0.7034,0.9264,0.1845,0.0177,0.4101,0.0363,0.8414,33213.01,1.0,54.0
86,6,7,8.0,1.0,1.0,2.0,2.0,2.0,0.0,6.0,7.0,0.0,6.0,6.0,8.0,8,8.0,8.0
,0.6008,0.4208,0.1296,2.03,0.06,0.1481,0.0064,0.0595,0.242,0.6778,0.0846,0.0,0.266,0.0211,0.8879,71676.01,7.0,84.0
93,6,7,8.0,0.0,1.0,0.0,0.0,0.0,8.0,6.0,7.0,6.0,6.0,6.0,8.0,8,8.0,8.0
,0.5358,0.6132,,0.57,0.32,0.11,0.34,0.23,,0.4177,0.1804,0.4244,0.4244,0.0373,0.862,29495.51,1.0,123.0
51,6,7,0.0,1.0,1.0,2.0,2.0,2.0,0.0,0.0,0.0,0.0,6.0,0.0,8.0,8,0.0,8.0
,0.5712,0.5232,0.1008,0.66,0.28,0.06,0.42,0.24,0.242,0.9143,0.1725,0.0,0.4411,0.03895,0.872,29067.5,1.0,78.0
100,6,7,8.0,1.0,1.0,2.0,2.0,2.0,8.0,6.0,7.0,6.0,6.0,6.0,8.0,8,8.0,8.0
,0.4137,0.3631,0.1405,0.36,0.18,0.46,0.29,0.07,0.242,0.9313,0.1895,0.4121,0.0,0.0377,0.8539,29125.48,6.0,120.0
88,6,7,8.0,1.0,1.0,2.0,2.0,2.0,8.0,6.0,7.0,0.0,0.0,6.0,8.0,8,8.0,8.0
,0.4682,0.2951,0.1719,0.52,0.22,0.26,0.17,0.35,0.242,0.8988,0.046,0.0237,0.3535,0.022,0.947,29776.01,6.0,72.0
88,6,7,8.0,1.0,1.0,2.0,2.0,2.0,8.0,6.0,7.0,0.0,0.0,6.0,8.0,8,8.0,8.0
,0.2803,0.3584,0.0976,0.07,0.41,0.12,0.4,0.07,0.242,0.987,0.4015,0.0,0.3745,0.0175,0.9451,7701.89,6.0,22.0
85,6,0,8.0,1.0,1.0,2.0,2.0,2.0,8.0,6.0,7.0,6.0,6.0,6.0,8.0,0,8.0,8.0
,0.6293,0.6422,0.132,0.0,,,,,0.242,0.8857,0.3297,0.0,0.3284,0.9757,0.9016,60397.89,7.0,40.0
73,6,7,8.0,0.0,0.0,0.0,0.0,0.0,8.0,0.0,0.0,6.0,6.0,0.0,8.0,8,8.0,8.0
,0.5177,0.3284,0.1646,0.69,0.16,0.15,0.26,0.43,0.059,0.3944,0.3944,0.024,0.3773,0.0168,0.9251,33976.01,7.0,43.07
57,6,7,8.0,1.0,1.0,2.0,2.0,2.0,0.0,0.0,0.0,0.0,6.0,6.0,8.0,8,0.0,0.0
,0.3372,0.4957,0.1143,0.51,0.37,0.12,0.16,0.35,0.242,0.988,0.0213,0.0,0.3752,0.0209,0.9509,50740.31,1.0,80.0
92,6,7,8.0,1.0,1.0,2.0,2.0,2.0,8.0,6.0,7.0,6.0,6.0,6.0,0.0,8,8.0,8.0
,0.6309,0.8029,0.08183,1.9,,,,,,,,0.0,,,,75366.22,2.0,
27,6,7,0.0,0.0,0.0,0.0,0.0,0.0,0.0,0.0,0.0,6.0,0.0,0.0,0.0,8,0.0,0.0
,0.4592,0.2625,0.9522,0.32,0.23,0.08,0.0756,0.2,0.688,0.6625,0.106,0.3761,0.6239,0.0248,0.9464,37935.36,4.0,80.0
52,6,7,0.0,0.0,1.0,0.0,0.0,0.0,0.0,0.0,0.0,0.0,0.0,6.0,8.0,8,8.0,8.0
,0.3545,0.2852,0.1106,1.0,0.0,0.17,0.29,0.09,0.242,0.988,0.0174,0.0,0.6419,0.0177,0.0276,57019.77,1.0,46.0
84,6,7,8.0,0.0,0.0,2.0,2.0,2.0,8.0,6.0,7.0,6.0,0.0,6.0,0.0,8,8.0,8.0
,0.5293,0.8995,0.0677,0.5,0.21,0.29,0.36,0.14,0.242,0.8346,0.8346,0.0,0.3694,0.0,0.9375,79435.1,3.0,36.0
75,6,7,8.0,1.0,1.0,2.0,2.0,2.0,8.0,0.0,0.0,6.0,0.0,0.0,8.0,8,8.0,8.0
,0.4159,0.3856,0.1107,0.36,0.19,0.45,0.23,0.13,0.242,0.987,0.095,0.0188,0.3179,0.0363,0.8412,62925.48,1.0,102.0
94,6,7,8.0,1.0,1.0,2.0,2.0,2.0,8.0,6.0,7.0,0.0,6.0,6.0,8.0,8,8.0,8.0
,0.404,0.5136,0.0679,0.61,0.13,0.26,0.29,0.32,0.242,0.6995,0.2827,0.0137,0.4588,0.0423,0.8839,78202.93,2.0,78.0
86,6,7,8.0,0.0,0.0,0.0,0.0,0.0,8.0,6.0,7.0,0.0,6.0,6.0,8.0,8,8.0,8.0
,0.4864,0.553,0.1076,0.66,0.34,0.25,0.1,0.31,0.2421,0.9143,0.2075,0.0,0.3341,0.0269,0.9243,69672.98,0.0,80.0
100,6,7,8.0,1.0,1.0,2.0,2.0,2.0,8.0,6.0,7.0,6.0,6.0,6.0,8.0,8,8.0,8.0
,0.342,0.2409,0.1023,0.9,0.28,0.295,0.31,0.25,0.242,0.7176,0.1821,0.001,0.4198,0.4638,0.8524,64060.49,1.0,120.0
62,6,7,8.0,0.0,1.0,0.0,0.0,0.0,8.0,0.0,0.0,0.0,0.0,0.0,8.0,8,8.0,8.0
,0.5191,0.4711,0.1174,0.74,0.19,0.07,0.43,0.31,0.242,0.8988,0.0461,0.0,0.4256,0.0205,0.9458,17176.18,2.0,84.0
100,6,7,8.0,1.0,1.0,2.0,2.0,2.0,8.0,6.0,7.0,6.0,6.0,6.0,8.0,8,8.0,8.0
,0.4021,0.5761,0.0908,0.46,0.44,0.1,0.35,0.11,0.242,0.9357,0.0829,0.0,0.3341,0.03131,0.9295,67891.79,7.0,56.0
100,6,7,8.0,1.0,1.0,2.0,2.0,2.0,8.0,6.0,7.0,6.0,6.0,6.0,8.0,8,8.0,8.0
,0.7549,0.9532,0.0944,0.52,0.06,0.42,0.34,0.18,0.242,0.9143,0.1197,0.0,0.4265,0.031,0.9122,33947.29,7.0,54.0
93,6,7,8.0,1.0,1.0,2.0,2.0,2.0,8.0,6.0,0.0,6.0,6.0,6.0,8.0,8,8.0,8.0
,0.6541,0.3013,0.1144,0.28,0.0,0.06,0.69,1.0,0.242,0.9207,0.054,0.0,0.4238,0.0189,0.9276,31722.46,2.0,18.0
86,6,0,8.0,1.0,0.0,0.0,0.0,0.0,8.0,6.0,7.0,6.0,6.0,6.0,8.0,8,8.0,8.0
,0.4416,0.651,0.1126,0.75,0.25,0.3,0.28,0.17,0.242,0.6996,0.1063,0.3179,0.0,0.0492,0.9186,68351.71,4.0,112.0
88,6,7,8.0,1.0,1.0,2.0,2.0,2.0,8.0,6.0,7.0,0.0,0.0,6.0,8.0,8,8.0,8.0
,0.4705,0.3803,0.1316,0.6,0.25,0.15,0.34,0.26,6.543,0.7348,0.2184,0.0,0.2983,0.0139,0.9326,65676.01,0.0,28.0
92,6,7,8.0,1.0,1.0,2.0,2.0,2.0,0.0,6.0,7.0,6.0,6.0,6.0,8.0,8,8.0,8.0
,0.5815,0.7931,0.0803,0.57,0.18,0.25,0.37,0.2,0.242,0.9828,0.2574,0.0,0.3204,0.0123,0.917,53535.16,2.0,152.0
100,6,7,8.0,1.0,1.0,2.0,2.0,2.0,8.0,6.0,7.0,6.0,6.0,6.0,8.0,8,8.0,8.0
,0.5111,0.4979,0.1204,0.49,0.33,0.18,0.25,0.24,0.242,0.6778,0.2079,0.0,0.266,0.0359,0.8603,72755.45,7.0,126.0
100,6,7,8.0,1.0,1.0,2.0,2.0,2.0,8.0,6.0,7.0,6.0,6.0,6.0,8.0,8,8.0,8.0
,0.3448,0.2931,0.1186,0.35,0.05,0.34,0.26,0.35,0.242,0.989,0.1176,0.0,0.4305,0.1928,0.8535,46760.49,2.0,120.0
88,6,7,8.0,1.0,1.0,2.0,2.0,2.0,8.0,6.0,7.0,6.0,0.0,0.0,8.0,8,8.0,8.0
,0.693309,0.651515,0.072009,0.58,0.11,0.31,0.19,0.39,0.242061,0.907026,0.040328,0.0,0.43156,0.01771,0.86065,35414.56,7.0,31.0
92,6,7,0.0,1.0,1.0,2.0,2.0,2.0,8.0,6.0,7.0,6.0,6.0,6.0,8.0,8,8.0,8.0
,0.3019,0.3778,0.1097,0.34,0.36,0.3,0.14,0.2,0.766,0.7467,0.3081,0.0164,0.4338,0.0379,0.8671,80148.03,2.0,114.0
59,6,7,0.0,1.0,1.0,2.0,2.0,2.0,0.0,0.0,0.0,0.0,0.0,6.0,8.0,8,8.0,8.0
,0.4584,0.686,0.1084,0.64,0.36,0.24,0.35,0.05,0.242,0.7484,0.1912,0.0,0.2782,0.0299,0.9672,72378.94,7.0,20.0
100,6,7,8.0,1.0,1.0,2.0,2.0,2.0,8.0,6.0,7.0,6.0,6.0,6.0,8.0,8,8.0,8.0
,0.4598,0.8043,0.2346,0.31,0.51,0.18,0.14,0.17,1.5939999999999999,0.0172,0.0161,0.4207,0.0,0.98,0.9451,38065.06,3.0,40.0
44,6,7,0.0,1.0,1.0,2.0,2.0,2.0,0.0,0.0,7.0,0.0,0.0,0.0,0.0,0,8.0,8.0
,0.4535,0.7083,0.0873,0.47,0.47,0.06,0.23,0.24,0.059,0.6625,0.164,0.0328,0.4404,0.03593,0.8081,17660.72,7.0,78.0
67,6,7,8.0,1.0,1.0,2.0,2.0,2.0,0.0,0.0,0.0,0.0,6.0,0.0,8.0,8,8.0,8.0
,0.3958,0.5801,0.158,0.69,,,,,1.0,0.6625,0.3723,1.0,0.0,,,33858.16,0.0,120.0
29,6,7,0.0,0.0,0.0,0.0,0.0,0.0,0.0,0.0,0.0,0.0,0.0,0.0,0.0,8,0.0,8.0
,0.3904,0.517,0.2797,0.2,0.16,0.12,0.2,0.17,1.0,0.9898,0.0259,0.001,0.0251,0.0091,0.7189,98700,4.0,28.0
30,6,0,0.0,1.0,1.0,0.0,0.0,0.0,0.0,6.0,0.0,0.0,0.0,0.0,0.0,0,8.0,8.0
,0.6037,0.627,0.1066,0.67,0.338,0.159,,,0.3962,0.9143,0.0937,0.42381,0.42381,0.0493,1.0,32261.08,6.0,136.0
50,6,7,8.0,1.0,0.0,0.0,0.0,0.0,0.0,6.0,0.0,0.0,6.0,0.0,0.0,8,0.0,8.0
,0.5917,0.391,0.1263,0.67,0.21,0.19,0.15,0.45,0.157,0.72,0.1463,0.0,0.4503,0.0238,0.943,1.88,5.0,36.0
56,0,7,8.0,0.0,1.0,2.0,2.0,2.0,0.0,0.0,0.0,6.0,6.0,6.0,8.0,0,0.0,8.0
,0.3951,0.4709,0.2962,0.54,0.27,0.19,0.2,0.34,0.188,0.7185,0.4327,0.0,0.3581,0.0144,0.9347,59919.77,1.0,41.99
75,6,7,0.0,0.0,1.0,2.0,2.0,2.0,0.0,6.0,7.0,6.0,6.0,6.0,8.0,8,8.0,0.0
,0.3882,0.3964,0.0875,0.52,0.03,0.11,0.34,0.52,0.242,0.4885,0.0581,0.3745,0.3745,0.0369,0.8637,57983.29,4.0,96.0
73,6,7,8.0,0.0,0.0,0.0,0.0,0.0,8.0,0.0,0.0,0.0,6.0,6.0,8.0,8,8.0,8.0
,0.2884,0.45,0.3547,0.25,0.14,0.21,0.15,0.14,0.229,0.9207,0.5238,0.0,0.4207,0.0175,0.8744,32022.66,5.0,211.56
54,6,7,0.0,1.0,1.0,0.0,0.0,0.0,0.0,6.0,7.0,6.0,6.0,6.0,0.0,8,0.0,0.0
,0.2495,0.2172,0.1053,0.27,0.24,0.49,0.19,0.08,0.242,0.988,0.0213,0.0,0.364,0.0192,0.94,56561.04,6.0,34.0
92,6,7,8.0,1.0,1.0,2.0,2.0,2.0,8.0,6.0,7.0,6.0,6.0,6.0,8.0,8,0.0,8.0
,0.4365,0.429,0.1219,0.49,0.29,0.07,0.15,0.49,0.242,0.981,0.0305,0.0,0.3085,0.0183,0.9423,63437.62,7.0,34.0
100,6,7,8.0,1.0,1.0,2.0,2.0,2.0,8.0,6.0,7.0,6.0,6.0,6.0,8.0,8,8.0,8.0
,0.3634,0.4444,0.102,0.39,0.36,0.19,0.06,0.39,0.242,0.989,0.0378,0.0,0.3694,0.0287,0.9098,49451.16,1.0,28.0
86,0,7,8.0,1.0,1.0,2.0,2.0,2.0,8.0,6.0,7.0,6.0,6.0,6.0,8.0,0,8.0,8.0
,0.3721,0.2105,0.1068,0.25,0.21,0.24,0.3,0.25,0.242,0.989,0.0461,0.0,0.393,0.0301,0.9671,45891.79,6.0,6.0
92,6,7,8.0,1.0,1.0,2.0,2.0,2.0,8.0,6.0,7.0,6.0,6.0,6.0,8.0,8,8.0,0.0
,0.4676,0.4229,0.1126,0.05,0.4,0.3,0.25,0.05,0.242,0.8988,0.4147,0.0,0.43,0.0135,0.8441,19276.01,6.0,72.0
100,6,7,8.0,1.0,1.0,2.0,2.0,2.0,8.0,6.0,7.0,6.0,6.0,6.0,8.0,8,8.0,8.0
,0.3496,0.4209,0.0982,0.11,0.65,0.14,0.1,0.11,0.059,0.774,0.4523,0.0198,0.4602,0.0495,0.9401,72925.28,6.0,56.0
65,6,7,8.0,1.0,1.0,2.0,2.0,2.0,0.0,0.0,0.0,0.0,6.0,6.0,8.0,0,8.0,8.0
,0.5107,0.5353,0.0826,0.38,0.3,0.1,0.22,0.38,0.242,0.9844,0.0925,0.0,0.4046,0.0393,0.8757,53002.93,7.0,102.0
100,6,7,8.0,1.0,1.0,2.0,2.0,2.0,8.0,6.0,7.0,6.0,6.0,6.0,8.0,8,8.0,8.0
,0.5698,0.6078,0.1081,0.43,0.32,0.14,0.11,0.43,0.242,0.9143,0.2987,0.0152,0.4389,0.0479,0.9138,28986.91,4.0,140.0
94,6,7,8.0,1.0,1.0,2.0,2.0,2.0,8.0,6.0,7.0,0.0,6.0,6.0,8.0,8,8.0,8.0
,0.4155972,0.3595506,0.1138986,0.77,0.23,0.08,0.29,0.4,0.728869,0.5275353,0.072697,0.0003753,0.3631693,0.0396297,0.8665377,52760.49,0.0,123.0
72,6,7,8.0,0.0,1.0,2.0,2.0,2.0,0.0,0.0,0.0,0.0,6.0,6.0,8.0,8,8.0,8.0
,0.7187,0.9189,0.0912,0.37,0.22,0.24,0.17,0.37,0.242,0.9858,0.211,0.0,0.3792,0.04947,0.914,55360.8,3.0,172.0
100,6,7,8.0,1.0,1.0,2.0,2.0,2.0,8.0,6.0,7.0,6.0,6.0,6.0,8.0,8,8.0,8.0
,0.438,0.5714,0.1034,0.23,0.31,0.15,0.28,0.26,0.242,0.9912,0.8705,0.0,0.3804,0.0497,0.9112,53568.02,0.0,148.0
86,6,7,8.0,0.0,1.0,2.0,2.0,2.0,8.0,0.0,0.0,6.0,6.0,6.0,8.0,8,8.0,8.0
,0.4467,0.4531,0.0922,0.8,0.12,0.08,0.36,0.44,0.242,0.6691,0.195,0.0167,0.3412,0.0325,0.8045,67591.79,0.0,44.0
81,6,7,8.0,1.0,1.0,2.0,2.0,2.0,8.0,0.0,0.0,0.0,6.0,6.0,8.0,8,8.0,8.0
,0.7313,0.886,0.0936,0.29,0.21,0.33,0.17,0.29,0.242,0.9143,0.0961,0.0,0.4265,0.0285,0.9601,29466.09,6.0,80.0
100,6,7,8.0,1.0,1.0,2.0,2.0,2.0,8.0,6.0,7.0,6.0,6.0,6.0,8.0,8,8.0,8.0
,0.6863,0.9016,0.0827,0.77,0.33,0.345,0.225,0.2,0.354,0.80156,,0.3739,0.3739,0.0123,0.92875,62242.12,2.0,98.29
58,6,7,8.0,0.0,1.0,0.0,0.0,0.0,0.0,0.0,0.0,0.0,6.0,6.0,8.0,8,8.0,0.0
,0.3998,0.5522,0.7156,0.88,0.006,0.47,0.54,1.0,0.482,0.6477,0.1493,0.4338,0.6451,0.9644,0.8363,26948.27,4.0,72.0
53,6,7,0.0,1.0,0.0,0.0,0.0,0.0,0.0,0.0,7.0,0.0,0.0,0.0,8.0,8,8.0,8.0
,0.7227,0.5722,0.0922,0.24,0.54,0.22,0.09,0.15,0.242,0.9858,0.0289,0.0141,0.3835,0.025,0.9073,58047.41,3.0,56.0
94,6,7,8.0,1.0,1.0,2.0,2.0,2.0,8.0,6.0,7.0,0.0,6.0,6.0,8.0,8,8.0,8.0
,0.3938,0.2941,0.119,0.48,0.1,0.08,0.34,0.48,0.242,0.4909,0.0521,0.0,0.3821,0.0348,0.8246,43060.49,3.0,72.0
87,6,7,8.0,1.0,1.0,2.0,2.0,2.0,8.0,0.0,0.0,6.0,6.0,6.0,8.0,8,8.0,8.0
,0.2493,0.4598,0.1492,0.77,0.42,0.418,0.5997,0.0,0.242,0.6625,0.0905,0.4404,0.4404,0.0195,0.94,21278.7,6.0,26.0
74,6,7,8.0,1.0,0.0,0.0,0.0,0.0,8.0,0.0,0.0,0.0,6.0,6.0,8.0,8,8.0,8.0
,0.4396,0.4479,0.177,0.57,0.11,0.44,0.79,1.0,0.531,0.6625,0.1883,0.4207,0.5793,0.0371,0.8433,21860.49,6.0,78.0
52,6,7,0.0,0.0,1.0,0.0,0.0,0.0,0.0,0.0,0.0,0.0,0.0,6.0,8.0,8,8.0,8.0
,0.3803,0.4316,0.1165,0.28,0.26,0.45,0.72,1.0,0.242,0.9254,0.1714,0.0,0.4503,0.9641,0.8117,21248.27,4.0,114.0
67,6,7,8.0,1.0,1.0,0.0,0.0,0.0,8.0,0.0,0.0,6.0,6.0,0.0,8.0,8,0.0,8.0
,0.5216,0.6124,0.081,0.19,0.15,0.19,0.4,0.26,0.242,0.9829,0.016,0.0,-0.5333,2.0733,0.9338,56955.44,0.0,0.987
61,0,7,8.0,0.0,1.0,2.0,0.0,0.0,8.0,6.0,7.0,6.0,0.0,0.0,8.0,8,0.0,0.0
,0.4966,0.4313,0.1754,0.33,0.27,0.4,0.24,0.09,0.3125,0.093,0.3207,0.0242,0.4013,0.0126,0.9211,26735.39,2.0,100.18
65,6,7,8.0,1.0,1.0,2.0,2.0,2.0,0.0,0.0,0.0,0.0,6.0,6.0,8.0,8,8.0,0.0
,0.3275,0.2177,0.9143,0.28,0.0,0.0,0.0,0.0,0.242,0.9889,0.0267,0.0,0.3516,0.0219,0.9498,55399.24,5.0,64.0
84,6,7,0.0,0.0,0.0,0.0,0.0,0.0,8.0,6.0,7.0,6.0,6.0,6.0,8.0,8,8.0,8.0
,0.2907,0.2013,0.1245,0.13,0.25,0.47,0.15,0.13,0.242,0.9207,0.0839,0.0183,0.4338,0.0258,0.9543,29748.21,3.0,67.98
86,6,7,8.0,1.0,1.0,2.0,2.0,2.0,8.0,6.0,7.0,0.0,6.0,6.0,8.0,8,8.0,0.0
,0.3864,0.2511,0.1181,0.24,0.13,0.5,0.22,0.15,0.156,0.989,0.1581,0.0,0.3694,0.9813,0.8909,53599.24,3.0,39.0
78,6,7,8.0,0.0,1.0,2.0,2.0,2.0,0.0,6.0,0.0,6.0,6.0,0.0,8.0,8,8.0,8.0
,0.5858,0.601,0.0079,0.19,0.43,0.08,0.3,0.19,0.242,0.6691,0.0831,0.0204,0.2983,0.0254,0.8249,66079.08,2.0,64.0
73,6,7,0.0,1.0,1.0,2.0,2.0,2.0,8.0,0.0,0.0,0.0,6.0,6.0,8.0,8,8.0,8.0
,0.2787,0.3832,0.1147,0.63,0.37,1.0,1.0,1.0,0.242,0.9254,0.2271,0.0,0.4175,0.0462,0.8996,31366.54,5.0,48.0
73,6,7,8.0,1.0,1.0,0.0,0.0,0.0,8.0,0.0,0.0,6.0,6.0,6.0,8.0,8,0.0,8.0
,0.676,0.5087,0.0787,0.541,0.41,0.32,0.08,0.19,0.242,0.6395,0.1653,0.4947,0.5,0.5291,0.9299,63228.48,4.0,44.0
68,6,7,8.0,0.0,1.0,2.0,2.0,2.0,8.0,0.0,0.0,0.0,0.0,0.0,8.0,8,8.0,8.0
,0.3417,0.2985,0.0915,0.53,0.32,0.15,0.3,0.23,0.242,0.013,0.0645,0.3897,0.3745,0.0353,0.8182,50083.29,2.0,114.0
82,6,7,8.0,1.0,1.0,2.0,2.0,2.0,8.0,0.0,7.0,0.0,0.0,6.0,8.0,8,8.0,8.0
,0.3531,0.4752,0.1226,1.0,0.25,0.08,0.37,0.3,0.242,0.0793,0.4256,0.0,0.4175,0.0271,0.9625,32296.21,2.0,64.0
63,6,7,8.0,0.0,0.0,0.0,0.0,0.0,8.0,0.0,0.0,6.0,6.0,6.0,8.0,0,0.0,8.0
,0.4022,0.4108,0.1324,0.13,0.3,0.36,0.21,0.13,0.242,0.0102,0.3263,0.0,0.376,0.0161,0.9403,45058.16,6.0,15.0
94,6,7,8.0,1.0,1.0,2.0,2.0,2.0,8.0,0.0,7.0,6.0,6.0,6.0,8.0,8,8.0,8.0
,0.4519,0.3858,0.1065,0.56,0.15,0.29,0.32,0.24,0.39,0.988,0.0659,0.0,0.4013,0.0344,0.8321,44747.5,7.0,81.0
84,6,7,0.0,1.0,1.0,2.0,2.0,2.0,0.0,6.0,7.0,6.0,6.0,6.0,8.0,8,8.0,8.0
,0.3997,0.513,0.1097,0.32,0.3,0.24,0.14,0.32,0.242,0.988,0.4025,0.0172,0.3752,0.0175,0.9362,53640.31,0.0,38.0
94,6,7,8.0,1.0,1.0,2.0,2.0,2.0,8.0,6.0,7.0,0.0,6.0,6.0,8.0,8,8.0,8.0
,0.4042,0.5421,0.1329,0.31,0.34,0.07,0.28,0.31,0.242,0.9622,0.543,0.0,0.3962,0.0398,0.8803,34442.99,7.0,86.78
79,6,7,8.0,1.0,1.0,2.0,2.0,2.0,8.0,0.0,0.0,6.0,6.0,6.0,8.0,8,8.0,0.0
,0.3256,0.4099,0.117,0.21,0.4,0.095,0.067,0.042,0.251,0.9836,0.3789,0.0476,0.9999,0.0141,0.9306,49000.76,5.0,27.0
53,6,7,8.0,1.0,1.0,0.0,0.0,0.0,0.0,0.0,0.0,0.0,0.0,6.0,8.0,0,8.0,8.0
,0.4744,0.5865,0.1487,0.54,0.25,0.21,0.41,0.13,0.242,0.6208,0.1224,,,,0.845,36873.17,7.0,114.0
69,6,7,8.0,1.0,1.0,2.0,2.0,2.0,8.0,0.0,0.0,0.0,0.0,0.0,8.0,8,8.0,8.0
,0.4382,0.5342,0.0277,0.47,0.0,0.0,1.0,1.0,inf,0.9264,0.0292,0.4481,0.4481,0.9554,0.0243,16566.36,5.0,84.0
41,6,7,0.0,0.0,0.0,0.0,0.0,0.0,0.0,6.0,0.0,0.0,6.0,0.0,0.0,0,8.0,8.0
,0.657142,0.256,0.0950601,0.3,0.29,0.41,0.13,0.17,0.242061,0.914285,0.117648,0.0141032,0.4432014,0.0311407,0.9666822,28966.09,2.0,46.0
94,6,7,8.0,1.0,1.0,2.0,2.0,2.0,8.0,6.0,7.0,0.0,6.0,6.0,8.0,8,8.0,8.0
,0.4832,0.3896,0.0915,0.14,0.23,0.12,0.51,0.14,0.729,0.9264,0.0736,0.4432,0.5568,0.0198,0.9304,19799.24,5.0,30.0
72,6,7,8.0,1.0,1.0,2.0,2.0,2.0,0.0,6.0,7.0,0.0,0.0,6.0,8.0,8,0.0,8.0
,0.6678,0.9434,0.108,0.13,0.46,0.2408,0.4201384,0.3887683,0.242,0.9143,0.4302,0.4238,0.4087,0.0145,0.9334,32932.25,1.0,43.0
74,6,7,8.0,1.0,1.0,0.0,0.0,0.0,8.0,6.0,7.0,0.0,0.0,6.0,8.0,8,0.0,8.0
,0.5841,0.5838,0.0926,0.2,0.58,0.13,0.09,0.2,3.504,0.9858,0.1145,0.394,0.3939,0.0431,0.8551,53399.43,6.0,45.0
78,6,7,8.0,1.0,1.0,2.0,2.0,2.0,0.0,6.0,7.0,0.0,6.0,6.0,8.0,8,0.0,8.0
,0.3384,0.2873,0.1227,0.45,0.45,0.1,0.11,0.34,0.256,0.9207,0.1025,0.0,0.4364,0.0259,0.9612,24785.83,5.0,64.0
92,6,7,8.0,1.0,1.0,2.0,2.0,2.0,0.0,6.0,7.0,6.0,6.0,6.0,8.0,8,8.0,8.0
,0.6015,0.5354,0.0879,0.15,0.34,0.11,0.4,0.15,0.242,0.8213,0.55,0.3792,0.3792,0.0334,0.9186,60061.08,2.0,160.0
67,6,7,8.0,1.0,1.0,2.0,2.0,2.0,8.0,0.0,0.0,0.0,6.0,0.0,8.0,8,0.0,8.0
,0.6539,0.8214,0.0983,0.52,0.33,0.15,0.21,0.31,0.2421,0.9143,0.2202,0.0,0.4432,0.0283,0.9073,21366.09,3.0,60.0
93,6,7,8.0,1.0,1.0,2.0,2.0,2.0,8.0,6.0,0.0,6.0,6.0,6.0,8.0,8,8.0,8.0
,0.6765,0.8287,0.0753,0.67,0.33,0.14,0.23,0.3,0.0768,0.9143,0.5996,0.0,0.4541,0.0155,0.9186,17043,0.0,28.0
85,6,7,8.0,1.0,1.0,2.0,2.0,2.0,0.0,6.0,0.0,6.0,6.0,6.0,8.0,8,8.0,8.0
,0.3095,0.096,0.1207,0.36,0.34,0.08,0.22,0.36,0.242,0.988,0.0311,0.0,0.3971,0.0255,0.9562,44010.6,6.0,94.0
92,6,7,8.0,1.0,1.0,2.0,2.0,2.0,8.0,6.0,7.0,6.0,6.0,6.0,8.0,8,0.0,8.0
,0.4867257,0.2272727,0.129066,0.48,0.4,0.12,0.26,0.22,1.396144,0.6624612,0.37226,0.0,0.3189674,0.03734585,0.818086,59672.96,2.0,24.0
71,6,7,8.0,1.0,1.0,2.0,2.0,2.0,0.0,0.0,0.0,6.0,6.0,6.0,8.0,8,0.0,8.0
,0.2897,0.3111,0.1533,0.09,0.38,0.08,0.45,0.09,0.242,0.0189,0.2063,0.0,0.3538,0.0495,0.9349,40958.65,6.0,68.0
94,6,7,8.0,1.0,1.0,2.0,2.0,2.0,8.0,0.0,7.0,6.0,6.0,6.0,8.0,8,8.0,8.0
,0.469,0.6505,0.1231,0.52,0.35,0.13,0.3,0.22,0.242,0.9811,0.1352,0.0205,0.266,0.0457,0.8979,70102.05,4.0,138.0
94,6,7,8.0,1.0,1.0,2.0,2.0,2.0,8.0,6.0,7.0,0.0,6.0,6.0,8.0,8,8.0,8.0
,0.4004,0.48046,0.10397,0.95,0.21,0.1533,0.225,0.1666,0.242,0.1019,0.02583,0.3412,0.0,0.01889,0.9361,63080.23,3.0,32.0
60,6,7,8.0,0.0,1.0,0.0,0.0,0.0,8.0,0.0,0.0,0.0,0.0,6.0,8.0,0,8.0,8.0
,0.3807,0.355,0.0877,0.26,0.61,0.13,0.11,0.15,0.242,0.907,0.1652,0.0159,0.3853,0.0156,0.8164,35737.95,6.0,108.0
82,6,7,8.0,1.0,1.0,2.0,2.0,2.0,8.0,6.0,7.0,0.0,0.0,0.0,8.0,8,8.0,8.0
,0.5931,0.4016,0.5176,0.58,0.36,0.06,0.38,0.2,0.242,0.7638,0.55,0.0,0.3341,0.0,0.9375,80844.6,2.0,120.0
59,6,7,0.0,1.0,1.0,2.0,2.0,2.0,8.0,0.0,0.0,6.0,0.0,0.0,8.0,0,8.0,8.0
,0.3611,0.6893,0.1098,0.5,,0.73,0.82,1.0,0.3125,0.9207,0.4366,0.0,0.4207,0.014,0.9369,34822.46,5.0,36.0
84,6,7,8.0,0.0,0.0,0.0,0.0,0.0,0.0,6.0,7.0,6.0,6.0,6.0,8.0,8,8.0,8.0
,0.4633,0.6364,0.1454,0.53,0.25,0.22,0.32,0.21,0.242,0.7185,0.1613,0.0216,0.3403,0.0166,0.9408,47617.26,3.0,37.0
94,6,7,8.0,1.0,1.0,2.0,2.0,2.0,8.0,6.0,7.0,0.0,6.0,6.0,8.0,8,8.0,8.0
,0.4256,0.3322,0.0294,0.77,0.23,0.26,0.41,0.1,0.242,0.9264,0.0736,1e-10,0.4481,0.0207,0.9353,16960.85,6.0,60.0
86,6,7,0.0,1.0,1.0,2.0,2.0,2.0,8.0,6.0,7.0,0.0,6.0,6.0,8.0,8,8.0,8.0
,0.46,0.608,0.1284,0.09,0.27,0.35,0.29,0.09,0.242,0.9898,0.198,0.0,0.3568,0.0103,0.9299,52031,4.0,140.0
85,6,7,8.0,1.0,1.0,2.0,2.0,2.0,8.0,6.0,0.0,6.0,6.0,6.0,8.0,0,8.0,8.0
,0.1954,0.1311,0.0789,0.35,0.51,0.14,0.18,0.17,0.242,0.7185,0.4327,0.0165,0.4503,0.0107,0.9552,80914.55,3.0,120.0
94,6,7,8.0,1.0,1.0,2.0,2.0,2.0,8.0,6.0,7.0,0.0,6.0,6.0,8.0,8,8.0,8.0
,0.4355,0.2362,0.119,0.18,0.26,0.35,0.21,0.18,0.195,0.989,0.2142,0.0,0.3875,0.0103,0.9169,43321.5,6.0,112.0
84,6,7,8.0,1.0,1.0,2.0,2.0,2.0,0.0,6.0,7.0,6.0,6.0,6.0,8.0,8,0.0,8.0
,0.4403,0.4912,0.0853,0.76,0.09,0.15,0.34,0.42,0.242,0.9825,0.0376,0.4047,,0.0429,0.8824,46720.44,0.0,63.0
75,6,7,8.0,1.0,1.0,2.0,2.0,2.0,8.0,0.0,0.0,0.0,0.0,6.0,8.0,8,8.0,8.0
,0.3635,0.2217,0.1487,0.42,0.22,0.36,0.3,0.12,0.0,0.9828,0.0492,0.0,0.3538,0.034,0.8441,41855.45,1.0,84.0
92,6,7,8.0,1.0,1.0,2.0,2.0,2.0,0.0,6.0,7.0,6.0,6.0,6.0,8.0,8,8.0,8.0
,0.6695,0.3356,0.076,0.58,0.15,0.27,0.18,0.4,0.059,0.6996,0.0746,0.0,0.4715,0.0183,0.925,76273.32,7.0,30.0
92,6,7,8.0,1.0,1.0,2.0,2.0,2.0,0.0,6.0,7.0,6.0,6.0,6.0,8.0,8,8.0,8.0
,0.6445,0.6879,0.08441,0.35,0.31,0.34,0.27,0.08,0.242,0.1785,0.1613,0.0,0.4693,0.026,0.9052,76985.83,2.0,38.31
86,6,7,8.0,1.0,1.0,2.0,2.0,2.0,8.0,0.0,7.0,6.0,6.0,6.0,8.0,8,8.0,0.0
,0.646,0.8692,0.0999,0.41,0.26,0.19,0.14,0.41,0.2421,0.9858,0.1399,0.0,0.4087,0.04603,0.88199,39787,7.0,102.0
92,6,7,8.0,1.0,1.0,2.0,2.0,2.0,8.0,6.0,7.0,6.0,6.0,6.0,8.0,8,0.0,8.0
,0.566,0.381,0.1632,0.56,0.18,0.26,0.37,0.19,0.242,0.8683,0.4491,0.0,0.4013,0.0422,0.876,26672.97,5.0,93.01
87,6,7,8.0,1.0,1.0,2.0,2.0,2.0,8.0,0.0,0.0,6.0,6.0,6.0,8.0,8,8.0,8.0
,0.4911,0.5338,0.154,0.2,0.13,0.22,0.45,0.2,0.242,0.8988,0.1022,0.0242,0.4013,0.0304,0.9334,27260.13,7.0,71.55
70,6,7,8.0,1.0,1.0,2.0,2.0,2.0,8.0,6.0,7.0,0.0,6.0,6.0,0.0,8,0.0,0.0
,0.4605,0.5955,0.1245,0.45,0.24,0.31,0.27,0.18,0.242,0.9313,0.1347,0.0,0.4013,0.0322,0.8367,34254.32,6.0,80.0
100,6,7,8.0,1.0,1.0,2.0,2.0,2.0,8.0,6.0,7.0,6.0,6.0,6.0,8.0,8,8.0,8.0
,0.4618,0.6466,0.1389,0.12,0.36,0.3,0.22,0.12,0.242,0.9313,0.4281,0.4013,0.2426,0.0174,0.9068,29021.3,0.0,38.0
73,6,7,8.0,1.0,1.0,2.0,2.0,2.0,8.0,6.0,0.0,0.0,0.0,6.0,8.0,0,8.0,8.0
,0.3848,0.4183,0.0904,0.59,0.28,0.13,0.34,0.25,0.259,0.9828,0.3193,0.0018,0.4875,0.4422,0.9356,41434.94,3.0,33.0
74,6,7,8.0,1.0,1.0,2.0,2.0,2.0,0.0,6.0,7.0,0.0,0.0,0.0,8.0,8,8.0,8.0
,0.7921,0.8507,0.0909,0.47,0.09,0.15,0.13,0.17,0.242,0.9858,0.0522,0.0,0.4087,0.0327,0.8155,45428.48,2.0,19.9
86,6,7,8.0,1.0,1.0,0.0,0.0,0.0,8.0,6.0,7.0,6.0,6.0,6.0,8.0,8,8.0,0.0
,0.3667,0.3439,0.1107,0.55,0.08,0.14,0.23,0.55,0.242,0.8852,0.735,0.0,0.2881,0.0166,0.8764,74137.6,2.0,44.0
76,6,7,8.0,0.0,1.0,2.0,0.0,0.0,8.0,0.0,0.0,6.0,0.0,6.0,8.0,8,8.0,8.0
,0.329,0.2333,0.1214,0.59,0.41,0.16,0.09,0.34,0.242,0.9671,0.4659,0.0,0.414,0.0458,0.8774,31533.64,7.0,105.0
87,6,7,8.0,1.0,1.0,2.0,2.0,2.0,8.0,0.0,0.0,6.0,6.0,6.0,8.0,8,8.0,8.0
,0.6765,0.3269,0.0963,0.76,0.11,0.13,0.47,0.29,0.242,0.9858,0.0289,0.0,0.3694,0.0164,0.8786,56304.63,1.0,80.0
80,6,7,8.0,1.0,1.0,2.0,2.0,2.0,8.0,6.0,7.0,6.0,0.0,0.0,8.0,8,0.0,8.0
,0.4819,0.6777,0.1031,0.28,0.23,0.2,0.29,0.28,0.0586,0.907,0.0703,0.0,0.3949,0.0231,0.9454,21441.32,6.0,76.0
92,6,7,8.0,1.0,1.0,2.0,2.0,2.0,0.0,6.0,7.0,6.0,6.0,6.0,8.0,8,8.0,8.0
,0.5744,0.7188,0.1105,0.64,,,,,12.3,0.9143,0.2987,0.5611,,0.0468,0.8988,23815.88,7.0,17.69
56,6,7,8.0,0.0,0.0,0.0,0.0,0.0,0.0,6.0,7.0,0.0,0.0,6.0,8.0,8,0.0,0.0
,0.335,0.1854,0.1497,,,,,,0.259,,,0.3962,0.3962,0.0431,0.9023,32767.85,2.0,135.0
49,6,7,0.0,0.0,0.0,0.0,0.0,0.0,0.0,0.0,0.0,0.0,6.0,6.0,0.0,8,8.0,8.0
,0.4502,0.5777,0.0698,0.29,0.25,0.08,0.38,0.29,0.242,0.88,0.4163,0.0,0.3821,0.013,0.9293,68534.94,2.0,160.0
71,6,7,0.0,1.0,1.0,2.0,2.0,2.0,8.0,0.0,0.0,6.0,6.0,6.0,8.0,8,0.0,8.0
,0.4078,0.5536,0.1287,0.25,0.45,0.3,0.14,0.11,0.242,0.9898,0.1756,0.0,0.3761,0.0466,0.8678,42667.95,0.0,114.0
100,6,7,8.0,1.0,1.0,2.0,2.0,2.0,8.0,6.0,7.0,6.0,6.0,6.0,8.0,8,8.0,8.0
,0.2671,0.2425,0.1164,0.17,0.19,0.37,0.27,0.17,0.259,0.9446,0.1918,0.0,0.4364,0.0434,0.8899,22182.99,5.0,60.0
79,6,7,8.0,1.0,1.0,2.0,2.0,2.0,0.0,0.0,0.0,6.0,6.0,6.0,8.0,8,8.0,8.0
,0.4583,0.193,0.1239,0.44,0.39,0.17,0.07,0.37,0.242,0.9264,0.6682,0.0,0.4059,0.0379,0.8147,33178.23,6.0,120.0
93,6,7,8.0,1.0,1.0,2.0,2.0,2.0,8.0,6.0,0.0,6.0,6.0,6.0,8.0,8,8.0,8.0
