Total,5762203.0,,5762254.0,5762258.0,,,,,5762334.0,5762392.0,,5762575.0,,,5762704,5762706.0,5762128.0,5763121.0
,6.0,7.0,8.0,1.0,1.0,2.0,2.0,2,8.0,6.0,7.0,6.0,6.0,6.0,8,8.0,8.0,8.0
,,,,,,,,,,,,,,,,,,
,0.7511,0.7763,0.0856,0.34,0.35,0.31,0.3,0.04,0.242,0.9858,0.1145,0.0,0.3843,0.0433,"56,303.45",1.0,84.0,1.0
86,6.0,7.0,8.0,1.0,1.0,2.0,2.0,2,8.0,6.0,7.0,6.0,0.0,6.0,8,8.0,8.0,0.0
,0.4245,0.4478,0.1621,0.33,0.43,0.24,0.06,0.27,0.242,0.8988,0.2335,0.0,0.3776,0.0454,29502.05,1.0,141.0,2.0
100,6.0,7.0,8.0,1.0,1.0,2.0,2.0,2,8.0,6.0,7.0,6.0,6.0,6.0,8,8.0,8.0,8.0
,0.3524,0.4141,0.1195,0.34,0.41,0.07,0.27,0,0.395,0.9264,0.2611,0.0,0.431,0.0454,28125.02,3.0,96.0,4.0
69,6.0,7.0,8.0,0.0,1.0,0.0,0.0,0,0.0,6.0,7.0,6.0,6.0,6.0,0,8.0,8.0,0.0
,0.3253,0.3471,0.0888,0.33,0.37,0.1,0.2,0.33,0.242,0.9313,0.3753,0.0,0.3538,0.0401,64747.5,1.0,96.0,5.0
92,6.0,7.0,8.0,1.0,1.0,2.0,2.0,2,8.0,6.0,7.0,6.0,6.0,6.0,8,8.0,8.0,0.0
,0.4361,0.3918,0.0091,0.64,0.15,0.21,0.51,0.13,0.242,0.987,0.0534,0.0,0.3516,0.0473,60800.85,5.0,40.0,3.0
91,6.0,7.0,0.0,0.0,1.0,2.0,2.0,2,8.0,6.0,7.0,6.0,6.0,6.0,8,8.0,8.0,8.0
,0.5604,0.6293,0.107,0.19,0.31,0.5,0.07,0.12,0.242,0.91,0.256,0.0,0.4432,0.0127,26142.34,5.0,108.0,5.0
79,6.0,7.0,8.0,1.0,1.0,2.0,2.0,2,8.0,0.0,0.0,6.0,6.0,6.0,8,8.0,8.0,0.0
,0.7985,0.95,0.0496,,,,,,1.263,0.5863,0.2311,0.44111,0.4265,0.0489,482102,1.0,160.0,2.0
35,6.0,7.0,0.0,0.0,0.0,0.0,0.0,0,0.0,0.0,0.0,0.0,0.0,6.0,0,8.0,8.0,0.0
,0.3435,0.4398,0.0905,0.61,0.28,0.11,0.31,0.3,0.059,0.987,0.0428,0.0153,0.3897,0.0338,50383.04,4.0,93.0,4.0
79,6.0,7.0,8.0,1.0,1.0,2.0,2.0,2,0.0,6.0,0.0,0.0,6.0,6.0,8,8.0,8.0,8.0
,0.3814,0.1525,0.097,0.61,0.28,0.11,0.31,0.3,0.242,0.9026,0.2043,0.0,0.3949,0.0465,"24,985.70",5.0,144.0,0.0
71,6.0,7.0,8.0,1.0,1.0,2.0,2.0,2,8.0,0.0,0.0,6.0,6.0,6.0,8,8.0,0.0,0.0
,0.2904,0.2905,0.0818,0.68,0.32,0.31,0.18,0.19,0.242,0.7184,0.3016,0.0,0.4668,0.0446,75666.65,0.0,89.31,4.0
92,6.0,7.0,8.0,1.0,1.0,2.0,2.0,2,8.0,6.0,7.0,6.0,6.0,6.0,8,8.0,8.0,0.0
,0.5199,0.5917,0.0849,0.57,0.07,0.36,0.3,0.27,0.242,0.9828,0.0741,0.0,0.4207,0.0367,40537.95,5.0,72.0,1.0
100,6.0,7.0,8.0,1.0,1.0,2.0,2.0,2,8.0,6.0,7.0,6.0,6.0,6.0,8,8.0,8.0,8.0
,0.363,0.3968,0.11,0.41,0.15,0.24,0.2,0.41,0.242,0.9875,0.0518,0.0,0.3179,0.0408,62143.21,0.0,132.0,0.0
93,6.0,7.0,8.0,1.0,1.0,2.0,2.0,2,8.0,6.0,0.0,6.0,6.0,6.0,8,8.0,8.0,8.0
,0.3296,0.4523,0.099,0.28,0.19,0.27,0.26,0.28,0.242,0.987,0.3235,0.0152,0.3745,0.0157,55602.12,6.0,32.0,3.0
93,6.0,7.0,8.0,0.0,1.0,2.0,2.0,2,8.0,6.0,7.0,0.0,6.0,6.0,8,8.0,8.0,8.0
,0.3828,0.6052,0.0246,0.71,0.25,0.26,0.195,0.05,0.242,0.987,0.3235,0.4052,0.4052,0.0142,43022.46,4.0,25.04,4.0
73,6.0,7.0,0.0,0.0,1.0,2.0,0.0,0,8.0,6.0,7.0,0.0,6.0,6.0,8,8.0,0.0,8.0
,0.5504,0.5963,0.0965,0.56,0.12,0.32,0.4,0.16,0.242,0.907,0.2418,0.0,0.4451,0.0442,27852.8,2.0,99.0,3.0
100,6.0,7.0,8.0,1.0,1.0,2.0,2.0,2,8.0,6.0,7.0,6.0,6.0,6.0,8,8.0,8.0,8.0
,0.3481,0.3884,0.1088,0.0,0.42,0.12,0.39,0.07,0.2421,0.989,0.0666,0.0184,0.3446,0.0348,55860.72,2.0,78.0,4.0
86,6.0,7.0,8.0,1.0,1.0,2.0,2.0,2,8.0,6.0,7.0,0.0,6.0,6.0,8,0.0,8.0,8.0
,0.4073,0.4818,0.1455,0.37,0.24,0.08,0.31,0.37,0.242,0.9313,0.4472,0.0,0.4166,0.0135,25058.16,4.0,196.0,1.0
92,6.0,7.0,8.0,1.0,1.0,2.0,2.0,2,8.0,6.0,7.0,6.0,6.0,6.0,0,8.0,8.0,8.0
,0.4052,0.4189,0.0264,1.0,,,,,0.242,0.9811,0.1352,,,,39718.6,5.0,72.0,0.0
58,6.0,7.0,0.0,0.0,0.0,0.0,0.0,0,8.0,6.0,7.0,0.0,0.0,0.0,8,8.0,8.0,0.0
,0.609,0.473,0.0581,0.44,0.48,0.08,0.37,0.07,0.39,0.907,0.0889,0.0,0.4602,0.0274,19922.52,5.0,80.0,1.0
76,6.0,7.0,0.0,1.0,1.0,2.0,2.0,2,0.0,6.0,7.0,6.0,6.0,6.0,8,0.0,8.0,8.0
,0.3635,0.2217,0.1487,0.42,0.22,0.36,0.3,0.12,,0.9828,0.0492,0.0018,0.4907,0.4546,41855.66,1.0,94.65,3.0
66,6.0,7.0,8.0,1.0,1.0,2.0,2.0,2,0.0,6.0,7.0,0.0,0.0,0.0,8,8.0,0.0,8.0
,0.3998,0.306,0.0724,,,,,,0.242,0.9143,0.0615,,,,66869.3,7.0,120.06,1.0
74,6.0,7.0,8.0,0.0,0.0,0.0,0.0,0,8.0,6.0,7.0,0.0,0.0,0.0,8,8.0,8.0,8.0
,0.4912,0.2727,0.095,0.57,0.15,0.28,0.32,0.25,0.242,0.7348,0.1776,0.0,0.3085,0.029,70654.17,4.0,64.0,5.0
100,6.0,7.0,8.0,1.0,1.0,2.0,2.0,2,8.0,6.0,7.0,6.0,6.0,6.0,8,8.0,8.0,8.0
,0.4363,0.1798,0.0967,0.0,0.39,0.41,0.12,0.08,0.242,0.9026,0.1486,0.0,0.3477,0.0467,64033.75,2.0,66.0,3.0
79,6.0,7.0,8.0,1.0,1.0,2.0,2.0,2,8.0,0.0,0.0,6.0,6.0,6.0,8,0.0,8.0,8.0
,0.3608,0.4334,0.0801,0.07,0.11,0.42,0.4,0.07,0.242,0.9207,0.0679,0.0,0.4502,0.243,20381.58,3.0,34.0,3.0
94,6.0,7.0,8.0,1.0,1.0,2.0,2.0,2,8.0,6.0,7.0,6.0,6.0,0.0,8,8.0,8.0,8.0
,0.5086,0.5618,0.1448,0.38,0.17,0.31,0.14,0.38,0.242,0.9313,0.5344,0.0,0.4207,0.017,24978.7,2.0,38.0,4.0
100,6.0,7.0,8.0,1.0,1.0,2.0,2.0,2,8.0,6.0,7.0,6.0,6.0,6.0,8,8.0,8.0,8.0
,0.4095,0.1103,0.1017,0.38,0.07,0.24,0.31,0.38,0.242,0.988,0.0793,0.0,0.3804,0.469,49230.53,2.0,84.0,3.0
87,6.0,0.0,8.0,1.0,1.0,2.0,2.0,2,8.0,6.0,7.0,6.0,6.0,0.0,8,8.0,8.0,8.0
,0.7183,0.6926,0.3911,8.92,0.12,0.17,0.1825,0.1667,0.242,0.9844,0.955,0.0071,0.4959,0.4703,37303,3.0,31.3,1.0
36,6.0,7.0,0.0,0.0,1.0,0.0,0.0,0,8.0,6.0,0.0,0.0,0.0,0.0,0,8.0,0.0,0.0
,0.4742,0.4643,,0.42,0.37,0.21,0.33,0.09,,,0.0275,0.0,0.4047,0.0241,"51,803.84",2.0,84.0,
70,6.0,7.0,0.0,1.0,1.0,2.0,2.0,2,0.0,0.0,7.0,6.0,6.0,6.0,8,8.0,8.0,0.0
,0.5904,0.5868,0.1328,0.28,0.22,0.24,0.26,0.28,0.242,0.9811,0.0305,0.0,0.3401,0.0276,49560.27,0.0,80.0,0.0
92,6.0,7.0,8.0,1.0,1.0,2.0,2.0,2,8.0,6.0,7.0,6.0,6.0,6.0,8,8.0,8.0,0.0
,,,,,,,,,,,,,,,,,,
0,0.0,0.0,0.0,0.0,0.0,0.0,0.0,0,0.0,0.0,0.0,0.0,0.0,0.0,0,0.0,0.0,0.0
,0.3958,0.4671,0.1256,0.24,0.22,0.2,0.34,0.24,0.531,0.9898,0.0192,0.0,0.3563,0.0067,52958.34,5.0,25.0,3.0
86,6.0,7.0,8.0,1.0,1.0,2.0,2.0,2,0.0,6.0,7.0,6.0,6.0,0.0,8,8.0,8.0,8.0
,0.3706,0.3291,0.1494,0.78,0.22,0.3,0.13,0.35,0.242,0.9757,0.9216,0.0,0.4121,0.0396,26525,1.0,114.02,1.0
79,6.0,7.0,8.0,1.0,1.0,2.0,2.0,2,8.0,0.0,0.0,6.0,6.0,6.0,8,8.0,8.0,0.0
,0.6278,0.5497,0.1053,0.17,0.47,0.36,0.08,0.09,0.242,0.9143,0.1176,0.0,0.4388,0.0319,22704.8,5.0,64.0,3.0
92,6.0,7.0,8.0,1.0,1.0,2.0,2.0,2,8.0,6.0,7.0,6.0,6.0,6.0,8,8.0,8.0,0.0
,0.5322,0.4795,0.3137,0.36,0.07,0.39,0.39,0.15,5.837,0.9264,0.1081,0.5083,0.4959,0.465,31191.94,0.0,88.0,0.0
53,6.0,7.0,0.0,1.0,0.0,0.0,2.0,0,0.0,6.0,7.0,0.0,0.0,0.0,8,8.0,8.0,0.0
,0.7239,0.8919,0.103,0.19,0.37,0.27,0.17,0.19,0.242,0.9207,0.1025,0.0,0.4389,0.0287,29004.64,3.0,66.0,4.0
100,6.0,7.0,8.0,1.0,1.0,2.0,2.0,2,8.0,6.0,7.0,6.0,6.0,6.0,8,8.0,8.0,8.0
,0.5872,0.4945,0.0836,0.28,0.76,0.4,0.28,0,0.059,0.7185,0.1253,0.3646,0.3645,0.0116,67861.08,3.0,61.33,3.0
57,6.0,7.0,8.0,1.0,0.0,0.0,0.0,0,0.0,6.0,7.0,0.0,6.0,0.0,8,8.0,0.0,0.0
,0.5527,0.4957,0.0904,0.1,0.19,0.48,0.23,0.1,0.2421,0.9828,0.2081,0.3683,0.3446,0.0113,39812.13,4.0,128.0,2.0
94,6.0,7.0,8.0,1.0,1.0,2.0,2.0,2,8.0,6.0,7.0,0.0,6.0,6.0,8,8.0,8.0,8.0
,0.1518,0.6229,,0.71,0.29,0.25,0.34,0.12,0.242,0.9898,0.0469,0.0216,0.3403,0.0119,46281.68,,68.0,5.0
64,0.0,7.0,0.0,1.0,1.0,2.0,2.0,2,8.0,6.0,7.0,0.0,6.0,6.0,8,0.0,8.0,0.0
,0.4542,0.3851,0.0396,0.55,0.21,0.24,0.43,0.12,0.242,0.8988,0.2832,0.407,0.407,0.04625,25818.5,2.0,120.0,4.0
85,6.0,7.0,0.0,0.0,1.0,2.0,2.0,2,8.0,6.0,7.0,0.0,6.0,6.0,8,8.0,8.0,8.0
,0.4451,0.5168,0.1238,0.4,0.26,0.34,0.32,0.08,0.242,0.9143,0.0775,0.0,0.3487,0.0342,52907.97,3.0,123.0,4.0
100,6.0,7.0,8.0,1.0,1.0,2.0,2.0,2,8.0,6.0,7.0,6.0,6.0,6.0,8,8.0,8.0,8.0
,0.4165,0.4894,0.1262,0.31,0.27,0.42,0.16,0.15,0.242,0.6554,0.1569,0.018,0.4458,0.0335,20895.5077,3.0,60.0,3.0
81,6.0,7.0,8.0,1.0,1.0,2.0,2.0,2,8.0,0.0,0.0,0.0,6.0,6.0,8,8.0,8.0,8.0
,0.5519,0.5588,0.1537,0.38,0.36,0.26,0.18,0.2,0.242,0.9357,0.3796,0.0,0.3843,0.0125,35781.88,7.0,132.0,0.0
100,6.0,7.0,8.0,1.0,1.0,2.0,2.0,2,8.0,6.0,7.0,6.0,6.0,6.0,8,8.0,8.0,8.0
,0.519,0.3846,0.789,0.13,0.16,0.34,0.37,0.13,0.242,0.9828,0.0492,0.0,0.3085,0.016,62817.26,1.0,8.0,0.0
92,6.0,7.0,0.0,1.0,1.0,2.0,2.0,2,8.0,6.0,7.0,6.0,6.0,6.0,8,8.0,8.0,8.0
,0.4317,0.4945,0.0993,0.3825,0.23,0.26,0.1825,0.2,,0.1657,0.1033,,,,15339805.83,6.0,57.0,5.0
30,6.0,7.0,0.0,0.0,1.0,0.0,0.0,0,0.0,0.0,0.0,0.0,0.0,0.0,0,0.0,8.0,8.0
,0.379,0.3519,0.9501,0.54,0.35,0.1225,0.0778,0.04,0.242,0.989,0.032,0.5054,0.5063,0.4626,38772.98,6.0,9.64,0.0
59,6.0,7.0,0.0,0.0,1.0,0.0,0.0,0,8.0,6.0,7.0,0.0,0.0,0.0,8,8.0,0.0,8.0
,0.5527,0.4957,0.0904,0.1,0.19,0.48,0.23,0.1,0.242,0.9828,0.2081,,,,"39,812.13",4.0,128.0,2.0
82,6.0,7.0,8.0,1.0,1.0,2.0,2.0,2,8.0,6.0,7.0,0.0,0.0,0.0,8,8.0,8.0,8.0
,0.2582,0.1502,,,,,,,0.242,0.9594,0.1256,0.3538,,0.0166,64981.58,7.0,26.83,2.0
35,6.0,7.0,0.0,0.0,0.0,0.0,0.0,0,8.0,0.0,0.0,0.0,0.0,6.0,8,0.0,0.0,0.0
,0.4544,0.6188,0.1278,0.46,0.32,0.22,0.11,0.35,0.444,0.6477,0.2011,0.021,0.319,0.0486,61981.92,0.0,128.0,0.0
65,6.0,7.0,8.0,1.0,1.0,2.0,2.0,2,0.0,0.0,0.0,0.0,6.0,6.0,8,8.0,8.0,0.0
,0.8441,0.5602,0.0996,,,,,,0.242,0.9825,0.0142,0.0,0.4152,0.0207,42173.29,3.0,69.82,5.0
71,6.0,7.0,8.0,0.0,0.0,0.0,0.0,0,8.0,0.0,0.0,6.0,6.0,6.0,8,0.0,8.0,8.0
,0.6293,0.6422,0.132,0.36,0.07,0.34,0.23,0.36,0.242,0.9143,0.3583,0.0,0.3284,0.0243,60397.75,7.0,40.0,1.0
100,6.0,7.0,8.0,1.0,1.0,2.0,2.0,2,8.0,6.0,7.0,6.0,6.0,6.0,8,8.0,8.0,8.0
,0.2673,0.3362,0.089,0.29,0.44,0.135,0.06,0.17,0.242,0.9207,0.1789,0.0155,0.3538,0.011,67014.6,3.0,104.0,4.0
89,6.0,7.0,8.0,0.0,1.0,0.0,0.0,2,8.0,6.0,7.0,0.0,6.0,6.0,8,8.0,8.0,8.0
,0.6885,0.6234,0.0789,0.41,0.41,0.18,0.27,0.14,0.242,0.7185,0.1613,0.0,0.3739,0.0419,62185,5.0,132.0,5.0
100,6.0,7.0,8.0,1.0,1.0,2.0,2.0,2,8.0,6.0,7.0,6.0,6.0,6.0,8,8.0,8.0,8.0
,0.5365,0.3649,,0.3,0.33,0.24,0.13,0.3,0.242,,,0.0231,0.2969,0.0478,,7.0,160.0,2.0
49,6.0,7.0,0.0,1.0,1.0,2.0,2.0,2,8.0,0.0,0.0,0.0,6.0,6.0,0,0.0,8.0,0.0
,0.6359,0.7544,0.0789,0.7,0.24,0.06,0.23,0.47,0.242,0.9875,0.0486,0.0,0.3695,0.0432,66803.45,2.0,119.92,2.0
77,6.0,7.0,8.0,1.0,1.0,2.0,2.0,2,8.0,6.0,0.0,6.0,6.0,6.0,8,0.0,8.0,0.0
,0.4295,0.6397,0.1425,0.75,0.09,0.16,0.37,0.38,0.242,0.9811,0.1097,0.0,0.4917,0.4596,42690.47,5.0,69.0,1.0
80,6.0,7.0,8.0,1.0,1.0,2.0,2.0,2,8.0,6.0,7.0,6.0,0.0,0.0,8,0.0,8.0,8.0
,0.453,0.0917,0.1328,1.78,,,,,0.242,0.0736,0.0597,1.0,,0.0152,60696.55,5.0,56.0,1.0
59,6.0,0.0,8.0,0.0,0.0,0.0,0.0,0,8.0,0.0,7.0,0.0,0.0,6.0,8,0.0,8.0,8.0
,0.4007,0.4429,0.0668,0.65,0.35,0.3,0.27,0.08,0.242,0.7,0.2827,0.0,0.3694,0.0412,73538.15,0.0,119.8,5.0
100,6.0,7.0,8.0,1.0,1.0,2.0,2.0,2,8.0,6.0,7.0,6.0,6.0,6.0,8,8.0,8.0,8.0
,0.5133,0.4212,0.1599,0.2,0.22,0.12,0.46,0.2,0.242,0.9811,0.2556,0.0,0.3403,0.02,49496.72,2.0,35.78,4.0
84,6.0,7.0,0.0,1.0,1.0,2.0,2.0,2,8.0,6.0,7.0,6.0,6.0,6.0,8,8.0,0.0,8.0
,0.5424,0.7078,0.0792,0.44,0.21,0.35,0.31,0.13,0.65,0.9828,0.034,0.0246,0.3446,0.031,42441.46,3.0,80.0,3.0
79,6.0,7.0,8.0,1.0,1.0,2.0,2.0,2,0.0,6.0,0.0,0.0,6.0,6.0,8,8.0,8.0,8.0
,0.4099,0.435,0.1061,0.23,0.09,0.42,0.26,0.23,0.242,0.987,0.0364,0.0,0.3897,0.0269,47885.83,6.0,62.0,3.0
100,6.0,7.0,8.0,1.0,1.0,2.0,2.0,2,8.0,6.0,7.0,6.0,6.0,6.0,8,8.0,8.0,8.0
,0.8529,0.8404,0.0879,0.69,0.09,0.22,0.27,0.42,0.242,0.9813,0.376,0.0145,0.3646,0.193,65343,1.0,40.0,0.0
75,6.0,7.0,8.0,1.0,1.0,2.0,2.0,2,8.0,0.0,0.0,0.0,6.0,0.0,8,8.0,8.0,8.0
,0.436,0.6194,0.1142,0.26,0.21,0.13,0.4,0.26,0.242,0.9264,0.1297,0.5899,0.4101,0.0388,30710.75,2.0,14.55,0.0
72,6.0,7.0,8.0,1.0,1.0,2.0,2.0,2,8.0,6.0,7.0,0.0,6.0,0.0,8,8.0,0.0,0.0
,0.5241,0.4451,0.3267,0.86,0.14,0.22,0.49,0.15,1.0,0.9844,0.2096,0.5952,0.5952,0.0486,46072,0.0,85.87,2.0
42,6.0,7.0,0.0,1.0,1.0,2.0,2.0,2,0.0,6.0,7.0,0.0,0.0,0.0,0,0.0,0.0,8.0
,0.2898,0.3189,0.266,0.12,0.08,0.17,0.63,0.12,0.242,0.9898,0.02752,0.4914,0.4914,0.4554,51337.62,6.0,44.0,1.0
66,6.0,7.0,0.0,1.0,1.0,2.0,2.0,2,8.0,6.0,7.0,0.0,0.0,0.0,8,0.0,8.0,8.0
,0.3196,0.375,0.1013,0.64,0.21,0.15,0.51,0.13,0.242,0.987,0.3235,0.3897,0.3897,0.0146,51102.12,1.0,36.0,4.0
86,6.0,7.0,8.0,1.0,1.0,2.0,2.0,2,8.0,6.0,7.0,0.0,6.0,6.0,8,8.0,8.0,0.0
,0.1542,0.0368,0.0747,0.65,0.29,0.06,0.42,0.23,0.242,0.9264,0.1297,0.0,0.4481,0.0308,17629.56,7.0,60.0,2.0
92,6.0,7.0,8.0,1.0,1.0,2.0,2.0,2,8.0,6.0,7.0,6.0,6.0,6.0,8,8.0,8.0,0.0
,0.8277,0.819,0.0717,0.16,0.42,0.19,0.23,0.16,0.242,0.6996,0.1831,0.0138,0.3556,0.0345,73967.92,3.0,78.0,4.0
86,6.0,7.0,8.0,1.0,1.0,2.0,2.0,2,8.0,6.0,7.0,0.0,6.0,6.0,8,8.0,8.0,0.0
,,,,,,,,,,,,,,,,,,
0,0.0,0.0,0.0,0.0,0.0,0.0,0.0,0,0.0,0.0,0.0,0.0,0.0,0.0,0,0.0,0.0,0.0
,0.5156,0.4385,0.1069,0.21,0.48,0.17,0.14,0.21,0.242,0.9313,0.1895,0.0196,0.3085,0.3358,67997.89,5.0,28.0,2.0
88,6.0,7.0,8.0,1.0,1.0,2.0,2.0,2,8.0,6.0,7.0,0.0,6.0,0.0,8,8.0,8.0,8.0
,0.4143,0.3621,0.1213,13.47,0.49,0.2,0.19,0.12,0.242,0.6778,0.0846,0.0,0.4256,0.0228,79576.01,1.0,84.0,3.0
99,6.0,7.0,8.0,0.0,1.0,2.0,2.0,2,8.0,6.0,7.0,6.0,6.0,6.0,8,8.0,8.0,8.0
,0.3274,0.1832,0.1109,0.0,0.39,0.38,0.09,0.14,0.242,0.988,0.1167,0.0,0.3971,0.0414,37930.52,6.0,84.0,4.0
84,6.0,7.0,8.0,1.0,1.0,2.0,2.0,2,8.0,6.0,7.0,6.0,6.0,6.0,8,0.0,8.0,0.0
,0.4023,0.4604,0.123,0.68,0.32,0.27,0.21,0.2,0.242,0.6625,0.1425,0.3948,0.2133,0.028,31064.64,1.0,64.0,1.0
36,6.0,7.0,0.0,0.0,1.0,2.0,2.0,2,8.0,0.0,0.0,0.0,0.0,0.0,0,0.0,8.0,0.0
,0.4473,0.4928,0.8071,0.33,0.27,0.24,0.16,0.33,0.242,0.8208,,0.0,0.0007,0.0,70108.07,5.0,86.66,5.0
35,6.0,7.0,0.0,1.0,1.0,2.0,2.0,2,8.0,0.0,0.0,6.0,0.0,0.0,0,0.0,0.0,0.0
,0.6017,0.4167,0.114,2.23,0.17,0.24,0.32,0.27,0.242,0.9143,0.1176,0.4573,0.5427,0.0297,1076.32,4.0,60.0,3.0
49,6.0,0.0,0.0,0.0,0.0,0.0,0.0,0,8.0,6.0,7.0,0.0,0.0,6.0,0,0.0,8.0,8.0
,0.4385,0.3837,0.1296,0.43,0.29,0.2,0.08,0.43,0.242,0.9313,0.1347,0.0,0.4013,0.0325,33135.51,4.0,48.0,0.0
100,6.0,7.0,8.0,1.0,1.0,2.0,2.0,2,8.0,6.0,7.0,6.0,6.0,6.0,8,8.0,8.0,8.0
,0.6384,0.3565,0.1026,0.76,0.24,0.23,0.1,0.43,,0.9143,0.2987,0.0,0.3478,0.0233,65329.4,7.0,52.0,2.0
70,0.0,7.0,8.0,1.0,1.0,2.0,2.0,2,0.0,6.0,7.0,6.0,6.0,6.0,8,0.0,8.0,0.0
,,,,,,,,,,,,,,,,,,
0,0.0,0.0,0.0,0.0,0.0,0.0,0.0,0,0.0,0.0,0.0,0.0,0.0,0.0,0,0.0,0.0,0.0
,0.4233,0.2723,0.1179,0.24,0.15,0.23,0.38,0.24,0.242,0.9264,0.1287,0.0,0.4277,0.0299,24911,3.0,42.0,2.0
85,6.0,7.0,8.0,1.0,1.0,2.0,2.0,2,8.0,6.0,0.0,6.0,6.0,6.0,8,8.0,8.0,0.0
,0.6504,0.6413,0.0779,0.34,0.06,0.27,0.33,0.34,0.242,0.9143,0.6393,0.0,0.3694,0.0315,62747.28,4.0,56.0,3.0
85,6.0,7.0,8.0,1.0,1.0,2.0,2.0,2,8.0,6.0,0.0,6.0,6.0,6.0,8,8.0,8.0,0.0
,0.2956,0.364,0.1126,0.52,0.32,0.16,0.42,0.1,0.242,0.9264,0.1297,0.0,0.414,0.032,30229.4,5.0,74.0,5.0
100,6.0,7.0,8.0,1.0,1.0,2.0,2.0,2,8.0,6.0,7.0,6.0,6.0,6.0,8,8.0,8.0,8.0
,0.3324,0.1523,0.0851,0.6,0.28,0.12,0.25,0.35,0.242,0.7185,0.3017,0.0,0.3385,0.043,71166.54,4.0,114.0,2.0
92,6.0,7.0,8.0,1.0,1.0,2.0,2.0,2,8.0,6.0,7.0,6.0,6.0,6.0,8,0.0,8.0,8.0
,0.6264,0.5508,0.0751,0.67,0.16,0.17,0.37,0.3,0.242,0.989,0.032,0.0,0.3694,0.0326,67247.28,6.0,56.0,4.0
92,6.0,7.0,8.0,1.0,1.0,2.0,2.0,2,8.0,6.0,7.0,6.0,6.0,6.0,8,8.0,8.0,0.0
,0.6122,0.4483,0.1121,0.46,0.1,0.44,0.09,0.37,0.39,0.9143,0.3583,0.0,0.456,0.0104,20821.3,6.0,160.0,1.0
76,6.0,7.0,8.0,1.0,1.0,2.0,2.0,2,0.0,6.0,7.0,6.0,6.0,6.0,0,8.0,8.0,0.0
,0.5551,0.7182,0.1489,0.69,0.31,0.25,0.11,0.33,0.2421,0.8988,0.157,0.0237,0.3773,0.0364,36672.96,0.0,75.0,0.0
94,6.0,7.0,8.0,1.0,1.0,2.0,2.0,2,8.0,6.0,7.0,0.0,6.0,6.0,8,8.0,8.0,8.0
,0.3726,0.5345,0.1115,0.34,0.39,0.16,0.11,0.34,0.242,0.4822,0.1804,0.0,0.2869,0.0069,70258.16,6.0,20.0,2.0
75,6.0,7.0,8.0,1.0,1.0,2.0,2.0,2,8.0,0.0,0.0,6.0,0.0,0.0,8,8.0,8.0,8.0
,0.3623,0.4865,0.1162,0.86,0.14,0.09,0.32,0.45,0.242,0.9902,0.0446,0.0,0.3371,0.037,58225.49,0.0,24.0,4.0
85,6.0,7.0,8.0,1.0,1.0,2.0,2.0,2,8.0,6.0,0.0,6.0,6.0,6.0,8,0.0,8.0,8.0
,0.3796,0.3686,0.1181,,,,,,0.242,0.9207,0.0679,0.0,0.4364,0.0213,28022.46,7.0,76.0,1.0
92,6.0,7.0,8.0,0.0,0.0,0.0,0.0,0,8.0,6.0,7.0,6.0,6.0,6.0,8,8.0,8.0,8.0
,,,,,,,,,,,,,,,,,,
0,0.0,0.0,0.0,0.0,0.0,0.0,0.0,0,0.0,0.0,0.0,0.0,0.0,0.0,0,0.0,0.0,0.0
,0.5464,0.6026,0.1426,0.81,0.19,0.27,0.3,0.24,0.242,0.989,0.1431,0.0,0.3621,0.044,42318.5,4.0,126.0,0.0
92,6.0,7.0,8.0,1.0,1.0,2.0,2.0,2,8.0,6.0,7.0,6.0,6.0,6.0,8,8.0,8.0,0.0
,0.3397,0.3227,0.1271,0.34,0.19,0.185,0.033,0.068,0.059,0.9898,0.023,0.0,0.3632,0.0204,47778.88,7.0,68.0,0.0
78,6.0,7.0,8.0,1.0,1.0,0.0,0.0,0,0.0,6.0,7.0,6.0,6.0,6.0,8,8.0,8.0,0.0
,0.7179,0.6096,0.0339,0.29,,,,,0.492,0.9858,0.1716,0.0143,0.3977,0.04816,50119.07,3.0,146.69,5.0
54,6.0,7.0,0.0,0.0,0.0,0.0,0.0,0,0.0,6.0,7.0,0.0,6.0,6.0,8,8.0,0.0,0.0
,0.6357,0.2667,0.1048,0.24,0.43,0.33,0.06,0.18,0.242,0.9143,0.0476,0.0,0.4265,0.0185,36852.94,5.0,30.0,4.0
100,6.0,7.0,8.0,1.0,1.0,2.0,2.0,2,8.0,6.0,7.0,6.0,6.0,6.0,8,8.0,8.0,8.0
,0.685,0.4975,0.0888,0.26,0.31,0.32,0.11,0.26,1.1185,0.907,0.2002,0.383,0.3875,0.0209,58633.91,2.0,56.0,2.0
64,6.0,7.0,8.0,1.0,1.0,2.0,2.0,2,0.0,6.0,7.0,0.0,6.0,0.0,0,8.0,8.0,0.0
,0.4611,0.4972,0.0422,0.52,0.0,0.0,0.0,0,0.242,0.9898,0.1185,0.0196,0.3563,0.0417,45925.48,1.0,141.0,3.0
71,6.0,7.0,0.0,1.0,0.0,0.0,0.0,0,8.0,6.0,7.0,0.0,6.0,6.0,8,8.0,8.0,0.0
,0.3401,0.3506,0.1146,0.0,0.18,0.11,0.19,0.52,0.242,0.9207,0.1025,0.0,0.3514,0.0267,61572.98,6.0,80.0,0.0
92,6.0,7.0,8.0,1.0,1.0,2.0,2.0,2,8.0,6.0,7.0,6.0,6.0,6.0,8,8.0,8.0,0.0
,0.4169,0.0014,0.092,0.62,0.09,0.29,0.18,0.44,0.242,0.988,0.0656,0.0,0.3639,0.0356,57347.5,6.0,42.0,0.0
85,6.0,0.0,8.0,1.0,1.0,2.0,2.0,2,8.0,6.0,7.0,6.0,6.0,6.0,8,8.0,8.0,0.0
,0.6132,0.5891,0.0761,0.37,0.23,0.09,0.31,0.37,0.242,0.7185,0.4327,0.0152,0.4541,0.0149,79332.25,1.0,38.0,5.0
94,6.0,7.0,8.0,1.0,1.0,2.0,2.0,2,8.0,6.0,7.0,0.0,6.0,6.0,8,8.0,8.0,8.0
,0.3503,0.2477,0.1389,0.19,0.25,0.43,0.13,0.19,0.059,0.6625,0.3723,0.0011,0.4945,0.5455,35958.34,6.0,20.57,2.0
37,6.0,7.0,8.0,1.0,1.0,2.0,2.0,2,0.0,0.0,0.0,0.0,0.0,0.0,8,0.0,0.0,0.0
,0.687,0.4429,0.1462,0.22,0.18,0.59,0.1,0.13,0.242,0.9254,0.1051,0.0,0.3404,0.0204,48396.72,6.0,84.0,5.0
73,0.0,0.0,8.0,0.0,1.0,2.0,2.0,2,8.0,0.0,0.0,6.0,6.0,6.0,8,8.0,8.0,8.0
,0.3287,0.2415,0.0316,0.11,0.53,0.385,0.3033,0.25,0.219,0.7668,0.6446,0.3478,0.05,0.0724,60180,6.0,9.79,4.0
14,6.0,7.0,0.0,0.0,1.0,0.0,0.0,0,0.0,0.0,0.0,0.0,0.0,0.0,0,0.0,0.0,0.0
,0.4625,0.5104,0.0835,0.47,0.45,0.08,0.37,0.1,0.242,0.9762,0.2278,0.0,0.4047,0.0376,46220.44,3.0,90.0,0.0
87,6.0,7.0,8.0,1.0,1.0,2.0,2.0,2,8.0,0.0,0.0,6.0,6.0,6.0,8,8.0,8.0,8.0
,0.635,0.8434,0.105,0.25,0.3,0.32,0.26,0.12,12.649000000000001,0.0857,0.3583,0.4411,0.4411,0.0107,24218.86,1.0,15.68,1.0
47,6.0,7.0,0.0,0.0,1.0,2.0,2.0,2,0.0,0.0,7.0,0.0,6.0,6.0,8,0.0,0.0,0.0
,0.5929,0.689,0.1436,0.42,0.13,0.45,0.14,0.28,0.242,0.9811,0.0474,0.3538,0.3538,0.0313,40960.27,7.0,38.0,1.0
94,6.0,7.0,8.0,1.0,1.0,2.0,2.0,2,8.0,6.0,7.0,0.0,6.0,6.0,8,8.0,8.0,8.0
,0.5523,0.4645,0.1264,0.49,0.27,0.24,0.23,0.26,0.059,0.9143,0.0775,0.0012,0.2619,0.3691,65155.7,7.0,80.33,0.0
66,6.0,7.0,8.0,1.0,1.0,2.0,2.0,2,0.0,6.0,7.0,0.0,0.0,0.0,8,8.0,0.0,8.0
,0.4151,0.2186,0.1016,0.5,0.23,0.27,0.21,0.29,0.242,0.6995,0.0745,0.0,0.3446,0.0284,60453.6,7.0,40.0,2.0
86,0.0,7.0,8.0,1.0,1.0,2.0,2.0,2,8.0,6.0,7.0,6.0,6.0,6.0,8,8.0,8.0,0.0
,0.238,0.1961,0.1269,0.13,0.33,0.38,0.16,0.13,0.242,0.9226,0.0902,0.0,0.4338,0.0241,26548.2,3.0,88.0,5.0
87,6.0,7.0,8.0,1.0,1.0,2.0,2.0,2,8.0,0.0,0.0,6.0,6.0,6.0,8,8.0,8.0,8.0
,0.6884,0.6599,0.1087,0.31,0.12,0.34,0.23,0.31,0.242,0.9858,0.0289,0.0149,0.3938,0.0245,38328.48,3.0,60.0,3.0
74,0.0,7.0,8.0,1.0,1.0,2.0,2.0,2,8.0,6.0,7.0,0.0,0.0,6.0,8,8.0,8.0,0.0
,0.6902,0.8758,0.092,0.31,0.23,0.29,0.17,0.31,0.242,0.9858,0.0771,0.0,0.3939,0.0375,46850.41,1.0,102.0,3.0
100,6.0,7.0,8.0,1.0,1.0,2.0,2.0,2,8.0,6.0,7.0,6.0,6.0,6.0,8,8.0,8.0,8.0
,0.3401,0.4491,,0.84,0.16,0.09,0.62,0.13,0.242,0.9811,0.0474,0.3264,,,69184.29,,78.0,
58,6.0,7.0,0.0,1.0,1.0,2.0,2.0,2,8.0,6.0,7.0,0.0,0.0,0.0,8,0.0,8.0,0.0
,0.4302,0.1124,0.1552,0.6,0.26,0.14,0.31,0.29,0.3,0.7348,0.1776,0.0221,0.3621,0.0083,38996.72,6.0,39.35,0.0
72,6.0,7.0,8.0,1.0,1.0,2.0,2.0,2,0.0,6.0,7.0,0.0,6.0,0.0,8,8.0,0.0,8.0
,0.4637,0.3356,0.0105,0.41,0.28,0.31,0.19,0.22,0.242,0.9828,0.3193,0.0167,0.3412,0.0322,65310.16,6.0,56.0,3.0
78,6.0,7.0,0.0,1.0,1.0,2.0,2.0,2,8.0,6.0,7.0,0.0,6.0,6.0,8,8.0,8.0,0.0
,0.5705,0.5225,0.02723,0.46,0.25,0.29,0.13,0.33,0.242,0.9811,0.0105,0.02266,0.3309,0.01786,52276.01,7.0,45.0,2.0
86,6.0,7.0,0.0,1.0,1.0,2.0,2.0,2,8.0,6.0,7.0,0.0,6.0,6.0,8,8.0,8.0,8.0
,0.3372,0.25,0.0853,0.59,0.23,0.18,0.32,0.27,0.242,0.7185,0.1253,0.0,0.4681,0.0221,76801.92,1.0,40.0,2.0
92,6.0,7.0,8.0,1.0,1.0,2.0,2.0,2,8.0,6.0,7.0,6.0,6.0,6.0,8,8.0,8.0,0.0
,0.3748,0.2906,0.1055,0.77,0.07,0.16,0.42,0.35,0.1952,0.7348,0.1416,0.0198,0.4602,0.0239,74854.17,6.0,45.18,2.0
62,6.0,7.0,8.0,1.0,1.0,2.0,2.0,2,0.0,6.0,7.0,0.0,6.0,6.0,8,0.0,0.0,0.0
,0.680089,0.765625,0.1074627320362322,0.39,0.18,0.13,0.3,0.39,0.24206145913796345,0.6394650110260381,0.34926381494074266,0.0,0.45733782387407645,0.0128027,21465.38,2.0,120.0,0.0
87,6.0,7.0,8.0,1.0,1.0,2.0,2.0,2,8.0,0.0,0.0,6.0,6.0,6.0,8,8.0,8.0,8.0
,0.6733,0.7969,0.0737,0.33,,,,,0.242,0.8738,0.2217,0.0142,0.3503,0.0359,73668,2.0,13.86,5.0
49,6.0,7.0,8.0,0.0,0.0,0.0,0.0,0,8.0,0.0,0.0,0.0,6.0,6.0,0,8.0,0.0,0.0
,0.5426,0.4406,0.0401,0.43,0.27,0.3,0.07,0.36,0.242,0.9143,0.5174,0.015,0.4238,0.0172,31632.4,1.0,25.0,0.0
72,6.0,7.0,0.0,1.0,1.0,2.0,2.0,2,8.0,6.0,7.0,0.0,6.0,0.0,8,0.0,8.0,8.0
,0.3774,0.3096,0.1141,0.34,0.14,0.32,0.2,0.34,0.242,0.988,0.2133,0.0175,0.3925,0.011,45444.5,1.0,116.0,1.0
86,6.0,7.0,8.0,1.0,1.0,2.0,2.0,2,8.0,6.0,7.0,0.0,6.0,6.0,8,0.0,8.0,8.0
,0.5333,0.6842,0.082,0.38,0.12,0.19,0.31,0.38,0.059,0.484,0.0381,0.013,0.4207,0.0336,40944.64,3.0,109.75,1.0
49,6.0,7.0,8.0,1.0,1.0,2.0,2.0,2,0.0,0.0,0.0,0.0,6.0,6.0,0,8.0,0.0,0.0
,0.4493,0.6531,0.0382,0.45,0.33,0.22,0.3,0.15,0.242,0.8988,0.157,0.0242,0.4013,0.0385,25873.17,1.0,125.64,4.0
70,6.0,7.0,0.0,1.0,1.0,2.0,2.0,2,8.0,6.0,7.0,0.0,6.0,6.0,8,8.0,0.0,0.0
,,,,,,,,,,,,,,,,,,
0,0.0,0.0,0.0,0.0,0.0,0.0,0.0,0,0.0,0.0,0.0,0.0,0.0,0.0,0,0.0,0.0,0.0
,0.7066,0.5618,0.1108,0.54,0.17,0.39,0.37,0.17,0.242,0.9143,0.6384,0.0,0.4557,0.0496,21021.3,3.0,104.0,0.0
70,6.0,7.0,8.0,1.0,0.0,2.0,2.0,2,8.0,6.0,0.0,6.0,6.0,0.0,0,8.0,8.0,0.0
,0.7272,0.7594,0.0921,0.28,0.09,0.39,0.24,0.28,0.242,0.9858,0.0152,0.0141,0.3835,0.018,55696.55,2.0,28.0,4.0
86,6.0,7.0,8.0,1.0,1.0,2.0,2.0,2,8.0,6.0,7.0,0.0,6.0,6.0,0,8.0,8.0,8.0
,0.4983,0.7021,0.0874,0.27,0.34,0.39,0.13,0.14,0.242,0.9828,0.1115,0.0,0.49734,0.47727,39287,4.0,72.45,2.0
64,6.0,7.0,8.0,1.0,1.0,2.0,2.0,2,8.0,6.0,7.0,6.0,0.0,0.0,0,8.0,0.0,0.0
,0.3388,0.396,0.1052,0.1,0.28,0.25,0.37,0.1,0.2421,0.9207,0.1025,0.0158,0.4364,0.0277,23485.83,6.0,76.0,5.0
94,6.0,7.0,8.0,1.0,1.0,2.0,2.0,2,8.0,6.0,7.0,0.0,6.0,6.0,8,8.0,8.0,8.0
,0.4457,0.4538,2.5072,1.9,0.13,0.63,0.9,1,1.192,0.6477,0.0617,0.4364,0.4207,0.8933,23802.12,7.0,21.47,0.0
30,6.0,7.0,0.0,0.0,1.0,0.0,0.0,0,0.0,0.0,0.0,0.0,0.0,0.0,8,8.0,0.0,0.0
,0.6983,0.7163,0.0898,0.09,0.27,0.31,0.33,0.09,0.242,0.9858,0.0771,0.0,0.3977,0.0387,46668.11,3.0,120.0,2.0
92,6.0,7.0,8.0,1.0,1.0,2.0,2.0,2,8.0,6.0,7.0,6.0,6.0,6.0,8,8.0,8.0,0.0
,0.4861,0.0938,0.0856,0.61,0.09,0.3,0.19,0.42,0.242,0.9844,0.0138,0.0005,0.3875,0.0185,58693.83,5.0,32.0,2.0
94,6.0,7.0,8.0,1.0,1.0,2.0,2.0,2,8.0,6.0,7.0,0.0,6.0,6.0,8,8.0,8.0,8.0
,0.6233,0.1448,0.1063,0.54,0.27,0.19,0.29,0.25,0.242,0.9143,0.0775,0.0,0.4975,0.4723,29784.9,0.0,72.0,2.0
80,6.0,7.0,8.0,1.0,1.0,2.0,2.0,2,8.0,6.0,7.0,6.0,0.0,0.0,8,8.0,8.0,0.0
,0.2877,0.1974,0.0174,1.77,0.28,0.2116,0.5929,1,,0.0793,0.0679,0.827,0.1328,0.0043,2076,5.0,36.0,3.0
29,6.0,7.0,0.0,0.0,1.0,0.0,0.0,0,0.0,0.0,7.0,0.0,0.0,0.0,0,0.0,8.0,0.0
,0.3791,0.3754,0.1116,0.27,0.12,0.22,0.39,0.27,0.242,0.988,0.0311,0.0,0.3179,0.0446,66251.5,2.0,66.0,5.0
92,6.0,7.0,8.0,1.0,1.0,2.0,2.0,2,8.0,6.0,7.0,6.0,6.0,6.0,8,8.0,8.0,0.0
,0.0329,0.3439,0.76,0.12,0.08,0.07,0.43,0.175,0.242,0.7998,0.6213,0.2893,0.7107,0.4528,74137.8,5.0,1.34,2.0
26,0.0,7.0,0.0,0.0,1.0,0.0,2.0,0,8.0,0.0,0.0,0.0,0.0,0.0,8,0.0,0.0,0.0
,0.3966,0.4938,0.1208,0.16,0.39,0.2,0.25,0.16,0.242,0.9264,0.1845,0.0,0.4279,0.0381,27213.01,2.0,114.0,2.0
100,6.0,7.0,8.0,1.0,1.0,2.0,2.0,2,8.0,6.0,7.0,6.0,6.0,6.0,8,8.0,8.0,8.0
,0.6944,0.641,0.0884,0.17,0.43,0.09,0.31,0.17,0.242,0.9844,0.0138,0.0,0.3875,0.0188,57673.48,0.0,34.0,4.0
92,6.0,7.0,8.0,1.0,1.0,2.0,2.0,2,8.0,6.0,7.0,6.0,6.0,6.0,8,0.0,8.0,8.0
,0.2847,0.3899,0.0249,1.0,,,,,0.242,0.2516,0.113,0.4959,,,1.75,3.0,30.0,4.0
31,0.0,7.0,0.0,0.0,0.0,0.0,0.0,0,8.0,0.0,0.0,0.0,0.0,0.0,0,0.0,8.0,8.0
,0.701,0.2111,,10.17,,,,,0.2421,0.9143,0.249,0.4973,0.5028,0.2658,29596.55,5.0,,5.0
35,6.0,0.0,0.0,0.0,0.0,0.0,0.0,0,8.0,6.0,7.0,0.0,0.0,0.0,0,8.0,0.0,0.0
,0.3967,0.4889,0.0716,0.24,,,,,0.2421,0.9828,0.04,0.0231,0.2969,0.031,56341.32,7.0,80.0,0.0
79,6.0,7.0,8.0,1.0,0.0,0.0,0.0,0,8.0,6.0,7.0,0.0,6.0,6.0,8,8.0,8.0,0.0
,0.2522,0.1202,0.1271,0.59,0.18,0.23,0.32,0.27,0.242,0.9254,0.09,0.0001,0.4338,0.0208,24881.39,4.0,46.0,2.0
73,6.0,7.0,8.0,1.0,1.0,2.0,2.0,2,8.0,0.0,0.0,0.0,6.0,6.0,8,8.0,8.0,0.0
,0.3451,0.3191,0.1143,0.41,0.32,0.27,0.23,0.18,0.531,0.9207,0.3647,0.0163,0.4175,0.0126,35591.29,7.0,148.0,0.0
83,6.0,7.0,8.0,1.0,0.0,0.0,2.0,2,0.0,6.0,7.0,0.0,6.0,6.0,8,8.0,8.0,8.0
,0.3648,0.2857,0.1166,0.17,0.24,0.47,0.12,0.17,0.242,0.989,0.032,0.0,0.3516,0.026,59472.98,0.0,20.0,0.0
92,6.0,7.0,8.0,1.0,1.0,2.0,2.0,2,8.0,6.0,7.0,6.0,6.0,6.0,8,8.0,8.0,0.0
,0.4772,0.6347,0.0674,0.54,0.26,0.2,0.14,0.4,0.531,0.6996,0.3436,0.0,0.4725,0.0467,77352.8,2.0,119.84,5.0
85,0.0,7.0,8.0,0.0,1.0,2.0,2.0,2,0.0,6.0,7.0,6.0,6.0,6.0,8,8.0,8.0,8.0
,,,,,,,,,,,,,,,,,,
0,0.0,0.0,0.0,0.0,0.0,0.0,0.0,0,0.0,0.0,0.0,0.0,0.0,0.0,0,0.0,0.0,0.0
,0.3203,0.0357,0.0838,0.33,0.19,0.48,0.15,0.18,0.242,0.805,0.66,0.0,0.4668,0.0158,76501.89,0.0,30.0,3.0
72,6.0,0.0,8.0,1.0,1.0,2.0,2.0,2,8.0,0.0,0.0,6.0,6.0,6.0,8,8.0,8.0,0.0
,0.7117,0.7442,0.0818,0.37,0.19,0.13,0.31,0.37,0.242,0.9858,0.0429,0.0,0.3835,0.03,54847.29,7.0,56.0,4.0
92,6.0,7.0,8.0,1.0,1.0,2.0,2.0,2,8.0,6.0,7.0,6.0,6.0,6.0,8,8.0,8.0,0.0
,0.3652,0.4927,0.1602,0.09,0.29,0.34,0.09,0.28,0.058,0.9549,0.1297,0.0184,0.4059,0.0296,29872.97,6.0,70.0,3.0
60,6.0,7.0,0.0,1.0,1.0,2.0,0.0,0,0.0,0.0,7.0,0.0,6.0,6.0,8,8.0,8.0,0.0
,0.6548,0.8785,0.1021,0.6,0.33,0.07,0.22,0.38,0.242,0.9143,0.1783,0.0146,0.4411,0.0402,28867.92,3.0,108.0,1.0
87,6.0,7.0,8.0,1.0,1.0,2.0,2.0,2,8.0,6.0,0.0,0.0,6.0,6.0,8,8.0,8.0,8.0
,0.3035,0.298,0.0736,0.14,,,,x,0.242,0.7185,0.2486,0.0,0.4522,0.0382,78683.04,6.0,54.0,5.0
93,6.0,7.0,8.0,1.0,0.0,0.0,0.0,0,8.0,6.0,7.0,6.0,6.0,6.0,8,8.0,8.0,8.0
,0.3455,0.4624,0.0512,0.38,0.39,0.23,0.31,0.07,0.2421,0.987,0.3235,0.4052,0.4052,0.016,40402.12,1.0,34.0,5.0
78,6.0,7.0,0.0,1.0,1.0,2.0,2.0,2,8.0,6.0,7.0,0.0,6.0,6.0,8,8.0,8.0,0.0
,0.3848,0.2388,0.0809,0.28,0.25,0.15,0.32,0.28,0.242,0.9219,0.619,0.0,0.4459,0.0332,78813.01,7.0,84.0,4.0
79,6.0,7.0,8.0,1.0,1.0,2.0,2.0,2,8.0,0.0,0.0,6.0,6.0,6.0,8,8.0,8.0,0.0
,0.6132,0.5891,0.0761,0.37,0.23,0.09,0.31,0.37,0.2421,0.553,0.5913,0.0,0.4541,0.0149,79332.25,3.0,38.0,5.0
79,6.0,7.0,8.0,1.0,1.0,2.0,2.0,2,8.0,0.0,0.0,6.0,6.0,6.0,8,0.0,8.0,8.0
,0.4816,0.3814,0.1535,0.33,0.29,0.1,0.28,0.33,0.242,0.8988,0.2335,0.0,0.3843,0.9571,36802.15,7.0,45.0,0.0
94,6.0,7.0,8.0,1.0,1.0,2.0,2.0,2,8.0,6.0,7.0,6.0,6.0,0.0,8,8.0,8.0,8.0
,,,,,,,,,,,,,,,,,,
0,0.0,0.0,0.0,0.0,0.0,0.0,0.0,0,0.0,0.0,0.0,0.0,0.0,0.0,0,0.0,0.0,0.0
,0.3505,0.5024,0.1232,0.21,0.29,0.18,0.32,0.21,0.366,0.987,0.0783,0.0159,0.3853,0.039,51048.27,4.0,85.87,4.0
70,6.0,7.0,0.0,1.0,1.0,2.0,2.0,2,0.0,6.0,7.0,0.0,6.0,6.0,8,8.0,0.0,8.0
,0.4168,0.2479,0.0931,0.54,0.34,0.12,0.24,0.3,0.242,0.907,0.2914,0.0,0.4315,0.0473,35453.74,4.0,128.0,5.0
92,6.0,7.0,8.0,1.0,1.0,2.0,2.0,2,8.0,6.0,7.0,6.0,6.0,6.0,8,0.0,8.0,8.0
,0.5354,0.8177,0.1186,0.13,0.29,0.3,0.28,0.13,0.242,0.6995,0.0745,0.0,0.2982,0.0427,67090.46,2.0,76.68,2.0
86,6.0,7.0,8.0,1.0,1.0,2.0,2.0,2,8.0,6.0,7.0,6.0,6.0,0.0,8,8.0,0.0,8.0
,0.2859,0.3905,0.0718,0.53,0.35,0.12,0.42,0.11,0.242,0.9207,0.2139,0.5,0.4522,0.0409,17883.29,4.0,66.0,5.0
94,6.0,7.0,8.0,1.0,1.0,2.0,2.0,2,8.0,6.0,7.0,0.0,6.0,6.0,8,8.0,8.0,8.0
,0.2525,0.3506,0.1034,0.8,0.08,0.12,0.42,0.38,0.242,0.99,0.2623,0.0,0.364,0.0129,56467.76,3.0,112.0,1.0
94,6.0,7.0,8.0,1.0,1.0,2.0,2.0,2,8.0,0.0,7.0,6.0,6.0,6.0,8,8.0,8.0,8.0
,,,,,,,,,,,,,,,,,,
0,0.0,0.0,0.0,0.0,0.0,0.0,0.0,0,0.0,0.0,0.0,0.0,0.0,0.0,0,0.0,0.0,0.0
,0.4554,0.4924,0.1306,0.53,0.29,0.18,0.31,0.22,0.341,0.9898,0.215,0.0,0.3821,0.049,42651.46,4.0,160.0,5.0
84,6.0,7.0,8.0,1.0,1.0,2.0,2.0,2,0.0,6.0,7.0,6.0,6.0,6.0,8,8.0,8.0,0.0
,0.5053,0.3861,0.1574,0.53,0.27,0.2,0.23,0.3,0.242,0.9828,0.1115,0.0,0.3531,0.0427,39455.46,4.0,108.0,1.0
94,6.0,7.0,8.0,1.0,1.0,2.0,2.0,2,8.0,6.0,7.0,6.0,0.0,6.0,8,8.0,8.0,8.0
,0.7021,0.4064,0.0984,0.22,0.18,0.46,0.14,0.22,0.242,0.9858,0.0152,0.0,0.4121,0.018,42673.32,6.0,43.0,3.0
100,6.0,7.0,8.0,1.0,1.0,2.0,2.0,2,8.0,6.0,7.0,6.0,6.0,6.0,8,8.0,8.0,8.0
,0.5744,0.6269,0.1344,0.72,0.28,0.35,0.26,0.11,0.242,0.936,0.2,0.0,0.4443,0.0409,21078,4.0,90.0,5.0
81,6.0,7.0,8.0,1.0,1.0,2.0,2.0,2,8.0,0.0,0.0,6.0,0.0,6.0,8,8.0,8.0,8.0
,0.3187,0.1939,0.725,0.33,0.2,0.32,0.15,0.33,0.242,0.9264,0.1297,0.015,0.3594,0.0197,67622.66,5.0,44.0,4.0
86,6.0,7.0,0.0,1.0,1.0,2.0,2.0,2,8.0,6.0,7.0,0.0,6.0,6.0,8,8.0,8.0,8.0
,0.2611,0.4353,0.0813,0.82,0.05,0.31,0.71,1,0.242,0.7185,0.3626,0.0,0.3445,0.0481,72599.55,1.0,120.0,4.0
93,6.0,7.0,8.0,0.0,1.0,0.0,0.0,0,8.0,6.0,7.0,6.0,6.0,6.0,8,8.0,8.0,8.0
,0.5521,0.6722,0.1106,0.55,0.17,0.28,0.26,0.29,0.2979,0.9143,0.2987,0.4432,0.4432,0.9541,22019.81,4.0,90.0,2.0
72,6.0,7.0,0.0,1.0,1.0,2.0,2.0,2,0.0,6.0,7.0,0.0,6.0,0.0,8,8.0,8.0,8.0
,0.2696,0.424,0.0292,0.51,0.36,0.13,0.1,0.41,0.242,0.9356,0.1174,0.0154,0.3538,0.0411,64465.78,4.0,84.0,3.0
86,6.0,7.0,0.0,1.0,1.0,2.0,2.0,2,8.0,6.0,7.0,0.0,6.0,6.0,8,8.0,8.0,8.0
,0.4089,0.4235,0.0189,0.59,0.1,0.31,0.26,0.33,0.2421,0.7185,0.3626,0.0,0.3385,0.0478,72766.54,6.0,120.0,1.0
92,6.0,7.0,0.0,1.0,1.0,2.0,2.0,2,8.0,6.0,7.0,6.0,6.0,6.0,8,8.0,8.0,8.0
,0.3191,0.4628,0.0763,0.85,0.15,0.26,0.31,0.28,0.242,0.7182,0.2482,0.0,0.4522,0.035616,79165.54,2.0,60.0,0.0
84,6.0,7.0,0.0,1.0,1.0,2.0,2.0,2,8.0,6.0,7.0,6.0,6.0,6.0,8,8.0,8.0,0.0
,0.4127,0.318,0.0871,0.69,0.06,0.25,0.28,0.41,0.242,0.7348,0.318,0.0,0.4432,0.0446,79717.19,3.0,102.0,3.0
91,6.0,7.0,0.0,0.0,1.0,2.0,2.0,2,8.0,6.0,7.0,6.0,6.0,6.0,8,8.0,8.0,8.0
,0.3646,0.5127,0.1258,0.38,0.5,0.12,0.09,0.29,0.242,0.9583,0.5491,0.0,0.3875,0.0113,39897.98,1.0,136.0,4.0
87,6.0,7.0,8.0,1.0,1.0,2.0,2.0,2,8.0,0.0,0.0,6.0,6.0,6.0,8,8.0,8.0,8.0
,0.566,0.4837,0.0093,0.4,0.35,0.25,0.19,0.21,1.8719999999999999,0.988,0.0544,0.3804,0.0,0.0333,52113.25,4.0,34.0,0.0
64,6.0,7.0,0.0,1.0,1.0,2.0,2.0,2,0.0,6.0,7.0,0.0,0.0,6.0,8,8.0,8.0,0.0
,0.5538,0.2101,0.0657,0.44,0.48,0.08,0.17,0.27,0.242,0.9143,0.249,0.0141,0.4432,0.0429,28319.81,2.0,84.0,1.0
86,6.0,7.0,0.0,1.0,1.0,2.0,2.0,2,8.0,6.0,7.0,0.0,6.0,6.0,8,8.0,8.0,8.0
,0.4146,0.3654,,8.18,0.25,0.25,0.25,0.25,,0.1012,0.3428,,,,,3.0,0.13,3.0
7,0.0,0.0,0.0,0.0,0.0,0.0,0.0,0,0.0,0.0,7.0,0.0,0.0,0.0,0,0.0,0.0,0.0
,0.4845,0.6739,0.1157,0.26,0.39,0.24,0.11,0.26,0.242,0.9207,0.2139,0.0,0.2983,0.0299,64278.94,7.0,28.0,4.0
100,6.0,7.0,8.0,1.0,1.0,2.0,2.0,2,8.0,6.0,7.0,6.0,6.0,6.0,8,8.0,8.0,8.0
,0.1392,0.8666,,,,,,,0.242,0.0776,0.1715,0.3646,0.6353,0.9664,,4.0,78.0,0.0
30,0.0,7.0,0.0,0.0,0.0,0.0,0.0,0,8.0,0.0,7.0,0.0,0.0,0.0,0,0.0,8.0,0.0
,0.3072,0.2941,0.0814,0.42,0.14,0.08,0.36,0.42,0.242,0.9207,0.4366,0.0,0.4503,0.013,16681.58,1.0,152.0,5.0
92,6.0,7.0,8.0,1.0,1.0,2.0,2.0,2,8.0,6.0,7.0,6.0,6.0,6.0,8,8.0,8.0,0.0
,0.4451,0.4684,0.1315,0.34,0.47,0.19,0.08,0.26,0.242,0.989,0.0267,0.0,0.3875,0.023,38972.98,5.0,80.0,0.0
100,6.0,7.0,8.0,1.0,1.0,2.0,2.0,2,8.0,6.0,7.0,6.0,6.0,6.0,8,8.0,8.0,8.0
,,,,,,,,,,,,,,,,,,
0,0.0,0.0,0.0,0.0,0.0,0.0,0.0,0,0.0,0.0,0.0,0.0,0.0,0.0,0,0.0,0.0,0.0
,0.5429,0.6349,0.0672,0.58,0.06,0.36,0.35,0.23,0.242,0.7178,0.3959,0.0,0.4588,0.0497,79688.64,4.0,136.0,4.0
79,6.0,7.0,8.0,1.0,1.0,2.0,2.0,2,8.0,0.0,0.0,6.0,6.0,6.0,8,8.0,8.0,0.0
,0.353,0.3333,0.1169,0.38,0.1374,0.2214,0.2595,0.3817,0.729,0.7348,0.2649,0.0188,0.2993,0.0239,62335.51,4.0,52.0,5.0
56,6.0,7.0,0.0,0.0,0.0,0.0,0.0,0,0.0,6.0,7.0,0.0,0.0,6.0,8,8.0,8.0,0.0
,0.8928,0.8,0.086,0.18,0.31,0.29,0.22,0.18,0.242,0.8522,0.6722,0.0,0.3875,0.0165,"59,593.86",5.0,32.0,1.0
50,0.0,0.0,8.0,1.0,1.0,2.0,2.0,2,8.0,0.0,0.0,6.0,6.0,6.0,0,0.0,8.0,0.0
,0.3797,0.3067,0.1242,0.86,0.14,0.32,0.39,0.15,0.242,0.9264,0.4422,0.0,0.431,0.0141,26140.31,6.0,24.0,3.0
92,6.0,7.0,0.0,1.0,1.0,2.0,2.0,2,8.0,6.0,7.0,6.0,6.0,6.0,8,8.0,8.0,8.0
,0.4396,0.5714,0.6788,1.74,0.758,0.946,0.9956,0.9999,0.341,0.988,0.213275,0.1587,,0.0496,53568,2.0,148.0,1.0
42,0.0,7.0,0.0,0.0,0.0,0.0,0.0,0,0.0,6.0,7.0,0.0,0.0,6.0,8,0.0,8.0,0.0
,,,,,,,,,,,,,,,,,,
0,0.0,0.0,0.0,0.0,0.0,0.0,0.0,0,0.0,0.0,0.0,0.0,0.0,0.0,0,0.0,0.0,0.0
,0.7976,0.6972,0.0723,0.45,,,,,0.242,0.0857,0.0357,0.9987,0.0014,0.0751,1442.34,6.0,60.0,3.0
45,6.0,7.0,8.0,0.0,0.0,0.0,0.0,0,8.0,0.0,0.0,0.0,0.0,0.0,0,8.0,8.0,0.0
,0.3472,0.2012,0.1242,0.66,,,,,0.288,0.989,0.0321,0.5054,0.4937,0.463,44291.94,4.0,48.0,0.0
58,6.0,7.0,8.0,0.0,0.0,0.0,0.0,0,0.0,6.0,7.0,0.0,0.0,0.0,8,8.0,8.0,0.0
,0.6365,0.788,0.0975,0.29,0.16,0.27,0.28,0.29,0.242,0.907,0.0542,0.0131,0.4338,0.0217,34635.1,2.0,76.0,2.0
78,6.0,7.0,8.0,1.0,1.0,2.0,2.0,2,8.0,6.0,7.0,0.0,6.0,6.0,8,0.0,8.0,0.0
,0.4869,0.476,0.0307,0.68,0.32,0.14,0.46,0.08,0.464,0.6996,0.2568,0.013,0.3651,0.0274,"72,285.03",2.0,60.0,4.0
63,6.0,7.0,0.0,1.0,1.0,2.0,2.0,2,0.0,6.0,0.0,0.0,6.0,6.0,8,8.0,8.0,0.0
,0.3814,0.3581,0.0873,0.54,0.19,0.27,0.24,0.3,11.3137,0.0736,2.5041,0.0188,0.4432,0.0159,20319.96,0.0,34.0,3.0
65,6.0,7.0,8.0,1.0,1.0,2.0,2.0,2,0.0,0.0,0.0,0.0,6.0,6.0,8,8.0,8.0,0.0
,0.5687,0.655,0.0925,0.65,0.35,0.16,0.29,0.2,0.242,0.9143,0.2075,0.0,0.4291,0.0404,36802.93,2.0,78.0,1.0
92,6.0,7.0,8.0,1.0,1.0,2.0,2.0,2,8.0,6.0,7.0,6.0,6.0,6.0,8,0.0,8.0,8.0
,0.3893,0.5251,0.1016,1.9,0.46,0.36,0.1,1,0.2421,0.988,0.0546,0.0,0.3581,0.035,54791.8,3.0,50.0,0.0
72,0.0,7.0,8.0,0.0,0.0,0.0,0.0,0,8.0,6.0,7.0,6.0,6.0,0.0,8,8.0,8.0,0.0
,0.3957,0.5108,0.0096,0.44,0.35,0.21,0.25,0.19,0.6366,0.7348,0.318,0.0,0.3169,0.0406,71177.01,7.0,90.0,2.0
76,6.0,7.0,0.0,1.0,1.0,2.0,2.0,2,0.0,6.0,7.0,6.0,6.0,6.0,8,8.0,8.0,0.0
,0.3283,0.44,0.1165,0.33,0.31,0.22,0.14,0.33,0.242,0.988,0.0961,0.0,0.4951,0.4682,39695.51,3.0,96.0,3.0
80,6.0,7.0,8.0,1.0,1.0,2.0,2.0,2,8.0,6.0,7.0,6.0,0.0,0.0,8,0.0,8.0,8.0
,0.6384,0.6684,0.0889,0.4,0.16,0.34,0.1,0.4,0.242,0.9828,0.0259,0.0,0.3204,0.0258,46641.33,0.0,60.0,5.0
92,6.0,7.0,8.0,1.0,1.0,2.0,2.0,2,8.0,6.0,7.0,6.0,6.0,6.0,8,8.0,8.0,0.0
,0.3214,0.3211,0.0672,0.38,0.29,0.33,0.31,0.07,1.561,0.907,0.351,0.1585,0.4207,0.0104,16711.9,4.0,176.0,
70,6.0,7.0,0.0,1.0,1.0,2.0,2.0,2,0.0,6.0,7.0,0.0,6.0,6.0,8,8.0,8.0,0.0
,0.5546,0.8662,,0.37,0.24,0.16,0.23,0.37,,,,0.0,0.4265,0.0151,35052.94,4.0,41.0,0.0
71,6.0,7.0,0.0,1.0,1.0,2.0,2.0,2,0.0,0.0,0.0,6.0,6.0,6.0,8,8.0,8.0,8.0
,0.4156,0.35955,0.00321,0.69,0.23,0.08,0.29,0.4,0.242,0.989,0.097,0.01876,0.36317,0.03963,52760.49,0.0,123.0,5.0
86,6.0,7.0,0.0,1.0,1.0,2.0,2.0,2,8.0,6.0,7.0,0.0,6.0,6.0,8,8.0,8.0,8.0
,0.5688,0.8116,0.4021,0.56,0.2,0.24,0.4,0.16,0.242,0.9844,0.1702,0.0,0.3874,0.0463,54503.15,3.0,87.64,0.0
76,6.0,7.0,0.0,1.0,1.0,2.0,2.0,2,8.0,6.0,7.0,6.0,6.0,6.0,0,8.0,0.0,8.0
,,,,,,,,,,,,,,,,,,
0,0.0,0.0,0.0,0.0,0.0,0.0,0.0,0,0.0,0.0,0.0,0.0,0.0,0.0,0,0.0,0.0,0.0
,0.5669,0.6667,0.0878,0.49,0.25,0.26,0.22,0.27,0.624,0.9858,0.1145,0.0,0.3977,0.0415,46168.11,4.0,120.0,2.0
84,6.0,7.0,0.0,1.0,1.0,2.0,2.0,2,0.0,6.0,7.0,6.0,6.0,6.0,8,8.0,8.0,8.0
,0.3381,0.3073,0.0993,0.47,0.27,0.26,0.38,0.09,0.242,0.907,0.351,0.0,0.4469,0.0105,24912.1,3.0,152.0,1.0
92,6.0,7.0,8.0,1.0,1.0,2.0,2.0,2,8.0,6.0,7.0,6.0,6.0,6.0,8,8.0,8.0,0.0
,0.435,0.3043,0.1491,0.52,0.25,0.23,0.19,0.33,0.242,0.0102,0.0275,0.0,0.3694,0.0225,40817.26,3.0,52.0,3.0
94,6.0,7.0,8.0,1.0,1.0,2.0,2.0,2,8.0,0.0,7.0,6.0,6.0,6.0,8,8.0,8.0,8.0
,,0.4976,,0.14,0.1,0.26,0.5,0.14,0.637,0.1012,,0.4013,0.4013,0.01203,24458.65,4.0,14.29,0.0
43,0.0,7.0,0.0,1.0,1.0,2.0,2.0,2,0.0,0.0,0.0,0.0,6.0,6.0,8,0.0,0.0,8.0
,0.2608,0.2589,0.1016,0.67,0.27,0.06,0.34,0.33,0.242,0.013,0.0247,0.153,0.3897,0.0221,51122.66,5.0,36.0,4.0
88,6.0,7.0,8.0,1.0,1.0,2.0,2.0,2,8.0,0.0,7.0,0.0,6.0,6.0,8,8.0,8.0,8.0
,0.4486,0.4943,0.0926,0.19,0.29,0.32,0.2,0.19,0.242,0.9313,0.3753,0.0,0.4404,0.011,19074.72,3.0,56.0,5.0
100,6.0,7.0,8.0,1.0,1.0,2.0,2.0,2,8.0,6.0,7.0,6.0,6.0,6.0,8,8.0,8.0,8.0
,,,,,,,,,,,,,,,,,,
0,0.0,0.0,0.0,0.0,0.0,0.0,0.0,0,0.0,0.0,0.0,0.0,0.0,0.0,0,0.0,0.0,0.0
,0.399,0.4682,0.1277,0.75,0.11,0.14,0.63,0.12,0.059,0.9264,0.2611,0.0,0.4279,0.0454,28417.19,4.0,117.0,2.0
92,6.0,7.0,8.0,1.0,1.0,2.0,2.0,2,0.0,6.0,7.0,6.0,6.0,6.0,8,8.0,8.0,8.0
,0.4088,0.3056,0.1447,0.25,0.35,0.22,0.18,0.25,0.242,0.9264,0.1102,0.0,0.4458,0.0273,20691.79,2.0,100.0,3.0
85,6.0,7.0,8.0,1.0,1.0,2.0,2.0,2,8.0,6.0,0.0,6.0,6.0,6.0,8,8.0,8.0,0.0
,0.4027,0.3931,0.0166,0.57,0.21,0.36,0.14,0.29,0.188,0.988,0.0793,0.0351,0.3746,0.03746,51517.75,6.0,166.56,4.0
47,6.0,7.0,0.0,0.0,1.0,2.0,2.0,2,0.0,6.0,7.0,0.0,0.0,6.0,0,0.0,0.0,8.0
,0.495,0.8797,0.1423,0.39,0.19,0.42,0.11,0.28,0.242,0.0687,0.2661,0.0,0.396,0.0461,32451.5,0.0,114.0,2.0
94,6.0,7.0,8.0,1.0,1.0,2.0,2.0,2,8.0,0.0,7.0,6.0,6.0,6.0,8,8.0,8.0,8.0
,0.388,0.2284,0.1067,0.7,0.05,0.25,0.38,0.32,0.231,0.988,0.0656,0.0,0.3925,0.0342,45013.3,0.0,87.0,2.0
92,6.0,7.0,8.0,1.0,1.0,2.0,2.0,2,0.0,6.0,7.0,6.0,6.0,6.0,8,8.0,8.0,8.0
,0.5269,0.5638,0.0697,0.6,0.11,0.29,0.23,0.37,0.059,0.987,0.2122,0.0222,0.2743,0.0354,62555.45,7.0,132.0,4.0
78,6.0,7.0,8.0,1.0,1.0,2.0,2.0,2,0.0,6.0,7.0,0.0,6.0,6.0,8,0.0,8.0,8.0
,0.5424,0.6484,,0.41,0.59,0.4,0.41,0.41,0.059,0.0687,0.774,0.7017,0.6597,0.0228,1438080,4.0,28.0,0.0
29,6.0,7.0,0.0,0.0,0.0,0.0,0.0,0,0.0,0.0,0.0,0.0,0.0,0.0,0,8.0,8.0,0.0
,0.4352,0.5329,0.1206,0.25,0.28,0.18,0.29,0.25,0.242,0.989,0.026,0.0,0.3694,0.0438,47319.96,7.0,,3.0
86,6.0,7.0,8.0,1.0,1.0,2.0,2.0,2,8.0,6.0,7.0,6.0,6.0,0.0,8,8.0,0.0,8.0
,0.3336,0.2516,0.1146,0.49,0.44,0.07,0.26,0.23,0.242,0.9207,0.2554,0.0,0.4338,0.0426,29548.27,7.0,66.0,5.0
100,6.0,7.0,8.0,1.0,1.0,2.0,2.0,2,8.0,6.0,7.0,6.0,6.0,6.0,8,8.0,8.0,8.0
,0.3531,0.3968,0.0399,0.84,0.0,0.0,0.0,0,0.242,,,0.4951,0.5049,0.4677,43413.01,6.0,117.0,3.0
53,6.0,7.0,0.0,0.0,0.0,0.0,0.0,0,8.0,0.0,0.0,0.0,0.0,0.0,8,8.0,8.0,8.0
,0.525,0.2541,0.0715,0.6,0.0,0.0,0.0,0,1.5,0.6996,0.4138,0.504,0.496,0.4696,71311.9,4.0,160.0,0.0
67,6.0,7.0,8.0,1.0,0.0,0.0,0.0,0,0.0,6.0,7.0,0.0,0.0,0.0,8,8.0,8.0,8.0
,0.44,0.3291,0.1076,0.69,0.06,0.25,0.32,0.37,0.242,0.9206,0.0752,0.6554,0.3345,0.0409,60660.7,4.0,42.0,3.0
81,6.0,7.0,8.0,1.0,1.0,2.0,2.0,2,8.0,6.0,0.0,0.0,0.0,6.0,8,8.0,8.0,8.0
,0.3076,0.2657,0.1267,0.27,0.17,0.3,0.26,0.27,0.242,0.9027,0.1025,0.0,0.4337,0.0261,28648.37,2.0,44.0,5.0
78,6.0,7.0,8.0,1.0,1.0,2.0,2.0,2,8.0,0.0,7.0,6.0,6.0,6.0,8,0.0,8.0,0.0
,0.2733,0.2338,0.0766,0.78,0.16,0.06,0.45,0.33,0.242,0.7185,0.2486,0.0,0.4681,0.0385,77565.55,2.0,60.0,1.0
84,6.0,7.0,8.0,1.0,1.0,2.0,2.0,2,8.0,6.0,7.0,6.0,6.0,6.0,8,0.0,8.0,0.0
,,,,,,,,,,,,,,,,,,
0,0.0,0.0,0.0,0.0,0.0,0.0,0.0,0,0.0,0.0,0.0,0.0,0.0,0.0,0,0.0,0.0,0.0
,0.616,0.6269,0.0988,0.46,0.1,0.44,0.25,0.21,0.242,0.9143,0.1429,0.0,0.4238,0.0347,34550.41,0.0,114.0,5.0
100,6.0,7.0,8.0,1.0,1.0,2.0,2.0,2,8.0,6.0,7.0,6.0,6.0,6.0,8,8.0,8.0,8.0
,0.4657,0.136,0.85,0.38,0.0784,0.2916,0.6084,1,0.259,0.3045,,0.4945,0.1587,0.5457,29541.84,1.0,21.0,4.0
30,6.0,0.0,0.0,0.0,0.0,0.0,0.0,0,0.0,0.0,0.0,0.0,0.0,0.0,0,8.0,8.0,8.0
,0.5797,0.3206,,0.44,0.21,0.18,,,0.559,0.0793,0.2139,0.4542,0.0,0.8413,17583.29,0.0,,2.0
37,6.0,7.0,0.0,1.0,0.0,0.0,0.0,0,0.0,0.0,7.0,0.0,0.0,0.0,8,0.0,0.0,8.0
,0.4415,0.4667,0.08,1.6800000000000002,,,,,,0.7185,0.8647,0.4286,0.5714,1.8618999999999999,1.01,0.0,1.01,4.0
27,6.0,7.0,0.0,0.0,0.0,0.0,0.0,0,0.0,6.0,0.0,0.0,0.0,0.0,0,8.0,0.0,0.0
,0.3788,0.3679,0.1194,0.21,0.42,0.26,0.11,0.21,0.242,0.989,0.0222,0.0,0.3446,0.0212,57978.88,0.0,28.0,0.0
92,6.0,7.0,8.0,1.0,1.0,2.0,2.0,2,8.0,6.0,7.0,6.0,6.0,6.0,8,8.0,8.0,0.0
,0.4232,0.3925,0.1524,0.63,0.37,0.29,0.24,0.1,,0.9357,0.2704,0.0,0.5879,,28579.8,1.0,111.0,0.0
72,6.0,7.0,8.0,1.0,1.0,2.0,2.0,2,0.0,6.0,7.0,6.0,0.0,0.0,0,8.0,8.0,8.0
,0.5253,0.4674,0.7045,0.18,0.31,0.34,0.17,0.18,1.333,0.9313,0.0946,0.4404,0.4207,0.0228,18378.88,7.0,28.0,2.0
64,6.0,7.0,0.0,1.0,1.0,2.0,2.0,2,0.0,6.0,7.0,0.0,0.0,6.0,8,8.0,8.0,0.0
,0.7021,0.4065,0.0376,0.22,0.18,0.46,0.14,0.22,0.242,0.0142,0.0152,0.4967,0.4967,0.4691,42673.32,6.0,43.0,2.0
60,6.0,7.0,0.0,1.0,1.0,2.0,2.0,2,8.0,0.0,7.0,0.0,0.0,0.0,8,8.0,8.0,0.0
,0.4248,0.3423,0.0373,0.68,0.18,0.14,0.38,0.3,0.395,0.9844,0.0925,0.0177,0.3516,0.0241,62072.98,7.0,44.0,1.0
78,6.0,7.0,0.0,1.0,1.0,2.0,2.0,2,0.0,6.0,7.0,0.0,6.0,6.0,8,8.0,8.0,8.0
,0.4283,0.5343,0.1281,0.16,0.45,0.25,0.14,0.16,0.242,0.9264,0.2195,0.0,0.3284,0.0153,60517.26,5.0,40.0,2.0
100,6.0,7.0,8.0,1.0,1.0,2.0,2.0,2,8.0,6.0,7.0,6.0,6.0,6.0,8,8.0,8.0,8.0
,0.4971,0.4962,,0.88,0.31,0.4,0.17,1,0.317,0.9844,0.3521,0.3913,0.2671,0.0144,54494.02,3.0,22.0,5.0
42,6.0,0.0,0.0,0.0,0.0,0.0,0.0,0,0.0,6.0,0.0,0.0,0.0,6.0,8,8.0,8.0,0.0
,0.4457,0.5805,0.1202,0.41,0.29,0.3,0.21,0.2,0.242,0.9264,0.1845,0.0,0.4059,0.039,32895.52,0.0,108.0,0.0
92,6.0,7.0,8.0,1.0,1.0,2.0,2.0,2,8.0,6.0,7.0,6.0,6.0,6.0,8,0.0,8.0,8.0
,0.3402,0.5064,0.0987,0.67,0.33,0.17,0.2,0.3,0.242,0.9143,0.1097,0.0,0.3264,0.0284,68535.37,5.0,52.0,3.0
93,6.0,7.0,8.0,1.0,1.0,2.0,2.0,2,8.0,6.0,0.0,6.0,6.0,6.0,8,8.0,8.0,8.0
,0.3659,0.457,0.1266,0.2,0.38,0.05,0.37,0.2,0.242,0.8988,0.0806,0.0,0.2983,0.048,62981.68,6.0,88.0,5.0
100,6.0,7.0,8.0,1.0,1.0,2.0,2.0,2,8.0,6.0,7.0,6.0,6.0,6.0,8,8.0,8.0,8.0
,0.7259,0.8478,0.084,0.55,0.17,0.28,0.32,0.23,0.242,0.7467,0.2112,0.0,0.3503,0.0267,74028.48,6.0,84.0,4.0
79,6.0,7.0,8.0,1.0,1.0,2.0,2.0,2,8.0,0.0,0.0,6.0,6.0,6.0,8,0.0,8.0,8.0
,0.3812,0.4465,0.1184,0.19,0.25,0.23,0.33,0.19,0.242,0.9898,0.1542,0.0,0.3563,0.0446,"53,467.85",3.0,60.0,1.0
93,6.0,7.0,8.0,1.0,1.0,2.0,2.0,2,8.0,6.0,0.0,6.0,6.0,6.0,8,8.0,8.0,8.0
,0.3845,0.2516,0.1212,0.26,0.24,0.28,0.22,0.26,0.242,0.8913,0.4513,0.0,0.3487,0.0373,"52,425.49",2.0,105.0,4.0
87,6.0,7.0,8.0,1.0,1.0,2.0,2.0,2,8.0,0.0,0.0,6.0,6.0,6.0,8,8.0,8.0,8.0
,0.2786,0.231,0.0947,0.72,0.28,0.11,0.1,0.51,0.242,0.9313,0.4468,0.0,0.4404,0.0127,17774.97,1.0,56.0,2.0
92,6.0,7.0,8.0,1.0,1.0,2.0,2.0,2,8.0,6.0,7.0,6.0,6.0,6.0,8,0.0,8.0,8.0
,0.3997,0.2821,0.1263,0.66,0.2,0.14,0.41,0.25,0.242,0.9898,0.0393,0.0,0.348,0.033,48507.98,5.0,74.0,3.0
94,6.0,7.0,8.0,1.0,1.0,2.0,2.0,2,8.0,6.0,7.0,6.0,0.0,6.0,8,8.0,8.0,8.0
,,,,,,,,,,,,,,,,,,
0,0.0,0.0,0.0,0.0,0.0,0.0,0.0,0,0.0,0.0,0.0,0.0,0.0,0.0,0,0.0,0.0,0.0
,,,,,,,,,,,,,,,,,,
0,0.0,0.0,0.0,0.0,0.0,0.0,0.0,0,0.0,0.0,0.0,0.0,0.0,0.0,0,0.0,0.0,0.0
,,,,,,,,,,,,,,,,,,
0,0.0,0.0,0.0,0.0,0.0,0.0,0.0,0,0.0,0.0,0.0,0.0,0.0,0.0,0,0.0,0.0,0.0
