Total,5770682.0,,5770683.0,5770684,,,,,5770685.0,5770686.0,,5770687.0,,,5770688,5770689.0,5770690.0,5770691.0
,1.0,1.0,1.0,1,1.0,1.0,1.0,1.0,1.0,1.0,1.0,1.0,1.0,1.0,1,1.0,1.0,1.0
,,,,,,,,,,,,,,,,,,
,0.4123,0.3578,0.097,0.55,0.16,0.29,0.43,0.12,0.39,0.7185,0.3017,0.0,0.319,0.015,45167.02,4.0,66.0,
16,1.0,1.0,1.0,1,1.0,1.0,1.0,1.0,0.0,1.0,1.0,1.0,1.0,1.0,1,1.0,1.0,0.0
,0.4586,0.4563,0.0295,67.13,9.0,8.0,10.0,1.0,0.394,0.6734,0.0076,0.5,0.45734,0.0374,74178.7,2.0,20.0,
5,1.0,1.0,0.0,0,0.0,0.0,0.0,0.0,0.0,0.0,0.0,0.0,1.0,1.0,1,0.0,0.0,0.0
,0.4805,0.2752,0.0949,,,,,,0.242,0.2652,,0.9999,0.3782,0.0185,50995,5.0,66.0,
9,1.0,1.0,1.0,0,0.0,0.0,0.0,0.0,1.0,0.0,0.0,0.0,1.0,1.0,1,1.0,1.0,0.0
,0.3906,0.3417,0.1158,0.31,0.24,0.09,0.36,0.31,0.242,0.9143,0.1429,0.0,0.3342,0.0455,56073.29,1.0,60.0,3.0
17,0.0,1.0,1.0,1,1.0,1.0,1.0,1.0,1.0,1.0,1.0,1.0,1.0,1.0,1,1.0,1.0,1.0
,0.3305,0.4096,0.0852,0.1,0.28,0.44,0.18,0.1,0.39,0.9669,0.1772,0.0,0.4681,0.18,19378.94,4.0,74.0,
10,0.0,0.0,1.0,1,1.0,1.0,1.0,1.0,0.0,0.0,0.0,1.0,0.0,0.0,1,1.0,1.0,0.0
,0.2718,0.3093,0.4685,0.93,0.07,0.24,0.27,0.42,0.242,0.8928,0.1178,0.0,0.3446,0.0287,59618.5,1.0,136.0,
14,1.0,1.0,0.0,1,1.0,1.0,1.0,1.0,1.0,0.0,0.0,1.0,1.0,1.0,1,1.0,1.0,0.0
,0.3501,0.2061,0.1161,0.78,0.22,0.1,0.31,0.37,35.0,0.0154,0.159,0.0213,0.3906,0.0231,22883.04,5.0,81.0,
12,1.0,1.0,1.0,0,1.0,1.0,1.0,1.0,0.0,0.0,0.0,0.0,1.0,1.0,1,1.0,1.0,0.0
,0.4433,0.3475,0.7465,0.39,0.24,0.07,0.3,0.39,0.242,0.9844,0.3209,0.0178,0.4279,0.0261,76920.44,7.0,112.7,
14,1.0,1.0,0.0,1,1.0,1.0,1.0,1.0,1.0,1.0,1.0,0.0,1.0,1.0,1,1.0,0.0,0.0
,0.6877,0.8963,0.0729,9.44,0.29,1.48,3.44,1.0,0.242,0.9264,0.0736,0.4088,0.5913,0.0475,31316.56,7.0,74.0,
11,1.0,1.0,1.0,0,1.0,0.0,0.0,0.0,1.0,1.0,1.0,0.0,0.0,1.0,1,1.0,1.0,0.0
,0.6862,0.9934,0.1016,0.29,0.91,0.66,0.29,0.0,2.12,0.8989,0.0621,0.0,0.454,0.0357,7170.94,6.0,32.0,3.0
12,1.0,1.0,1.0,1,0.0,0.0,0.0,0.0,0.0,1.0,1.0,1.0,1.0,1.0,0,1.0,1.0,1.0
,0.3488,0.3058,0.1221,0.83,0.3,0.29,0.19,0.22,0.242,0.9207,0.1787,0.0,0.4338,0.0495,72485.83,3.0,82.0,
16,1.0,1.0,1.0,0,1.0,1.0,1.0,1.0,1.0,1.0,1.0,1.0,1.0,1.0,1,1.0,1.0,0.0
,0.3944,0.4792,0.0895,1,0.1,0.33,0.67,1.0,0.242,0.9275,0.2925,0.0172,0.3752,0.0275,37252.7,7.0,144.0,
9,1.0,1.0,1.0,0,0.0,0.0,0.0,0.0,1.0,0.0,0.0,0.0,1.0,1.0,1,1.0,1.0,0.0
,0.4123,0.4478,0.063,0.56,0.17,0.11,0.16,0.56,0.245,0.9531,0.5654,0.0,0.3913,0.0222,46978,7.0,102.0,
15,1.0,1.0,1.0,1,1.0,1.0,1.0,1.0,1.0,0.0,0.0,1.0,1.0,1.0,1,1.0,1.0,0.0
,0.3949,0.5869,0.0926,0.35,0.19,0.14,0.32,0.35,0.242,0.9828,0.0206,0.1585,0.4207,0.035,22081.9,6.0,28.0,
16,1.0,1.0,1.0,1,1.0,1.0,1.0,1.0,1.0,1.0,1.0,0.0,1.0,1.0,1,1.0,1.0,0.0
,0.337,0.2636,0.0963,0.36,0.12,0.43,0.09,0.36,0.259,0.9828,0.0323,0.0017,0.414,0.0377,25255.47,3.0,23.0,
14,1.0,1.0,1.0,1,1.0,1.0,1.0,1.0,0.0,1.0,1.0,0.0,1.0,1.0,1,0.0,1.0,0.0
,0.3122,0.6574,0.1128,0.3,0.12,0.36,0.22,0.3,0.242,0.9026,0.0526,0.0,0.4481,0.029,66869.25,5.0,120.0,
15,1.0,1.0,1.0,1,1.0,1.0,1.0,1.0,1.0,0.0,0.0,1.0,1.0,1.0,1,1.0,1.0,0.0
,0.5119,0.3517,0.0121,0.54,0.46,0.13,0.14,0.27,0.2421,0.9858,0.0289,0.0,0.3821,0.0352,29942.34,0.0,23.0,1.0
17,1.0,1.0,0.0,1,1.0,1.0,1.0,1.0,1.0,1.0,1.0,1.0,1.0,1.0,1,1.0,1.0,1.0
,0.3432,0.3228,0.117,0.62,0.22,0.16,0.27,0.35,0.242,0.9858,0.0289,0.0039,0.4013,0.0355,19519.07,4.0,30.0,
16,1.0,1.0,1.0,1,1.0,1.0,1.0,1.0,1.0,1.0,1.0,0.0,1.0,1.0,1,1.0,1.0,0.0
,0.3,0.3868,0.0866,0.3,0.18,0.44,0.08,0.3,0.242,0.9828,0.0741,0.0,0.414,0.0497,24641.32,3.0,32.0,
17,1.0,1.0,1.0,1,1.0,1.0,1.0,1.0,1.0,1.0,1.0,1.0,1.0,1.0,1,1.0,1.0,0.0
,0.2922,0.3259,0.0947,0,0.05,0.35,0.32,0.28,0.0586,0.9811,0.3956,0.0,0.4364,0.027682,80618.5,5.0,120.0,
16,1.0,1.0,1.0,1,1.0,1.0,1.0,1.0,0.0,1.0,1.0,1.0,1.0,1.0,1,1.0,1.0,0.0
,0.4261,0.4401,0.2334,0.61,0.17,0.21,0.83,0.33,64.0,0.0857,0.5677,20.0,0.35,0.5642,56000,5.0,35.0,
2,1.0,1.0,0.0,0,0.0,0.0,0.0,0.0,0.0,0.0,0.0,0.0,0.0,0.0,0,0.0,0.0,0.0
,0.3199,0.7845,0.095,0.37,,,,,0.242,0.9813,0.0438,0.0,0.4338,0.0128,78640.8,1.0,50.0,
9,0.0,0.0,1.0,1,0.0,0.0,0.0,0.0,1.0,0.0,0.0,1.0,1.0,1.0,1,1.0,1.0,0.0
,0.4042,0.1372,0.1164,0.45,0.08,0.44,2.25,5.0,2.438,0.013,0.0783,0.5834,0.4166,0.0497,78846.07,1.0,40.0,
7,1.0,1.0,0.0,0,1.0,0.0,0.0,0.0,0.0,0.0,1.0,0.0,1.0,1.0,0,0.0,1.0,0.0
,0.3484,0.4595,0.126,0.59,0.18,0.23,0.3,0.29,0.242,0.9143,0.1776,0.0,0.317,0.0313,60036.23,2.0,112.0,1.0
17,1.0,1.0,1.0,1,1.0,1.0,1.0,1.0,1.0,1.0,0.0,1.0,1.0,1.0,1,1.0,1.0,1.0
,0.3633,0.4877,0.127,0.63,0.37,0.29,0.21,0.13,0.242,0.9207,0.054,0.0,0.4373,0.0287,72487,1.0,144.0,
16,1.0,0.0,1.0,1,1.0,1.0,1.0,1.0,1.0,1.0,1.0,1.0,1.0,1.0,1,1.0,1.0,0.0
,0.3011,0.3451,0.1358,0.4,0.17,0.05,0.38,0.4,0.242,0.9207,0.3051,0.0,0.3179,0.0174,54450.41,6.0,102.0,
17,1.0,1.0,1.0,1,1.0,1.0,1.0,1.0,1.0,1.0,1.0,1.0,1.0,1.0,1,1.0,1.0,0.0
,0.3787,0.4667,0.0424,0.15,0.25,0.21,0.39,0.15,0.696,0.987,0.3245,0.0203,0.3962,0.0264,24050.41,2.0,60.0,
14,1.0,1.0,0.0,1,1.0,1.0,1.0,1.0,0.0,1.0,1.0,0.0,1.0,1.0,1,1.0,1.0,0.0
,0.4471,0.3836,0.0926,0.28,0.33,0.31,0.08,0.28,0.194,0.9419,0.4107,0.0,0.0021,0.683,40761,0.0,93.0,
10,0.0,1.0,1.0,1,1.0,1.0,1.0,1.0,0.0,0.0,0.0,1.0,0.0,0.0,0,1.0,1.0,0.0
,0.4109,0.4717,0.0699,0.27,0.25,1.17,0.36,1.62,0.242,0.9143,0.1603,0.0,0.3085,0.0495,57833.91,7.0,40.0,
11,1.0,1.0,0.0,1,1.0,0.0,0.0,0.0,1.0,1.0,0.0,1.0,1.0,1.0,0,1.0,1.0,0.0
,0.4916,0.5644,0.1066,0.58,0.15,0.27,0.3,0.28,0.242,0.8903,0.1543,0.0,0.3487,0.0396,41601.92,0.0,32.0,4.0
16,1.0,1.0,1.0,1,1.0,1.0,1.0,1.0,1.0,0.0,0.0,1.0,1.0,1.0,1,1.0,1.0,1.0
,0.5068,0.6463,0.1372,0.29,0.24,0.16,0.31,0.29,0.242,0.9304,0.3011,0.0,0.43,0.0197,72347.5,2.0,54.0,
15,1.0,1.0,1.0,1,1.0,1.0,1.0,1.0,1.0,0.0,0.0,1.0,1.0,1.0,1,1.0,1.0,0.0
,0.3948,0.4973,0.1188,0.39,0.3,0.31,0.22,0.17,0.242,0.988,0.0544,0.0,0.3773,0.0446,19081.39,4.0,56.0,
17,1.0,1.0,1.0,1,1.0,1.0,1.0,1.0,1.0,1.0,1.0,1.0,1.0,1.0,1,1.0,1.0,0.0
,0.3243,0.2161,0.0763,0.57,0.35,0.08,0.39,0.18,0.39,0.72,0.2,0.0,0.3745,0.0386,44496.55,4.0,40.0,
14,1.0,1.0,1.0,1,1.0,1.0,1.0,1.0,0.0,0.0,0.0,1.0,1.0,1.0,1,1.0,1.0,0.0
,0.604,0.6255,0.0771,0.26,0.21,1.38,3.7,6.0,0.242,0.989,0.2635,0.0,0.3939,0.0339,38128.44,7.0,128.0,
13,1.0,1.0,1.0,0,1.0,0.0,0.0,0.0,1.0,1.0,1.0,1.0,1.0,1.0,1,1.0,1.0,0.0
,0.5745,0.745,0.0863,,,,,,0.327,0.9656,6.358,0.1525,0.4238,0.0198,20107.97,1.0,93.0,
8,1.0,1.0,1.0,0,0.0,0.0,0.0,0.0,0.0,0.0,0.0,0.0,1.0,1.0,1,1.0,1.0,0.0
,0.5762,0.3243,0.011936,0,0.43,0.265,0.2275,1.0,0.2420615,0.9928,0.7098847,0.3621,0.01999995,0.98,27001.92,3.0,80.0,
7,1.0,0.0,0.0,1,1.0,0.0,0.0,0.0,1.0,0.0,0.0,0.0,0.0,0.0,1,1.0,1.0,0.0
,0.3533,0.3458,0.0791,0.91,0.09,0.28,0.38,0.25,0.242,0.7357,0.4346,0.0,0.0652,0.6736,"43,137.50",5.0,84.0,0.0
14,1.0,1.0,1.0,1,1.0,1.0,1.0,1.0,1.0,0.0,0.0,1.0,0.0,0.0,1,1.0,1.0,1.0
,0.5795,0.5463,0.0806,0.16,0.13,0.36,0.48,0.16,0.242,0.9898,0.3263,0.014,0.4291,0.0256,22360.49,4.0,120.0,
15,1.0,1.0,1.0,1,1.0,1.0,0.0,1.0,1.0,1.0,1.0,0.0,1.0,1.0,1,1.0,1.0,0.0
,0.3328,0.3287,0.1169,0.07,0.22,0.31,0.33,0.14,0.042,0.093,0.5101,0.4938,0.3538,0.0284,56485.6,1.0,168.0,
9,1.0,1.0,1.0,0,0.0,0.0,0.0,0.0,0.0,0.0,1.0,0.0,1.0,1.0,1,1.0,1.0,0.0
,0.4753,0.4259,0.1245,0.06,0.35,0.3,0.29,0.06,0.242,0.2652,0.1416,0.2103,0.6051,0.0346,44321.5,4.0,20.0,
13,1.0,0.0,1.0,1,1.0,1.0,1.0,1.0,1.0,0.0,1.0,0.0,0.0,1.0,1,1.0,1.0,0.0
,0.4607,0.4,0.1471,0.79,0.34,0.2,0.06,0.07,0.242,0.2815,0.3017,0.0,0.2983,0.0145,50967.02,3.0,96.0,
12,1.0,1.0,1.0,0,1.0,0.0,0.0,0.0,1.0,0.0,1.0,1.0,1.0,1.0,1,1.0,1.0,0.0
,0.4347,0.4919,0.1217,0.42,0.37,0.21,0.27,0.15,0.153,0.9859,0.0223,0.41664,0.41664,0.03511,2995.6,5.0,37.0,
12,1.0,1.0,1.0,1,1.0,1.0,1.0,1.0,0.0,0.0,0.0,0.0,1.0,1.0,0,1.0,1.0,0.0
,0.3124,0.439,0.0767,0.57,0.16,0.27,0.36,0.21,0.242,0.6778,0.1205,0.251,0.3745,0.0392,46796.55,1.0,40.0,
15,1.0,1.0,1.0,0,1.0,1.0,1.0,1.0,1.0,1.0,1.0,0.0,1.0,1.0,1,1.0,1.0,0.0
,0.4107,0.2907,0.098,0,0.39,0.27,0.11,0.23,0.242,0.9844,0.3209,0.0,0.4101,0.0261,24720.44,4.0,84.0,
17,1.0,1.0,1.0,1,1.0,1.0,1.0,1.0,1.0,1.0,1.0,1.0,1.0,1.0,1,1.0,1.0,0.0
,0.4175,0.4301,0.0836,0.54,0.19,0.27,0.18,0.36,0.242,0.9357,0.139,0.0,0.3694,0.0123,40966.09,3.0,64.0,
16,1.0,1.0,1.0,0,1.0,1.0,1.0,1.0,1.0,1.0,1.0,1.0,1.0,1.0,1,1.0,1.0,0.0
,0.6728,0.8289,0.1139,0.73,0.05,0.22,0.14,0.59,0.242,0.6691,0.1491,0.3758,0.3647,0.0436,53937.62,6.0,88.0,
9,1.0,1.0,1.0,0,0.0,0.0,0.0,0.0,1.0,0.0,0.0,0.0,1.0,1.0,1,1.0,1.0,0.0
,0.5859,0.7485,0.1643,2.57,0.0,2.0,4.0,6.0,6912.81,0.0643,0.3797,0.3646,0.6354,0.0217,56925.48,6.0,72.75,
5,1.0,1.0,0.0,0,0.0,0.0,0.0,0.0,0.0,0.0,1.0,0.0,0.0,1.0,1,0.0,0.0,0.0
,0.5006,0.4917,0.806,0.36,0.3,0.34,0.13,0.23,0.441,0.9313,0.2245,0.0131,0.3781,0.0112,57891.8,6.0,86.6,
12,1.0,1.0,0.0,0,1.0,1.0,1.0,1.0,0.0,1.0,1.0,0.0,1.0,1.0,1,1.0,0.0,0.0
,0.3587,0.1525,0.103,0.29,0.18,0.16,0.37,0.29,0.242,0.907,0.2914,0.0,0.44811,0.0199,71755.45,7.0,96.0,
16,1.0,0.0,1.0,1,1.0,1.0,1.0,1.0,1.0,1.0,1.0,1.0,1.0,1.0,1,1.0,1.0,0.0
,0.7148,0.6848,0.105,0.59,0.11,0.3,0.26,0.33,0.242,0.9357,0.1175,0.0,0.3556,0.039,60258.16,1.0,22.0,
17,1.0,1.0,1.0,1,1.0,1.0,1.0,1.0,1.0,1.0,1.0,1.0,1.0,1.0,1,1.0,1.0,0.0
,0.488,0.5146,0.104,0.28,0.14,0.43,0.15,0.28,0.242,0.987,0.2615,0.0,0.3761,0.0,28067.92,2.0,129.0,
16,1.0,1.0,1.0,1,1.0,1.0,1.0,1.0,1.0,1.0,1.0,1.0,1.0,0.0,1,1.0,1.0,0.0
,0.3039,0.3073,0.0935,0.69,6.0,25.0,35.0,34.0,0.242,0.9844,0.1131,0.5899,0.4101,0.0144,25303.71,0.0,99.0,
11,1.0,1.0,1.0,1,0.0,0.0,0.0,0.0,1.0,1.0,1.0,0.0,1.0,1.0,1,0.0,1.0,0.0
,0.3928,0.2236,0.0949,0.09,0.22,0.34,0.35,0.09,0.242,0.9844,0.3989,0.0175,0.3925,0.0284,30136.26,6.0,100.0,
16,1.0,1.0,1.0,1,1.0,1.0,1.0,1.0,1.0,1.0,1.0,0.0,1.0,1.0,1,1.0,1.0,0.0
,0.1777,0.1825,0.0923,0.84,0.16,0.33,0.12,0.39,0.242,0.9357,0.0989,0.0153,0.3804,0.0399,35434.94,2.0,28.0,
14,1.0,1.0,1.0,0,1.0,1.0,1.0,1.0,1.0,1.0,1.0,0.0,1.0,1.0,1,0.0,1.0,0.0
,0.7467,0.5806,0.1121,1,1.0,1.0,1.0,1.0,0.242,0.8988,0.1021,0.01424,0.3503,0.0407,59117.09,1.0,38.0,
11,1.0,1.0,1.0,0,0.0,0.0,0.0,0.0,1.0,1.0,1.0,0.0,1.0,1.0,1,1.0,1.0,0.0
,0.2875,0.2516,0.0519,0.99,0.99,2.9699999999999998,3.96,5.9399999999999995,1.0,0.0817,1.1512,0.0638,0.4681,0.0182,64690.47,4.0,0.47,
6,1.0,1.0,0.0,0,0.0,0.0,0.0,0.0,0.0,0.0,0.0,0.0,1.0,1.0,1,1.0,0.0,0.0
,0.6627,0.7368,0.1037,0.19,0.31,0.44,0.06,0.19,0.395,0.9357,0.4515,0.0442,0.4558,0.0259,68925.48,1.0,54.0,
14,1.0,1.0,0.0,1,1.0,1.0,1.0,1.0,0.0,1.0,1.0,0.0,1.0,1.0,1,1.0,1.0,0.0
,0.4488,0.5588,0.7337,0,0.28,0.34,0.13,0.25,2.44,0.9357,0.0989,0.2611,0.3694,0.0151,40484.9,7.0,66.0,
13,1.0,1.0,0.0,0,1.0,1.0,1.0,1.0,0.0,1.0,1.0,0.0,1.0,1.0,1,1.0,1.0,0.0
,0.4586,0.194,0.0902,0.36,0.28,0.17,0.19,0.36,0.39,0.9664,0.7131,0.0,0.4573,0.2178,5472.98,1.0,88.0,
11,1.0,1.0,1.0,1,1.0,1.0,1.0,1.0,0.0,0.0,0.0,1.0,0.0,0.0,0,1.0,1.0,0.0
,0.3697,0.2917,0.3214,0.9,0.099617,0.218391,0.298851,0.383142,0.242,0.9207,0.054,0.0375,0.2993,0.0309,55003.36,6.0,131.64,
7,1.0,1.0,0.0,0,0.0,0.0,0.0,0.0,1.0,1.0,1.0,0.0,0.0,0.0,1,1.0,0.0,0.0
,0.3445,0.4264,0.0787,0.35,0.17,0.16,0.32,0.35,0.242,0.7357,0.3705,0.0,0.3516,0.0113,44484.9,0.0,56.0,
15,1.0,1.0,1.0,1,1.0,1.0,1.0,1.0,1.0,0.0,0.0,1.0,1.0,1.0,1,1.0,1.0,0.0
,0.4438,0.365,0.1054,0.36,0.28,0.36,0.07,0.29,0.242,0.987,0.2128,0.0,0.376,0.022,31000,6.0,75.0,
17,1.0,1.0,1.0,1,1.0,1.0,1.0,1.0,1.0,1.0,1.0,1.0,1.0,1.0,1,1.0,1.0,0.0
,0.5218,0.0022,0.1102,0.36,4.0,2.0,1.0,1.0,0.242,0.9313,0.0643,0.0,0.3487,0.0314,37882.1,2.0,152.0,
10,1.0,0.0,1.0,0,0.0,0.0,0.0,0.0,1.0,1.0,1.0,1.0,1.0,1.0,1,0.0,1.0,0.0
,0.3453,0.373,0.1079,0.37,0.1,0.53,0.24,0.13,0.242,0.987,0.0646,0.1667,0.4166,0.0456,17343,7.0,29.0,
15,1.0,1.0,1.0,1,1.0,1.0,1.0,1.0,1.0,1.0,1.0,0.0,1.0,1.0,1,1.0,0.0,0.0
,0.6343,0.5313,0.0827,0.12,0.36,0.09,0.43,0.12,0.39,0.9831,0.2126,0.0,-0.2692,1.7962,34405.18,1.0,32.0,
12,1.0,1.0,1.0,1,1.0,1.0,1.0,1.0,0.0,0.0,0.0,1.0,0.0,0.0,1,1.0,1.0,0.0
,0.6364,0.9542,0.0748,0.42,0.32,0.26,0.06,0.36,0.242,0.8683,0.2706,0.0,0.4129,0.0137,27916.56,2.0,78.01,
15,1.0,1.0,1.0,1,1.0,1.0,1.0,1.0,1.0,0.0,0.0,1.0,1.0,1.0,1,1.0,1.0,0.0
,0.5063,0.5617,0.0972,0.25,0.3,0.45,0.18,0.07,0.242,0.989,0.0361,0.0,0.3483,0.0475,36785.83,5.0,48.0,
16,1.0,1.0,1.0,1,1.0,1.0,1.0,1.0,1.0,1.0,0.0,1.0,1.0,1.0,1,1.0,1.0,0.0
,0.7761,0.5525,0.1004,0.16,0.37,0.08,0.39,0.16,2.438,0.25,,0.0001,0.4541,0.0431,72537.62,7.0,72.0,
13,1.0,1.0,1.0,1,1.0,1.0,1.0,1.0,0.0,0.0,0.0,0.0,1.0,1.0,1,1.0,1.0,0.0
,0.7281,0.7551,0.1165,0.27,0.17,0.26,0.3,0.27,0.242,0.9026,0.1486,0.0,0.3309,0.0317,40968.02,1.0,56.0,
15,1.0,1.0,1.0,1,1.0,1.0,1.0,1.0,1.0,0.0,0.0,1.0,1.0,1.0,1,1.0,1.0,0.0
,0.5422,0.474,0.1105,0.58,0.1,0.32,0.3,0.28,0.242,0.9844,0.0415,0.3774,0.3694,0.0213,32465.54,3.0,90.0,
16,1.0,1.0,1.0,1,1.0,1.0,1.0,1.0,1.0,1.0,1.0,0.0,1.0,1.0,1,1.0,1.0,0.0
,0.3681,0.3234,0.1038,0.22,0.29,0.28,0.21,0.22,0.242,0.907,0.2002,0.0,0.3389,0.0129,7240.13,5.0,52.0,
16,1.0,1.0,1.0,1,1.0,1.0,1.0,1.0,1.0,1.0,1.0,1.0,1.0,1.0,0,1.0,1.0,0.0
,0.338,0.2036,0.1209,0.54,0.31,0.15,0.33,0.21,0.242,0.9869,0.2615,0.4166,0.4166,0.02362,76750.41,6.0,24.0,
16,1.0,1.0,1.0,1,1.0,1.0,1.0,1.0,1.0,1.0,1.0,0.0,1.0,1.0,1,1.0,1.0,0.0
,0.3762,0.5585,0.09,0.65,0.09,0.26,0.45,0.2,0.242,0.0737,0.1297,0.3446,0.3446,0.0262,42485.43,2.0,84.0,
14,0.0,1.0,1.0,1,1.0,1.0,1.0,1.0,1.0,0.0,1.0,0.0,1.0,1.0,1,1.0,1.0,0.0
,0.4705,0.3828,0.0728,0.33,0.39,0.18,0.1,0.33,0.242,0.9858,0.0289,0.6147,0.3853,0.0454,39176.01,7.0,80.0,
13,1.0,1.0,1.0,0,1.0,1.0,0.0,0.0,1.0,1.0,1.0,0.0,1.0,1.0,1,1.0,1.0,0.0
,0.4746,0.4717,0.1435,0.22,0.29,0.14,0.35,0.22,0.179,0.7,0.1831,0.0,0.3412,0.0417,50334.94,7.0,37.64,3.0
14,1.0,1.0,0.0,1,1.0,1.0,1.0,1.0,0.0,1.0,1.0,1.0,1.0,1.0,1,0.0,0.0,1.0
,0.3203,0.1689,0.5709,0.37,0.15,-0.31,-1.52,,0.3047,0.3004,0.6996,0.3516,0.3516,0.02999,42736.35,7.0,160.0,
8,1.0,1.0,0.0,0,1.0,0.0,0.0,0.0,0.0,0.0,0.0,0.0,1.0,1.0,1,1.0,1.0,0.0
,0.3624,0.2677,0.111,0.33,0.25,0.34,0.08,0.33,0.242,0.9143,0.565,0.0,0.4964,0.4625,75002.93,2.0,60.0,
14,1.0,1.0,1.0,1,1.0,1.0,1.0,1.0,1.0,1.0,0.0,1.0,0.0,0.0,1,1.0,1.0,0.0
,0.4042,0.5235,0.104,0.14,0.43,0.26,0.17,0.14,0.242,0.0142,0.2603,0.0193,0.4013,0.0247,25185.43,6.0,99.0,
15,1.0,1.0,1.0,1,1.0,1.0,1.0,1.0,1.0,0.0,1.0,0.0,1.0,1.0,1,1.0,1.0,0.0
,0.3681,0.4229,0.1163,0.89,0.11,0.19,0.35,0.35,0.242,0.8988,0.4147,0.3309,0.3309,0.0238,37113.01,4.0,122.99,
14,1.0,1.0,1.0,1,1.0,0.0,0.0,1.0,1.0,1.0,1.0,0.0,1.0,1.0,1,1.0,1.0,0.0
,0.6266,0.6719,0.0779,0.68,0.37,0.14,0.06,0.11,0.729,0.9858,0.0522,0.0145,0.4265,0.0471,19535.36,0.0,68.0,
12,1.0,1.0,1.0,0,1.0,1.0,0.0,0.0,0.0,1.0,1.0,0.0,1.0,1.0,1,1.0,1.0,0.0
,0.4934,,0.1429,0.32,0.27,0.25,0.14,0.34,0.242,0.9207,0.4366,,,,57365.53,4.0,126.0,
12,1.0,0.0,1.0,0,1.0,1.0,1.0,1.0,1.0,1.0,1.0,0.0,0.0,0.0,1,1.0,1.0,0.0
,0.4256,0.4257,0.0954,0.53,0.09,0.08,0.3,0.53,0.103,0.7185,0.5139,0.0,0.3369,0.028,45015.88,7.0,136.0,
16,1.0,1.0,1.0,1,1.0,1.0,1.0,1.0,0.0,1.0,1.0,1.0,1.0,1.0,1,1.0,1.0,0.0
,0.4809,0.3398,0.1224,0.84,0.16,0.13,0.21,0.5,0.242,0.093,0.0703,0.0,0.3478,0.0346,57412.13,1.0,40.0,
16,1.0,1.0,1.0,1,1.0,1.0,1.0,1.0,1.0,0.0,1.0,1.0,1.0,1.0,1,1.0,1.0,0.0
,0.6616,0.5798,0.0851,0.41,0.46,0.13,0.19,0.22,0.059,0.9929,0.0616,0.4238,0.4238,0.0245,21725.48,7.0,108.0,
13,1.0,1.0,1.0,1,1.0,1.0,1.0,1.0,0.0,0.0,0.0,0.0,1.0,1.0,1,1.0,1.0,0.0
,0.6126,0.5154,0.0724,0.44,0.12,0.16,0.28,0.44,0.2421,0.7484,0.1552,0.0146,0.3792,0.0322,44228.44,0.0,176.0,
15,1.0,1.0,1.0,0,1.0,1.0,1.0,1.0,1.0,1.0,1.0,0.0,1.0,1.0,1,1.0,1.0,0.0
,0.5249,0.313,0.0988,0.32,0.18,0.72,3.4,7.0,0.4635,0.8988,0.2832,0.0,0.3503,0.017,60007.97,1.0,114.0,
13,1.0,1.0,1.0,1,1.0,0.0,0.0,0.0,0.0,1.0,1.0,1.0,1.0,1.0,1,1.0,1.0,0.0
,0.2865,0.3571,0.1012,0.36,0.14,0.5,0.12,0.24,0.022,0.72,0.315,0.0,0.3594,0.5636,4275,4.0,67.88,
11,1.0,1.0,1.0,1,1.0,1.0,1.0,1.0,0.0,0.0,0.0,1.0,1.0,0.0,0,0.0,1.0,0.0
,0.4541,0.4496,0.1099,0.89,0.11,0.33,0.18,0.38,1.0,0.8683,0.1738,0.0,0.4681,0.0366,63296.72,3.0,40.0,
12,0.0,0.0,1.0,1,1.0,1.0,1.0,1.0,0.0,0.0,0.0,1.0,1.0,1.0,1,1.0,1.0,0.0
,0.4289,0.3797,0.1306,0.2,0.25,0.4,0.15,0.2,0.242,0.6996,0.0746,0.0,0.3341,0.0297,52136.26,4.0,88.0,
17,1.0,1.0,1.0,1,1.0,1.0,1.0,1.0,1.0,1.0,1.0,1.0,1.0,1.0,1,1.0,1.0,0.0
,0.882,0.584,0.0801,,,,,,0.6875,0.9143,0.5174,,,,33728.44,4.0,112.0,
7,1.0,0.0,1.0,0,0.0,0.0,0.0,0.0,0.0,1.0,1.0,0.0,0.0,0.0,1,1.0,1.0,0.0
,0.3158,0.3099,0.1009,0.07,0.23,0.3,0.4,0.07,0.242,0.9858,0.14,0.0,0.3821,0.0173,28767.5,5.0,54.0,
17,1.0,1.0,1.0,1,1.0,1.0,1.0,1.0,1.0,1.0,1.0,1.0,1.0,1.0,1,1.0,1.0,0.0
,0.3489,0.5531,0.0699,0.67,0.096,0.29,0.48,0.57,0.242,0.7348,0.2184,0.3876,0.3876,0.0416,46978.7,5.0,40.0,
11,1.0,1.0,1.0,0,0.0,0.0,0.0,0.0,1.0,1.0,1.0,0.0,1.0,1.0,1,1.0,1.0,0.0
,0.497,0.187,0.1254,0.16,0.25,0.4,0.19,0.16,0.242,0.988,0.3245,0.3538,0.3309,0.0252,28730.52,6.0,54.0,
15,1.0,1.0,1.0,1,1.0,1.0,1.0,1.0,1.0,1.0,1.0,0.0,0.0,1.0,1,1.0,1.0,0.0
,0.6833,0.5938,0.3826,0.66,0.22,0.12,0.38,0.28,0.242,0.8988,0.0321,0.0,0.3503,0.0287,59434.95,6.0,151.98,3.0
17,1.0,1.0,0.0,1,1.0,1.0,1.0,1.0,1.0,1.0,1.0,1.0,1.0,1.0,1,1.0,1.0,1.0
,0.4116,0.4775,0.1339,0.48,0.16,0.36,0.07,0.41,0.242,0.9207,0.1789,0.0,0.3085,0.0489,57485.82,2.0,84.0,
16,1.0,1.0,1.0,0,1.0,1.0,1.0,1.0,1.0,1.0,1.0,1.0,1.0,1.0,1,1.0,1.0,0.0
,0.6107,0.5964,0.1042,0.75,0.25,0.16,0.33,0.26,0.3,0.0687,0.0785,0.3741,0.486,0.0332,54174.97,4.0,80.0,
13,1.0,1.0,1.0,1,1.0,1.0,1.0,1.0,0.0,0.0,1.0,0.0,0.0,1.0,1,1.0,1.0,0.0
,0.4397,0.5706,0.1151,0.55,0.15,0.3,0.24,0.31,0.2421,0.9523,0.2401,0.0,0.3403,0.0419,38001.92,5.0,64.0,
15,1.0,1.0,1.0,1,1.0,1.0,1.0,1.0,1.0,0.0,0.0,1.0,1.0,1.0,1,1.0,1.0,0.0
,0.3213,0.4238,0.1077,0.15,0.13,0.31,0.41,0.15,0.242,0.9858,0.0938,0.0,0.4207,0.0109,80847.28,4.0,58.0,
17,1.0,1.0,1.0,1,1.0,1.0,1.0,1.0,1.0,1.0,1.0,1.0,1.0,1.0,1,1.0,1.0,0.0
,0.3654,0.4884,0.1031,0.2,0.1577,0.33,0.512,0.235,4.365,0.6305,0.3403,0.3958,0.4503,0.0254,70672.96,4.0,90.0,
8,1.0,1.0,1.0,0,0.0,0.0,0.0,0.0,0.0,0.0,0.0,0.0,1.0,1.0,1,1.0,1.0,0.0
,0.5074,0.4034,0.0181,0.66,0.19,0.15,0.55,0.11,0.059,0.989,0.1748,0.0,0.4181,0.0193,26578,6.0,120.0,
13,1.0,1.0,0.0,1,1.0,1.0,0.0,0.0,0.0,1.0,1.0,1.0,1.0,1.0,1,1.0,1.0,0.0
,0.2019,0.3291,0.6606,0.54,0.28,0.18,0.45,0.09,23.63,0.014,0.019,0.32,0.5,0.0304,23303.36,6.0,17.49,
10,0.0,1.0,0.0,1,1.0,1.0,1.0,1.0,0.0,0.0,1.0,0.0,0.0,1.0,1,1.0,0.0,0.0
,0.5473,0.6719,0.141,0.31,0.13,0.33,0.23,0.31,0.8413,0.9889,0.0461,0.3446,0.3204,0.9591,26840.31,4.0,50.0,
13,1.0,1.0,1.0,1,1.0,1.0,1.0,1.0,0.0,1.0,1.0,0.0,0.0,0.0,1,1.0,1.0,0.0
,0.5578,0.4509,0.098,0.64,0.25,0.11,0.45,0.19,0.242,0.9357,0.2704,0.0,0.3694,0.0144,55635.36,1.0,46.75,
16,1.0,1.0,1.0,1,1.0,1.0,1.0,1.0,1.0,1.0,1.0,1.0,1.0,1.0,1,1.0,0.0,0.0
,0.3681,0.4742,0.0989,0.42,0.28,0.3,0.06,0.36,0.242,0.8903,0.0403,0.0,0.4364,0.0297,74619.6,2.0,100.0,
14,1.0,1.0,1.0,1,1.0,1.0,1.0,1.0,1.0,0.0,0.0,1.0,1.0,1.0,0,1.0,1.0,0.0
,0.5628,0.649,0.1601,0.93,0.07,0.45,0.17,0.31,0.242,0.8438,0.6986,0.0,0.2869,0.0275,51446.65,1.0,120.0,
14,1.0,1.0,1.0,1,1.0,1.0,1.0,1.0,1.0,0.0,0.0,1.0,1.0,1.0,0,1.0,1.0,0.0
,0.3668,0.3949,0.1283,0.42,0.08,0.39,0.38,0.15,0.242,0.9207,0.2554,0.0,0.4338,0.0156,74067.02,0.0,129.0,
16,1.0,1.0,1.0,0,1.0,1.0,1.0,1.0,1.0,1.0,1.0,1.0,1.0,1.0,1,1.0,1.0,0.0
,0.4698,0.4349,0.0888,0.08,0.55,0.14,0.23,0.08,0.242,0.7185,0.1253,0.0,0.3446,0.0314,46319.81,6.0,159.37,
17,1.0,1.0,1.0,1,1.0,1.0,1.0,1.0,1.0,1.0,1.0,1.0,1.0,1.0,1,1.0,1.0,0.0
,0.3436,0.3755,0.1074,0.44,0.23,0.33,0.34,0.1,0.242,0.6208,0.0644,0.3108,0.3446,0.0347,61381.92,3.0,36.0,
14,1.0,1.0,1.0,1,1.0,1.0,1.0,1.0,1.0,0.0,0.0,0.0,1.0,1.0,1,1.0,1.0,0.0
,0.4081,0.3045,0.1048,0.32,0.37,0.31,0.08,0.24,0.3975,0.9143,0.1429,0.0036,0.4638,0.0467,64703.71,3.0,52.0,
15,1.0,1.0,1.0,1,1.0,1.0,1.0,1.0,0.0,1.0,1.0,0.0,1.0,1.0,1,1.0,1.0,0.0
,0.5351,0.0685,0.0725,0.16,0.07,0.45,0.32,0.16,0.242,0.805,0.4613,0.0,0.3976,0.0297,39267.95,1.0,112.0,2.0
16,1.0,1.0,1.0,1,1.0,1.0,1.0,1.0,1.0,0.0,0.0,1.0,1.0,1.0,1,1.0,1.0,1.0
,27.6432,48.3542,2.4532,48.75,34.0,69.0,92.0,100.0,28.6,23.7648,84.2389,23.4578,87.3542,34.5786,66395,5.0,27.42,
0,0.0,0.0,0.0,0,0.0,0.0,0.0,0.0,0.0,0.0,0.0,0.0,0.0,0.0,0,0.0,0.0,0.0
,0.3275,0.4637,0.0809,0.37,0.19,0.315,0.243,0.2,0.242,0.9828,0.0605,0.0,0.4013,0.047,28260.13,5.0,72.0,
14,1.0,1.0,1.0,1,1.0,0.0,0.0,0.0,1.0,1.0,1.0,1.0,1.0,1.0,1,1.0,1.0,0.0
,0.4603,0.5648,0.0917,0.39,0.37,0.24,0.22,0.17,0.348,0.9844,0.2096,0.018,0.3971,0.0205,26357.95,4.0,63.0,
14,1.0,1.0,1.0,1,1.0,1.0,1.0,1.0,0.0,1.0,1.0,0.0,1.0,1.0,0,1.0,1.0,0.0
,0.4535,0.5224,0.0312,0.3,0.18,0.26,0.7,1.0,0.242,0.9858,0.211,0.0,0.4244,0.0208,77902.93,1.0,48.0,
13,1.0,1.0,0.0,1,1.0,0.0,0.0,0.0,1.0,1.0,1.0,1.0,1.0,1.0,1,1.0,1.0,0.0
,0.4481,0.4823,0.1224,0.67,0.05,0.28,0.34,0.33,0.395,0.7348,0.1776,0.023,0.2969,0.0386,43340.31,0.0,20.0,
15,1.0,1.0,1.0,1,1.0,1.0,1.0,1.0,0.0,1.0,1.0,0.0,1.0,1.0,1,1.0,1.0,0.0
,0.3309,0.4251,0.0919,1.7,0.22,0.22,0.37,0.3,0.242,0.8988,0.8544,0.0,0.4522,0.0143,73378.94,4.0,78.0,
13,1.0,1.0,1.0,0,0.0,0.0,1.0,1.0,1.0,1.0,0.0,1.0,1.0,1.0,1,1.0,1.0,0.0
,0.3078,0.3592,0.1679,0.18,0.13,0.45,0.24,0.18,0.059,0.9207,0.2139,0.4889,,0.4537,58547.28,0.0,76.0,
11,1.0,1.0,0.0,1,1.0,1.0,1.0,1.0,0.0,1.0,1.0,0.0,0.0,0.0,1,0.0,1.0,0.0
,0.58,0.4593,0.082,0.44,0.12,0.44,0.15,0.29,0.242,0.72,0.095,0.0,0.4121,0.0431,33055.5,0.0,30.0,
14,1.0,1.0,1.0,1,1.0,1.0,1.0,1.0,1.0,0.0,0.0,1.0,1.0,1.0,0,1.0,1.0,0.0
,0.5728,0.5521,0.0859,0.33,0.11,0.36,0.2,0.33,0.242,0.9313,0.4472,0.0,0.4588,0.0263,71817.19,5.0,78.0,
16,1.0,1.0,1.0,0,1.0,1.0,1.0,1.0,1.0,1.0,1.0,1.0,1.0,1.0,1,1.0,1.0,0.0
,0.4316,0.4246,0.1102,0.83,0.17,0.12,0.24,0.47,0.059,0.9026,0.1666,0.0,0.3247,0.0131,60222.52,3.0,52.0,
14,1.0,1.0,1.0,1,1.0,1.0,1.0,1.0,0.0,0.0,0.0,1.0,1.0,1.0,1,1.0,1.0,0.0
,0.45034,0.29955,0.062,0.72,0.12,0.16,0.14,0.58,0.33333,0.73483,0.58319,0.3875,0.3875,0.0128,43972.97,0.0,28.0,
14,1.0,1.0,1.0,1,1.0,1.0,1.0,1.0,0.0,1.0,0.0,0.0,1.0,1.0,1,1.0,1.0,0.0
,0.7584,0.7383,0.0959,0.7,0.09,0.21,0.25,0.45,0.242,0.9357,0.0989,0.0,0.4389,0.0344,75128.45,3.0,34.0,
17,1.0,1.0,1.0,1,1.0,1.0,1.0,1.0,1.0,1.0,1.0,1.0,1.0,1.0,1,1.0,1.0,0.0
,0.2782,0.1367,0.0243,0.41,0.36,0.23,0.32,0.09,0.729,0.6996,0.2296,0.0,0.364,0.0111,45341.32,7.0,52.0,
15,1.0,1.0,0.0,1,1.0,1.0,1.0,1.0,0.0,1.0,1.0,1.0,1.0,1.0,1,1.0,1.0,0.0
,0.4107,0.3114,0.1302,0.9,0.1,0.35,0.19,0.36,0.707,0.9143,0.04759,0.0173,0.3341,0.0303,54519.81,6.0,103.92,
14,1.0,1.0,1.0,1,1.0,1.0,1.0,1.0,0.0,1.0,1.0,0.0,1.0,1.0,1,1.0,0.0,0.0
,0.5653,0.41,0.0782,0.29,0.22,0.3,0.19,0.29,0.262,0.993,0.9113,0.0,0.4452,0.0469,77273.18,3.0,48.0,
14,1.0,1.0,1.0,1,1.0,1.0,1.0,1.0,0.0,0.0,0.0,1.0,1.0,1.0,1,1.0,1.0,0.0
,0.3712,0.3521,0.1008,,,,,,0.242,0.0172,0.0399,0.0,0.4364,0.0402,77994,0.0,25.0,0.0
11,1.0,1.0,1.0,0,0.0,0.0,0.0,0.0,1.0,0.0,1.0,1.0,1.0,1.0,0,1.0,1.0,1.0
,0.4984,0.5327,0.1211,0.3,0.31,0.39,0.09,0.21,0.242,0.9143,0.2987,0.0,0.4621,0.0185,63185.43,0.0,90.0,
17,1.0,1.0,1.0,1,1.0,1.0,1.0,1.0,1.0,1.0,1.0,1.0,1.0,1.0,1,1.0,1.0,0.0
,0.3478,0.2677,0.1033,0.89,0.1088,0.2491,0.2912,0.3509,0.242,0.907,0.0703,0.0,0.4522,0.0366,72696.55,0.0,35.0,
12,1.0,1.0,1.0,0,0.0,0.0,0.0,0.0,1.0,1.0,1.0,1.0,1.0,1.0,1,1.0,1.0,0.0
,0.5184,0.5521,0.1406,0.42,0.21,0.1,0.27,0.42,0.242,0.989,0.267,0.0,0.3694,0.0344,23344.76,3.0,13.0,
16,1.0,1.0,1.0,1,1.0,1.0,1.0,1.0,1.0,1.0,0.0,1.0,1.0,1.0,1,1.0,1.0,0.0
,0.3699,0.3655,0.205,2.15,0.22,0.86,2.88,6.0,1.0,0.987,0.2615,0.4938,,,19200,7.0,75.0,
7,1.0,1.0,0.0,0,1.0,0.0,0.0,0.0,0.0,1.0,1.0,0.0,0.0,0.0,0,1.0,1.0,0.0
,0.4379,0.4956,0.1279,0.28,0.32,0.4,0.08,0.2,0.242,0.9143,0.0615,0.0,0.4621,0.303,62619.81,1.0,72.0,
16,1.0,1.0,1.0,1,1.0,1.0,1.0,1.0,1.0,1.0,1.0,1.0,1.0,0.0,1,1.0,1.0,0.0
,0.5261,0.3982,0.1198,0.61,0.21,0.18,0.31,0.3,0.242,0.988,0.0961,0.0,0.4922,0.0115,22648.21,2.0,88.0,
16,1.0,1.0,1.0,1,1.0,1.0,1.0,1.0,1.0,1.0,1.0,1.0,0.0,1.0,1,1.0,1.0,0.0
,0.4569,0.527,0.1271,0,0.29,0.14,0.32,0.25,0.242,0.987,0.0441,0.0,0.4166,0.0422,80543,0.0,58.0,
17,1.0,1.0,1.0,1,1.0,1.0,1.0,1.0,1.0,1.0,1.0,1.0,1.0,1.0,1,1.0,1.0,0.0
,0.6179,0.9114,0.0927,0.22,0.4,0.31,0.07,0.22,0.242,0.9811,0.2063,0.0,0.4364,0.0223,76807.97,5.0,93.91,
16,1.0,1.0,1.0,1,1.0,1.0,1.0,1.0,1.0,1.0,1.0,1.0,1.0,1.0,1,1.0,0.0,0.0
,0.6137,0.5661,,0.67,0.28,0.05,0.35,0.32,,,,0.4265,0.5736,0.0368,19958.16,0.0,36.0,
11,1.0,1.0,0.0,1,1.0,1.0,1.0,1.0,0.0,0.0,0.0,0.0,0.0,1.0,1,1.0,1.0,0.0
,0.5392,0.4418,0.1387,0.87,0.42,0.2,0.09,1.0,0.242,0.6477,0.2683,0.1335,0.4558,0.0174,63165,3.0,60.0,
9,1.0,1.0,1.0,0,0.0,0.0,0.0,0.0,1.0,0.0,0.0,0.0,1.0,1.0,1,1.0,1.0,0.0
,0.368,0.3701,0.1549,0.79,0.21,0.37,0.28,0.14,0.242,0.9264,0.3107,0.0,0.447,0.0185,63613.02,6.0,78.0,
17,1.0,1.0,1.0,1,1.0,1.0,1.0,1.0,1.0,1.0,1.0,1.0,1.0,1.0,1,1.0,1.0,0.0
,0.5642,0.5455,0.0433,0.91,0.09,0.24,0.36,0.31,0.242,0.0406,0.0638,0.0569,0.4715,0.0365,63978.7,1.0,10.0,
13,1.0,1.0,0.0,1,1.0,1.0,1.0,1.0,1.0,0.0,0.0,0.0,1.0,1.0,1,1.0,1.0,0.0
,0.5234,0.4954,0.1451,0.2,0.15,0.3,0.5,1.0,0.242,0.9264,0.1801,0.0,0.4207,0.1151,67747.5,2.0,52.0,
7,1.0,0.0,1.0,0,0.0,0.0,0.0,0.0,1.0,1.0,0.0,1.0,1.0,0.0,0,0.0,1.0,0.0
,0.5182,0.5522,0.0814,0.93,0.07,0.42,0.17,0.34,0.059,0.8988,0.0806,0.0148,0.3939,0.0424,35637.62,4.0,72.0,
15,1.0,1.0,1.0,1,1.0,1.0,1.0,1.0,0.0,1.0,1.0,0.0,1.0,1.0,1,1.0,1.0,0.0
,0.5717,0.6707,0.0875,1.9100000000000001,0.22,0.38,0.31,0.09,0.242,0.9898,0.0393,0.5568,0.4432,0.0262,17378.7,7.0,34.0,
14,1.0,1.0,1.0,0,1.0,1.0,1.0,1.0,1.0,1.0,1.0,0.0,1.0,0.0,1,1.0,1.0,0.0
,0.5413,0.4667,0.1205,0.59,0.41,0.12,0.07,0.4,0.245,0.9143,0.1518,0.0,0.4984,0.4669,64688.86,1.0,168.0,
14,1.0,1.0,1.0,1,1.0,1.0,1.0,1.0,1.0,1.0,0.0,1.0,0.0,0.0,1,1.0,1.0,0.0
,0.4502,0.4976,0.1119,0.29,0.32,0.39,0.19,0.1,0.242,0.989,0.0461,0.0,0.3309,0.0181,39030.52,2.0,43.13,
16,1.0,1.0,1.0,1,1.0,1.0,1.0,1.0,1.0,1.0,1.0,1.0,1.0,1.0,1,1.0,0.0,0.0
,0.3847,0.1789,0.1073,0.17,0.27,0.33,0.23,0.17,0.1073,0.805,0.3412,0.4902,0.4902,0.4623,43219.5,6.0,28.0,
9,1.0,1.0,1.0,0,1.0,1.0,1.0,1.0,0.0,0.0,0.0,0.0,0.0,0.0,0,1.0,1.0,0.0
,0.365,0.318,0.1231,1,0.25,0.53,0.76,1.0,1.0,0.9207,0.1789,0.5,0.5,0.0471,58228.48,6.0,68.0,
9,1.0,0.0,1.0,0,1.0,0.0,0.0,0.0,0.0,1.0,1.0,0.0,0.0,1.0,1,1.0,1.0,0.0
,0.4251,0.4177,0.114,0.36,0.54,0.1,0.13,0.23,0.242,0.907,0.1104,0.0,0.4458,0.0429,73434.94,6.0,56.0,
17,1.0,1.0,1.0,1,1.0,1.0,1.0,1.0,1.0,1.0,1.0,1.0,1.0,1.0,1,1.0,1.0,0.0
,0.4428,0.3989,0.7453,0.36,0.06,0.16,0.27,0.16,0.242,0.4872,0.0785,0.0196,0.4207,0.0146,76847.28,1.0,114.0,
8,1.0,1.0,0.0,0,0.0,0.0,0.0,0.0,1.0,0.0,0.0,0.0,1.0,1.0,1,1.0,1.0,0.0
,0.3718,0.4626,0.1348,0.82,0.0425,2.1669,2.8891999999999998,3.6115,0.242,0.6477,0.4133,0.018,0.3264,0.0281,57303.36,1.0,120.0,
10,1.0,1.0,1.0,1,0.0,0.0,0.0,0.0,1.0,0.0,0.0,0.0,1.0,1.0,1,1.0,1.0,0.0
,0.3298,0.3686,0.0943,0.69,,,,,5.583,0.9828,0.0259,0.0,0.4175,0.0356,24458.65,0.0,39.0,
11,1.0,1.0,1.0,0,0.0,0.0,0.0,0.0,0.0,1.0,1.0,1.0,1.0,1.0,1,1.0,1.0,0.0
,0.384467,0.4727,0.07061,0.19,0.26,0.46,0.09,0.19,0.242,0.9898,0.1185,0.0,0.4152,0.0134,28772.98,7.0,78.0,
17,1.0,1.0,1.0,1,1.0,1.0,1.0,1.0,1.0,1.0,1.0,1.0,1.0,1.0,1,1.0,1.0,0.0
,0.5899,0.4492,0.1419,0.59,0.31,0.1,0.34,0.25,0.242,0.989,0.597,0.5662,0.4338,0.0254,23195.52,3.0,132.0,
15,1.0,1.0,1.0,1,1.0,1.0,1.0,1.0,1.0,1.0,0.0,0.0,1.0,1.0,1,1.0,1.0,0.0
,0.3339,0.4034,0.136,0.21,0.13,0.22,0.44,0.21,0.242,0.9207,0.3051,0.0,0.2895,0.0181,60583.04,6.0,90.0,
17,1.0,1.0,1.0,1,1.0,1.0,1.0,1.0,1.0,1.0,1.0,1.0,1.0,1.0,1,1.0,1.0,0.0
,0.5628,0.5,0.1442,0.32,0.31,0.24,0.13,0.32,0.599,0.9918,0.0288,0.5662,0.4338,0.0352,25721.5,4.0,13.38,
11,1.0,1.0,1.0,0,1.0,1.0,1.0,1.0,0.0,0.0,0.0,0.0,1.0,1.0,1,1.0,0.0,0.0
,0.5185,0.7269,0.0043,0.53,0.12,0.35,0.22,0.31,0.242,0.84375,0.27,0.0,0.3821,0.0329,50321.5,1.0,80.0,
14,1.0,1.0,0.0,1,1.0,1.0,1.0,1.0,1.0,0.0,0.0,1.0,1.0,1.0,1,1.0,1.0,0.0
,0.4561,0.5936,0.096,0.49,0.25,0.26,0.35,0.14,0.242,0.7185,0.4327,0.0,0.3369,0.0245,43300.55,1.0,102.0,
17,1.0,1.0,1.0,1,1.0,1.0,1.0,1.0,1.0,1.0,1.0,1.0,1.0,1.0,1,1.0,1.0,0.0
,0.3121,0.6574,0.0371,0.7,0.12,1.44,2.8,5.0,0.059,0.093,0.0403,1.0,,,66869.15,2.0,120.0,
6,1.0,1.0,0.0,0,1.0,0.0,0.0,0.0,0.0,0.0,1.0,0.0,0.0,0.0,1,0.0,1.0,0.0
,0.4381,0.4718,0.1004,0.47,0.1,0.43,0.34,0.13,0.242,0.7348,0.1098,0.0,0.3782,0.0301,50417.19,6.0,128.0,
17,1.0,1.0,1.0,1,1.0,1.0,1.0,1.0,1.0,1.0,1.0,1.0,1.0,1.0,1,1.0,1.0,0.0
,0.4273,0.3783,0.1321,0.11,0.33,0.3,0.15,0.22,0.2421,0.989,0.0666,0.4013,0.4013,0.0458,75960.85,1.0,56.0,
15,1.0,1.0,1.0,0,1.0,1.0,1.0,1.0,1.0,1.0,1.0,0.0,1.0,1.0,1,1.0,1.0,0.0
,0.3019,0.2049,0.107,0.18,0.37,1.24,2.46,5.0,,0.9858,0.2603,0.0,0.4245,0.0246,17085.43,4.0,66.0,
12,0.0,1.0,1.0,1,1.0,0.0,0.0,0.0,0.0,1.0,1.0,1.0,1.0,1.0,1,1.0,1.0,0.0
,0.5289,0.6064,0.0763,0.54,0.33,0.16,0.24,0.27,1.706,0.9898,0.1185,0.43156,0.5684,0.0147,20372.98,2.0,126.0,
13,1.0,1.0,1.0,0,1.0,1.0,1.0,1.0,0.0,1.0,1.0,0.0,0.0,1.0,1,1.0,1.0,0.0
,0.4512,0.194,,12.65,-2.8825,-2.5324999999999998,-2.4025,-2.2824999999999998,,0.7484,0.4053,0.37394,0.3739,0.0449,"521,476",2.0,2.74,
5,1.0,0.0,0.0,0,0.0,0.0,0.0,0.0,0.0,1.0,0.0,0.0,1.0,1.0,0,1.0,0.0,0.0
,0.5581,0.5689,0.1142,0.33,0.07,0.4,0.2,0.33,0.242,0.987,0.0646,0.4121,0.4121,0.0451,79101.92,2.0,74.0,
16,1.0,1.0,1.0,1,1.0,1.0,1.0,1.0,1.0,1.0,1.0,0.0,1.0,1.0,1,1.0,1.0,0.0
,0.3796,0.4104,0.131,0.8,0.08,0.12,0.47,0.33,0.242,0.834,0.4747,0.3264,0.3264,0.0165,53167.92,0.0,78.0,
14,1.0,1.0,1.0,1,1.0,1.0,1.0,1.0,1.0,0.0,0.0,0.0,1.0,1.0,1,1.0,1.0,0.0
,0.2758,0.25,0.093,0.32,0.15,0.43,0.1,0.32,0.242,0.8988,0.192,0.0,0.4522,0.0129,73678.94,5.0,64.0,
17,1.0,1.0,1.0,1,1.0,1.0,1.0,1.0,1.0,1.0,1.0,1.0,1.0,1.0,1,1.0,1.0,0.0
,0.347,0.2597,0.1228,0.75,0.25,0.29,0.01,-0.59,0.0724,0.987,0.0441,0.6038,0.3962,0.0408,20422.46,3.0,38.0,
13,1.0,1.0,1.0,1,1.0,1.0,0.0,0.0,0.0,1.0,1.0,0.0,1.0,1.0,1,1.0,1.0,0.0
,0.491,0.5417,0.1112,0.21,0.43,0.36,0.14,0.07,0.242,0.987,0.0164,0.3707,0.3694,0.0295,31099.43,3.0,72.0,
15,1.0,1.0,1.0,0,1.0,1.0,1.0,1.0,1.0,1.0,1.0,0.0,1.0,1.0,1,1.0,1.0,0.0
,,,,,,,,,,,,,,,,,,
0,0.0,0.0,0.0,0,0.0,0.0,0.0,0.0,0.0,0.0,0.0,0.0,0.0,0.0,0,0.0,0.0,0.0
,0.4087,0.3904,0.1006,0.67,0.18,0.15,0.34,0.33,0.242,0.9143,0.3583,0.0,0.3632,0.0384,39750.5,4.0,26.0,
15,1.0,1.0,1.0,0,1.0,1.0,1.0,1.0,1.0,1.0,1.0,1.0,1.0,1.0,0,1.0,1.0,0.0
,0.5445,0.7019,0.0901,0.26,0.16,0.18,0.4,0.26,0.242,0.9313,0.4472,0.0,0.4573,0.0243,70060.49,2.0,114.0,
17,1.0,1.0,1.0,1,1.0,1.0,1.0,1.0,1.0,1.0,1.0,1.0,1.0,1.0,1,1.0,1.0,0.0
,0.3423,0.2683,0.1067,0.24,0.43,0.33,0.07,0.17,0.242,0.8988,0.046,0.0,0.4681,0.0332,66381.92,3.0,160.0,
17,1.0,1.0,1.0,1,1.0,1.0,1.0,1.0,1.0,1.0,1.0,1.0,1.0,1.0,1,1.0,1.0,0.0
,0.5201,0.5829,0.0733,0.81,0.19,0.27,0.44,0.1,0.242,0.9026,0.224,0.0,0.3792,0.0247,42707.98,5.0,120.0,
14,1.0,1.0,1.0,1,1.0,1.0,1.0,1.0,1.0,0.0,0.0,1.0,1.0,1.0,1,0.0,1.0,0.0
,0.6336,0.6351,0.08833,0.54,0.09,0.37,0.43,0.11,0.2421,53.0,,0.0,0.4389,0.02275,79925,6.0,102.0,
15,1.0,1.0,1.0,1,1.0,1.0,1.0,1.0,1.0,0.0,0.0,1.0,1.0,1.0,1,1.0,1.0,0.0
,0.3714,0.3947,0.0991,0.28,0.26,0.29,0.17,0.28,0.2421,0.9844,0.062,0.0,0.4279,0.0467,77503.7079,5.0,46.0,
17,1.0,1.0,1.0,1,1.0,1.0,1.0,1.0,1.0,1.0,1.0,1.0,1.0,1.0,1,1.0,1.0,0.0
,0.6908,0.7189,0.0648,0.64,0.36,0.3,0.26,0.08,0.29,0.88,0.5363,0.0,0.4613,0.193,44434.8,2.0,64.0,0.0
12,0.0,1.0,1.0,1,1.0,1.0,1.0,1.0,0.0,0.0,0.0,1.0,0.0,0.0,1,1.0,1.0,1.0
,0.4504,0.561,0.1437,0.66,0.19,0.15,0.43,0.23,0.242,0.989,0.1748,0.0,0.3949,0.0197,77213.02,2.0,102.0,
17,1.0,1.0,1.0,1,1.0,1.0,1.0,1.0,1.0,1.0,1.0,1.0,1.0,1.0,1,1.0,1.0,0.0
,0.4163,0.4615,0.1137,0.89,0.11,0.11,0.11,1.0,0.242,0.987,0.1157,0.5834,0.4166,0.0137,79804.63,2.0,46.0,
10,1.0,1.0,1.0,0,0.0,0.0,0.0,0.0,1.0,1.0,1.0,0.0,1.0,1.0,1,0.0,1.0,0.0
,0.5342,0.585,0.5884,0.05,0.28,0.31,0.36,0.05,0.563,0.012,0.0793,0.0,0.3773,0.0488,23129.4,3.0,66.0,4.0
14,1.0,1.0,0.0,1,1.0,1.0,1.0,1.0,0.0,0.0,1.0,1.0,1.0,1.0,1,0.0,1.0,1.0
,0.3325,0.3418,0.1162,0,0.34,0.4,0.17,0.09,0.242,0.987,0.0364,0.0,0.3761,0.0389,26543,2.0,20.0,
17,1.0,1.0,1.0,1,1.0,1.0,1.0,1.0,1.0,1.0,1.0,1.0,1.0,1.0,1,1.0,1.0,0.0
,0.4651,0.4017,0.0976,0.63,0.29,0.46,0.77,0.91,0.2421,0.6625,0.0905,0.0,0.3782,0.0336,57421.5,1.0,136.0,3.0
12,1.0,1.0,1.0,0,1.0,0.0,0.0,0.0,1.0,0.0,0.0,1.0,1.0,1.0,1,1.0,1.0,1.0
,0.4653,0.5886,,,,,,,,0.0687,0.1831,0.459,0.459,0.9608,,3.0,7.0,1.0
5,1.0,1.0,0.0,0,0.0,0.0,0.0,0.0,0.0,0.0,0.0,0.0,1.0,0.0,0,0.0,1.0,1.0
,0.5677,0.6578,0.1008,0.26,0.13,0.44,0.17,0.26,0.39,0.989,0.0384,0.0,0.3369,0.0376,42332.25,1.0,40.0,
16,1.0,1.0,1.0,1,1.0,1.0,1.0,1.0,0.0,1.0,1.0,1.0,1.0,1.0,1,1.0,1.0,0.0
,0.4434,0.4813,0.1256,0.53,0.24,0.23,0.27,0.26,0.242,0.9254,0.2469,0.0,0.4373,0.0208,69500.56,4.0,126.01,
14,0.0,1.0,1.0,1,1.0,1.0,1.0,1.0,1.0,0.0,0.0,1.0,1.0,1.0,1,1.0,1.0,0.0
,0.7807,0.7476,,0.63,0.42,0.21,0.17,0.2,,0.9844,0.0339,0.1178,0.4411,0.0405,80958.16,1.0,35.0,
13,1.0,1.0,0.0,0,1.0,1.0,1.0,1.0,0.0,1.0,1.0,0.0,1.0,1.0,1,1.0,1.0,0.0
,0.3642,0.3147,0.1188,0.19,0.33,0.39,0.09,0.19,0.902,0.6996,0.2827,0.0173,0.3341,0.0129,52284.9,7.0,51.12,
14,1.0,1.0,1.0,1,1.0,1.0,1.0,1.0,0.0,1.0,1.0,0.0,1.0,1.0,1,1.0,0.0,0.0
,0.5257,0.0766,0.1314,0.13,0.29,0.32,0.14,0.25,1.0,0.989,0.2635,-0.4,0.3446,0.0242,26613.01,4.0,120.0,
13,1.0,0.0,1.0,0,1.0,1.0,1.0,1.0,0.0,1.0,1.0,0.0,1.0,1.0,1,1.0,1.0,0.0
,0.3077,0.5016,0.1207,1,0.08,0.36,0.85,1.0,0.242,0.4872,0.0297,0.0,0.4207,0.0392,16452.79,7.0,46.0,
11,1.0,1.0,1.0,0,1.0,0.0,0.0,0.0,1.0,0.0,0.0,1.0,1.0,1.0,1,1.0,1.0,0.0
,0.4377,0.4012,0.1309,0.52,0.27,0.21,0.34,0.18,0.242,0.988,0.0544,0.0,0.3843,0.044,22501.92,7.0,46.0,
17,1.0,1.0,1.0,1,1.0,1.0,1.0,1.0,1.0,1.0,1.0,1.0,1.0,1.0,1,1.0,1.0,0.0
,0.5532,0.6379,0.1083,0.33,0.19,0.32,0.16,0.33,0.242,0.0643,0.139,0.4558,0.4558,0.0416,70437.62,1.0,84.0,
14,1.0,1.0,0.0,1,1.0,1.0,1.0,1.0,1.0,0.0,1.0,0.0,1.0,1.0,1,1.0,1.0,0.0
,0.494,0.4128,0.1117,0.29,0.13,0.28,0.42,1.0,0.5273,0.9412,0.1776,0.67528,0.32472,0.04901,61003.70791,0.0,84.0,
9,1.0,1.0,1.0,0,1.0,0.0,0.0,0.0,0.0,0.0,0.0,0.0,1.0,1.0,1,1.0,1.0,0.0
,0.5309,0.3764,0.0374,0.7991,,,,,,0.9313,0.4472,0.0137,0.4588,0.0255,66378,0.0,108.0,
9,1.0,1.0,0.0,0,0.0,0.0,0.0,0.0,0.0,1.0,1.0,0.0,1.0,1.0,1,1.0,1.0,0.0
,0.4406,0.4167,0.1341,0.62,0.2,0.18,0.28,0.34,0.242,0.9264,0.2195,0.0,0.4256,0.0106,69229.4,3.0,60.0,
17,1.0,1.0,1.0,1,1.0,1.0,1.0,1.0,1.0,1.0,1.0,1.0,1.0,1.0,1,1.0,1.0,0.0
,0.5865,0.5613,0.1721,0.36,0.26,0.06,0.32,0.36,0.242,0.9264,0.0736,0.0,0.3821,0.0324,56144.76,4.0,40.0,
16,1.0,1.0,1.0,0,1.0,1.0,1.0,1.0,1.0,1.0,1.0,1.0,1.0,1.0,1,1.0,1.0,0.0
,0.553,0.7127,0.1103,0.28,0.22,0.35,0.15,0.28,0.242,0.8903,0.0857,0.0,0.3403,0.0378,41901.92,5.0,32.0,
15,1.0,1.0,1.0,1,1.0,1.0,1.0,1.0,1.0,0.0,0.0,1.0,1.0,1.0,1,1.0,1.0,0.0
,0.8026,0.8818,0.1021,0.41,0.2,0.24,0.15,0.41,0.242,0.8988,0.1022,0.0,0.4541,0.0435,71537.62,3.0,76.0,
17,1.0,1.0,1.0,1,1.0,1.0,1.0,1.0,1.0,1.0,1.0,1.0,1.0,1.0,1,1.0,1.0,0.0
,0.3609,0.5083,0.1096,0.92,0.08,0.28,0.48,0.16,0.242,0.907,0.0703,0.4681,0.4681,0.0353,63781.92,4.0,34.0,
16,1.0,1.0,1.0,1,1.0,1.0,1.0,1.0,1.0,1.0,1.0,0.0,1.0,1.0,1,1.0,1.0,0.0
,0.6177,0.65,0.08796,0.49,0.35,0.16,0.25,0.24,0.242,0.9898,0.2644,0.1178,0.4411,0.0236,77342.99,6.0,60.0,
16,1.0,1.0,1.0,1,1.0,1.0,1.0,1.0,1.0,1.0,1.0,0.0,1.0,1.0,1,1.0,1.0,0.0
,,,,,,,,,,,,,,,,,,
0,0.0,0.0,0.0,0,0.0,0.0,0.0,0.0,0.0,0.0,0.0,0.0,0.0,0.0,0,0.0,0.0,0.0
,,,,,,,,,,,,,,,,,,
0,0.0,0.0,0.0,0,0.0,0.0,0.0,0.0,0.0,0.0,0.0,0.0,0.0,0.0,0,0.0,0.0,0.0
,0.4825,0.625,0.1203,0.52,0.86,0.52,0.19,0.0,0.242,0.988,0.0174,0.0232,0.3538,0.03,30250.09,3.0,172.0,
11,1.0,0.0,1.0,1,0.0,0.0,0.0,0.0,1.0,1.0,1.0,0.0,1.0,1.0,1,1.0,1.0,0.0
,0.4038,0.2785,0.0868,0.41,0.46,0.26,0.11,0.17,0.242,0.907,0.2914,0.0344,0.375,0.0213,37020.44,1.0,183.97,
14,1.0,1.0,1.0,0,1.0,1.0,1.0,1.0,1.0,1.0,1.0,0.0,1.0,1.0,1,1.0,0.0,0.0
,0.393,0.3882,0.116,0.45,0.19,0.72,2.61,4.0,0.242,0.9858,0.019,0.5987,0.4013,0.0311,17503.33,7.0,132.38,
11,1.0,1.0,1.0,0,1.0,0.0,0.0,0.0,1.0,1.0,1.0,0.0,1.0,1.0,1,1.0,0.0,0.0
,0.2936,0.2893,0.0926,0.48,0.31,0.09,0.12,0.48,0.242,0.9828,0.1115,0.0,0.4052,0.0126,31978.94,1.0,68.0,
16,1.0,1.0,0.0,1,1.0,1.0,1.0,1.0,1.0,1.0,1.0,1.0,1.0,1.0,1,1.0,1.0,0.0
,0.4545,0.5134,0.0794,1,0.0529,0.2601,0.4225,0.2645,0.242,0.8514,0.3947,0.0368,0.3446,0.048,47566.09,7.0,44.0,
9,1.0,1.0,1.0,0,0.0,0.0,0.0,0.0,1.0,0.0,0.0,0.0,1.0,1.0,1,1.0,1.0,0.0
,0.6119,0.5562,0.1088,0.78,0.22,0.29,0.25,0.24,0.23,0.8903,0.0857,0.0,0.3499,0.0375,60714.5,3.0,44.0,
13,1.0,1.0,1.0,1,1.0,1.0,1.0,1.0,0.0,0.0,0.0,1.0,1.0,1.0,0,1.0,1.0,0.0
,0.3683,0.3409,0.1038,0.13,0.22,0.27,0.13,0.38,0.242,0.907,0.1652,0.0,0.3538,0.0474,57160.13,0.0,60.0,
13,1.0,1.0,1.0,1,0.0,0.0,0.0,0.0,1.0,1.0,1.0,1.0,1.0,1.0,1,1.0,1.0,0.0
,0.3366,0.2667,0.1245,0.12,0.33,0.4,0.15,0.12,0.242,0.9143,0.0643,0.0,0.31697,0.02967,60236.26,3.0,88.0,
16,1.0,1.0,1.0,1,1.0,1.0,1.0,1.0,1.0,1.0,0.0,1.0,1.0,1.0,1,1.0,1.0,0.0
,0.58549,0.58113,0.12493,0.09,0.64,0.19,0.08,0.09,0.05859,0.988,0.0793,0.0,0.40129,0.04884,79929.4,0.0,58.0,
16,1.0,1.0,1.0,1,1.0,1.0,1.0,1.0,0.0,1.0,1.0,1.0,1.0,1.0,1,1.0,1.0,0.0
,0.3137,0.3821,0.1035,0.48,0.14,0.38,0.28,0.2,0.242,0.907,0.2418,0.0,0.4668,0.0148,63141.32,1.0,126.0,
16,1.0,1.0,1.0,1,1.0,1.0,1.0,1.0,1.0,1.0,1.0,1.0,1.0,1.0,1,0.0,1.0,0.0
,0.5099,0.1825,0.0939,0.67,0.23,0.17,0.27,0.33,0.2887,0.9313,0.1347,0.4588,0.4452,0.043,68519.77,5.0,68.0,
13,1.0,1.0,1.0,0,1.0,1.0,1.0,1.0,0.0,1.0,1.0,0.0,0.0,1.0,1,1.0,1.0,0.0
,0.3738,0.378,0.1021,0.96,0.31,0.44,0.81,1.0,0.242,0.0142,0.1716,0.1882,0.4059,0.0189,18902.93,2.0,120.0,
11,1.0,1.0,1.0,0,1.0,0.0,0.0,0.0,1.0,0.0,1.0,0.0,1.0,1.0,1,1.0,1.0,0.0
,0.3959,0.1815,0.5254,0.61,0.72,0.61,0.48,1.0,0.189,0.0189,0.0587,0.5793,0.4207,0.0457,24847.09,7.0,4356.0,
7,1.0,1.0,0.0,1,0.0,0.0,0.0,0.0,0.0,0.0,1.0,0.0,1.0,1.0,0,1.0,0.0,0.0
,0.5157,0.14,0.1594,0.58,0.13,0.29,0.3,0.28,,0.9313,0.2661,0.0,0.4991,0.4714,64191.78,4.0,150.0,2.0
13,1.0,0.0,1.0,1,1.0,1.0,1.0,1.0,0.0,1.0,1.0,1.0,0.0,0.0,1,0.0,1.0,1.0
,0.359,0.3812,0.1035,0.26,0.48,0.11,0.15,0.26,0.242,0.9026,0.0672,0.0,0.4503,0.0325,73661.1,3.0,168.0,
14,1.0,1.0,1.0,1,1.0,1.0,1.0,1.0,1.0,0.0,0.0,1.0,1.0,1.0,0,1.0,1.0,0.0
,0.7243,0.8877,0.0802,0.48,0.07,0.31,0.14,0.48,0.242,0.88,0.36,0.0,0.3977,0.0415,34358.16,1.0,54.0,4.0
16,1.0,1.0,1.0,1,1.0,1.0,1.0,1.0,1.0,0.0,0.0,1.0,1.0,1.0,1,1.0,1.0,1.0
,0.3397,0.2491,0.1137,0.39,0.13,0.41,0.07,0.39,0.242,0.9467,0.144,0.0,0.4166,0.0104,78004.63,2.0,56.0,
15,1.0,1.0,1.0,1,1.0,1.0,1.0,1.0,1.0,0.0,0.0,1.0,1.0,1.0,1,1.0,1.0,0.0
,0.1446,0.1053,0.1073,0.67,0.33,0.27,0.22,0.18,0.242,0.6996,0.2296,0.031,0.3538,0.0499,53441.32,0.0,80.0,
16,1.0,1.0,1.0,1,1.0,1.0,1.0,1.0,1.0,1.0,1.0,0.0,1.0,1.0,1,1.0,1.0,0.0
,0.2968,0.3862,0.1235,0.14,0.19,0.29,0.38,0.14,0.242,0.0793,0.2554,0.0,0.4373,0.0157,69104,5.0,126.0,
16,1.0,1.0,1.0,1,1.0,1.0,1.0,1.0,1.0,0.0,1.0,1.0,1.0,1.0,1,1.0,1.0,0.0
,0.4737,0.516,0.1676,0.8,0.2,0.12,0.23,0.45,0.242,0.7348,0.318,0.0,0.3821,0.0113,53190.79,6.0,56.0,
17,1.0,1.0,1.0,1,1.0,1.0,1.0,1.0,1.0,1.0,1.0,1.0,1.0,1.0,1,1.0,1.0,0.0
,0.36552,0.40367,0.032864,,,,,,,,,0.0066,0.4967,0.46042,77522.5158,6.0,,
4,1.0,1.0,0.0,0,0.0,0.0,0.0,0.0,0.0,0.0,0.0,0.0,0.0,0.0,1,1.0,0.0,0.0
,0.6426,0.555,0.2731,0.77,0.14,0.09,0.48,0.29,0.242,0.7185,0.4327,0.0,0.3835,0.0482,42635.36,,16.0,
15,1.0,1.0,0.0,1,1.0,1.0,1.0,1.0,1.0,1.0,1.0,1.0,1.0,1.0,1,0.0,1.0,0.0
,0.5724,0.6542,0.0917,.,,,,,0.0,0.946,0.096,0.0,0.4574,0.0296,70484.4,1.0,56.0,
8,1.0,1.0,1.0,0,0.0,0.0,0.0,0.0,0.0,0.0,0.0,1.0,1.0,1.0,1,0.0,1.0,0.0
,0.4109,0.412,0.1377,0.85,0.082,0.257,0.304,0.357,0.242,0.987,0.1157,0.378,0.3906,0.0126,23185.83,4.0,74.0,
10,1.0,1.0,0.0,0,0.0,0.0,0.0,0.0,1.0,1.0,1.0,0.0,1.0,1.0,1,1.0,1.0,0.0
,0.3904,0.2367,0.069,0.49,0.37,0.14,0.2,0.29,0.242,0.7176,0.279,0.0,0.364,0.0475,49241.32,2.0,81.74,
14,1.0,1.0,1.0,1,1.0,1.0,1.0,1.0,1.0,0.0,0.0,1.0,1.0,1.0,1,1.0,0.0,0.0
,0.5609,0.5025,0.1262,0.51,0.12,0.37,0.21,0.3,0.292,0.9862,0.0698,0.0,0.4931,0.4581,23501.92,5.0,18.0,
12,1.0,1.0,1.0,1,1.0,1.0,1.0,1.0,0.0,0.0,0.0,1.0,0.0,0.0,1,1.0,1.0,0.0
,0.5426,0.2872,0.0847,0.27,0.09,0.17,0.12,0.62,0.242,0.9313,0.1599,0.0142,0.4573,0.0446,67378.7,0.0,28.0,
15,1.0,1.0,1.0,0,1.0,1.0,1.0,1.0,1.0,1.0,1.0,0.0,1.0,1.0,1,1.0,1.0,0.0
,0.2655,0.2535,0.1101,0.81,0.07,1.35,3.24,6.0,0.744,0.907,0.2914,0.0,0.3538,0.01938,56572.96,5.0,156.704,
11,1.0,1.0,1.0,0,1.0,0.0,0.0,0.0,0.0,1.0,1.0,1.0,1.0,1.0,1,1.0,0.0,0.0
,0.5813,0.4942,0.0874,0.38,0.41,0.21,0.27,0.11,0.242,0.9313,0.3753,0.0,0.4573,0.0209,72960.49,3.0,21.0,
17,1.0,1.0,1.0,1,1.0,1.0,1.0,1.0,1.0,1.0,1.0,1.0,1.0,1.0,1,1.0,1.0,0.0
,0.7544,0.6126,0.0939,0.83,0.3,0.32,0.2075,1.0,0.456,0.9313,0.0946,0.4558,0.4558,0.0368,72058.16,7.0,36.0,
10,1.0,1.0,1.0,0,1.0,0.0,0.0,0.0,0.0,1.0,1.0,0.0,1.0,1.0,1,0.0,1.0,0.0
,0.407407,0.4,0.066767,0.33,0.24,0.33,0.27,0.16,0.242061,1.0,1.0,0.40463,0.39133,0.01927,39378.0008,6.0,14400.0,
10,1.0,1.0,1.0,0,1.0,1.0,1.0,1.0,1.0,0.0,0.0,0.0,0.0,1.0,1,0.0,0.0,0.0
,0.5188,0.604,0.176,0.88,,,,,0.242,0.7348,0.1776,0.3821,0.3821,0.0395,524519.77,6.0,20.0,
9,1.0,1.0,0.0,0,0.0,0.0,0.0,0.0,1.0,1.0,1.0,0.0,1.0,1.0,0,1.0,1.0,0.0
,0.5418,0.6026,0.131,0.17,0.35,0.08,0.4,0.17,0.726,0.989,0.097,0.0,0.3707,0.011,19410,1.0,70.0,
15,1.0,1.0,1.0,1,1.0,1.0,1.0,1.0,0.0,1.0,1.0,1.0,0.0,1.0,1,1.0,1.0,0.0
,0.3491,0.5517,0.0983,0.34,0.16,0.28,0.22,0.34,0.091,0.9026,0.224,0.0,0.1056,0.4733,8602.5,7.0,117.0,0.0
10,1.0,0.0,0.0,1,1.0,1.0,1.0,1.0,0.0,0.0,0.0,1.0,0.0,0.0,0,1.0,1.0,1.0
,,,,,,,,,,,,,,,,,,
0,0.0,0.0,0.0,0,0.0,0.0,0.0,0.0,0.0,0.0,0.0,0.0,0.0,0.0,0,0.0,0.0,0.0
,0.4511,0.6432,0.1069,0.56,0.35,0.25,0.31,0.09,0.242,0.013,0.1157,0.2076,0.3962,0.0147,20047.28,0.0,69.0,
10,1.0,1.0,1.0,0,0.0,0.0,0.0,0.0,1.0,0.0,1.0,0.0,1.0,1.0,1,1.0,1.0,0.0
,0.2935,,,0.66,0.16,0.18,0.0,,0.059,,,0.0332,0.4668,0.0363,65058.65,0.0,42.0,
9,1.0,0.0,0.0,1,1.0,1.0,0.0,0.0,0.0,0.0,0.0,0.0,1.0,1.0,1,1.0,1.0,0.0
,0.4303,0.3897,0.1027,0.55,0.19,0.26,0.18,0.37,0.242,0.9732,,0.018,0.4458,0.0145,72822.52,1.0,93.0,
14,1.0,1.0,1.0,1,1.0,1.0,1.0,1.0,1.0,0.0,0.0,0.0,1.0,1.0,1,1.0,1.0,0.0
,0.4794,0.6125,0.1307,0.67,0.1,0.23,0.35,0.32,0.242,0.9875,0.0289,0.0,0.352,0.0401,30258,2.0,38.0,
14,1.0,1.0,1.0,1,1.0,1.0,1.0,1.0,1.0,1.0,0.0,1.0,0.0,1.0,0,1.0,1.0,0.0
,0.7157,0.7943,0.0972,0.6,0.24,0.16,0.19,0.41,0.0586,0.9143,0.0961,0.0,0.4389,0.0381,75737.62,6.0,30.0,
16,1.0,1.0,1.0,1,1.0,1.0,1.0,1.0,0.0,1.0,1.0,1.0,1.0,1.0,1,1.0,1.0,0.0
,0.4447,0.6128,0.0778,0.76,0.24,0.26,0.34,0.16,0.531,0.9313,0.3753,0.3897,0.3897,0.0272,38918.5,2.0,96.0,
15,1.0,1.0,1.0,1,1.0,1.0,1.0,1.0,0.0,1.0,1.0,0.0,1.0,1.0,1,1.0,1.0,0.0
,0.3581,0.3032,0.113,0.67,0.35,0.11,0.22,0.32,,1.0,0.0539,0.5542,0.4458,0.0381,70188.86,6.0,45.03,
9,1.0,1.0,1.0,0,1.0,1.0,1.0,1.0,0.0,0.0,0.0,0.0,1.0,0.0,1,0.0,0.0,0.0
,0.4779,0.548,0.4168,0.73,0.0,0.11,0.19,0.43,0.2421,0.7185,0.1253,0.0,0.3264,0.0348,53319.07,7.0,40.0,
15,1.0,1.0,0.0,1,0.0,1.0,1.0,1.0,1.0,1.0,1.0,1.0,1.0,1.0,1,1.0,1.0,0.0
,0.7807,0.7476,0.0924,0.37,0.42,0.21,0.17,0.2,0.242,0.9844,0.0339,0.0,0.4411,0.0405,80958.16,1.0,35.0,
17,1.0,1.0,1.0,1,1.0,1.0,1.0,1.0,1.0,1.0,1.0,1.0,1.0,1.0,1,1.0,1.0,0.0
,0.4608,0.475,0.1127,0.83,0.17,0.41,0.07,0.35,0.242,0.987,0.1728,0.0,0.4166,0.0198,80750.41,6.0,111.0,
17,1.0,1.0,1.0,1,1.0,1.0,1.0,1.0,1.0,1.0,1.0,1.0,1.0,1.0,1,1.0,1.0,0.0
,0.5068,0.4557,,0.32,0.61,0.92,1.09,1.41,0.242,0.988,0.0961,0.3843,0.3621,0.0107,24948.21,4.0,46.0,
10,1.0,1.0,0.0,1,0.0,0.0,0.0,0.0,1.0,1.0,1.0,0.0,0.0,1.0,1,1.0,1.0,0.0
,0.4055,0.4719,0.1284,1.49,0.21,0.63,0.51,0.0,0.03,0.9207,0.5238,0.0,0.5398,0.0284,65503.36,4.0,152.0,
10,1.0,1.0,1.0,0,1.0,0.0,0.0,0.0,0.0,1.0,1.0,1.0,0.0,1.0,1,0.0,1.0,0.0
,0.3146,0.4279,0.0677,0.27,0.29,0.31,0.13,0.27,0.242,0.6778,0.392,0.0152,0.3745,0.0215,49007.97,4.0,102.0,
16,1.0,1.0,1.0,1,1.0,1.0,1.0,1.0,1.0,1.0,1.0,0.0,1.0,1.0,1,1.0,1.0,0.0
,0.2681,,0.0987,6.13,,,,,0.242,0.4857,0.0335,0.1721,0.414,0.0418,24734.94,0.0,46.51,
6,0.0,0.0,1.0,0,0.0,0.0,0.0,0.0,1.0,0.0,0.0,0.0,1.0,1.0,1,1.0,0.0,0.0
,0.4946,0.6272,0.1733,0.9,0.24,0.28,0.23,0.25,0.935,0.9264,0.0736,0.6118,0.3821,0.0259,54844.76,7.0,44.0,
12,1.0,1.0,1.0,0,1.0,1.0,1.0,1.0,0.0,1.0,0.0,0.0,1.0,0.0,1,1.0,1.0,0.0
,0.389068,0.475884,0.108626,1,0.13,0.4,0.23,0.24,0.242061,0.914286,0.142857,0.4432,0.5568,0.04457,66593.9,2.0,60.0,
14,1.0,1.0,1.0,0,1.0,1.0,1.0,1.0,1.0,1.0,1.0,0.0,0.0,1.0,1,1.0,1.0,0.0
,0.3896,0.2747,0.1085,0.48,0.0203,0.1651,0.332,0.4826,,0.907,0.0542,0.0,0.3385,0.0307,61702.05,6.0,120.0,
11,1.0,1.0,1.0,0,0.0,0.0,0.0,0.0,0.0,1.0,1.0,1.0,1.0,1.0,1,1.0,1.0,0.0
,,,,,,,,,,,,,,,,,,
0,0.0,0.0,0.0,0,0.0,0.0,0.0,0.0,0.0,0.0,0.0,0.0,0.0,0.0,0,0.0,0.0,0.0
,0.6406,0.2857,0.0652,0.09,0.36,0.13,0.33,0.18,0.0,0.7484,0.4626,0.014,0.3835,0.023,48542.99,7.0,10.95,
13,1.0,1.0,1.0,0,1.0,1.0,1.0,1.0,0.0,1.0,1.0,0.0,1.0,1.0,1,1.0,0.0,0.0
,0.4276,0.5993,0.129,0.27,0.2,0.32,0.21,0.27,0.242,0.6996,0.4949,0.3341,0.3341,0.0269,52636.26,4.0,96.0,
16,1.0,1.0,1.0,1,1.0,1.0,1.0,1.0,1.0,1.0,1.0,0.0,1.0,1.0,1,1.0,1.0,0.0
,0.37969,0.50495,0.086,0.35,0.05,0.19,0.41,0.35,0.2406,0.484,0.0754,0.5793,0.4207,0.0143,21278.94,3.0,105.0,
12,0.0,1.0,1.0,0,1.0,1.0,1.0,1.0,1.0,0.0,0.0,0.0,1.0,1.0,1,1.0,1.0,0.0
,0.5379,0.6054,0.739,0.26,0.26,0.22,0.18,0.34,0.125,0.9889,0.0377,0.0242,0.4013,0.0326,76868.02,1.0,88.0,
12,1.0,1.0,0.0,0,1.0,1.0,1.0,1.0,0.0,1.0,0.0,0.0,1.0,1.0,1,1.0,1.0,0.0
,40.9396,64.2857,0.0941,0.24,0.09,0.16,0.51,0.24,0.242,0.9313,0.3753,0.0,0.365,0.024,59578,2.0,132.0,
15,0.0,0.0,1.0,1,1.0,1.0,1.0,1.0,1.0,1.0,1.0,1.0,1.0,1.0,1,1.0,1.0,0.0
,0.3569,0.3976,0.1089,0.31,0.37,0.15,0.17,0.31,0.242,0.8903,0.192,0.0,0.3594,0.0201,53990.47,4.0,96.0,
15,1.0,1.0,1.0,1,1.0,1.0,1.0,1.0,1.0,0.0,0.0,1.0,1.0,1.0,1,1.0,1.0,0.0
,,,,,,,,,,,,,,,,,,
0,0.0,0.0,0.0,0,0.0,0.0,0.0,0.0,0.0,0.0,0.0,0.0,0.0,0.0,0,0.0,0.0,0.0
,0.4432,0.625,0.1412,0.39,0.33,0.28,0.24,0.15,0.242,0.9207,0.3647,0.0,0.49724,0.45304,63665.54,4.0,60.0,
15,1.0,1.0,1.0,1,1.0,1.0,1.0,1.0,1.0,1.0,1.0,1.0,0.0,0.0,1,1.0,1.0,0.0
,0.3847,0.1789,0.7826,0.4,0.27,0.33,0.23,0.17,0.242,0.7185,0.2021,0.0,0.32836,0.0441,43222.46,6.0,28.0,
16,1.0,1.0,0.0,1,1.0,1.0,1.0,1.0,1.0,1.0,1.0,1.0,1.0,1.0,1,1.0,1.0,0.0
,0.2167,0.2636,0.0978,9.51,0.0,0.19,0.2,0.27,0.008,0.7185,0.0315,0.6631,0.3369,0.0309,43186.91,0.0,33.25,
11,1.0,1.0,1.0,0,0.0,1.0,1.0,1.0,0.0,1.0,0.0,0.0,1.0,1.0,1,1.0,0.0,0.0
,0.3698,0.0699,0.0655,,,,,,0.242,0.6865,0.2479,0.3745,,,49078.94,6.0,80.0,
4,0.0,0.0,1.0,0,0.0,0.0,0.0,0.0,1.0,0.0,0.0,0.0,0.0,0.0,1,0.0,1.0,0.0
,0.4721,0.4253,0.0713,0.67,0.09,0.24,0.35,0.32,0.059,0.9926,0.1213,0.0,0.4181,0.0143,26191.79,6.0,120.0,
14,1.0,1.0,1.0,1,1.0,1.0,1.0,1.0,0.0,0.0,0.0,1.0,1.0,1.0,1,1.0,1.0,0.0
,0.527,0.5356,0.1546,0.69,0.18,0.13,0.29,0.4,0.242,0.9264,0.1549,0.0245,0.4256,0.044,73860.85,0.0,64.0,
16,1.0,1.0,1.0,1,1.0,1.0,1.0,1.0,1.0,1.0,1.0,0.0,1.0,1.0,1,1.0,1.0,0.0
,0.4337,0.4671,0.1434,0.46,0.16,0.38,0.06,0.4,0.242,0.7185,0.3017,0.0,0.2983,0.0112,53867.02,2.0,41.14,
16,1.0,1.0,1.0,1,1.0,1.0,1.0,1.0,1.0,1.0,1.0,1.0,1.0,1.0,1,1.0,0.0,0.0
,0.5396,0.7292,0.114,0.19,0.39,0.3,0.12,0.19,0.242,0.7348,0.484,0.0,0.187,0.0,44213.03,0.0,96.0,
14,1.0,1.0,1.0,1,1.0,1.0,1.0,1.0,1.0,1.0,0.0,1.0,0.0,0.0,1,1.0,1.0,0.0
,0.3837,0.2169,,,0.22,0.06,0.17,0.55,,,,0.0,,0.4639,23950,0.0,108.0,
9,1.0,1.0,0.0,0,1.0,1.0,1.0,1.0,0.0,0.0,0.0,1.0,0.0,0.0,0,1.0,1.0,0.0
,0.682,0.5253,0.0734,0.44,0.25,0.31,0.28,0.16,1.0,0.0102,0.1185,0.0,0.4129,0.0129,30235.36,4.0,88.0,
15,1.0,1.0,1.0,1,1.0,1.0,1.0,1.0,0.0,0.0,1.0,1.0,1.0,1.0,1,1.0,1.0,0.0
,0.5699,0.57009,0.1506,0.38,0.1,0.12,0.4,0.38,0.05859,0.65535,0.3651,0.27819,0.27819,0.02472,59948,2.0,154.47,
11,1.0,1.0,1.0,1,1.0,1.0,1.0,1.0,0.0,0.0,0.0,0.0,1.0,1.0,1,0.0,0.0,0.0
,,,,,,,,,,,,,,,,,,
0,0.0,0.0,0.0,0,0.0,0.0,0.0,0.0,0.0,0.0,0.0,0.0,0.0,0.0,0,0.0,0.0,0.0
,0.3486,0.2582,0.0843,0.79,0.21,0.31,0.33,0.15,0.39,0.989,0.055,0.0,0.3694,0.0105,38884.9,7.0,80.0,
15,1.0,1.0,1.0,1,1.0,1.0,1.0,1.0,0.0,1.0,0.0,1.0,1.0,1.0,1,1.0,1.0,0.0
,0.3884,0.041,0.1306,0.28,0.19,0.06,0.47,0.28,0.2421,0.989,0.1516,0.0,0.492,0.4159,30295.51,5.0,138.0,
14,1.0,1.0,1.0,1,1.0,1.0,1.0,1.0,1.0,1.0,0.0,1.0,0.0,0.0,1,1.0,1.0,0.0
,0.1942,0.6466,0.0888,0.59,,,,,2.4375,0.7185,0.4327,0.6554,0.3446,0.0236,46367.92,5.0,60.0,
8,0.0,1.0,1.0,0,0.0,0.0,0.0,0.0,0.0,1.0,1.0,0.0,1.0,1.0,1,0.0,1.0,0.0
,0.335,0.2295,0.0965,,,,,,,0.7185,0.3626,0.0,0.3284,0.0191,44283.04,,198.38,
9,1.0,1.0,1.0,0,0.0,0.0,0.0,0.0,0.0,1.0,1.0,1.0,1.0,1.0,1,0.0,0.0,0.0
,0.5983,0.8229,0.0735,0.14,1.0,2.0,4.0,6.0,0.242,0.492,0.0616,0.1759,0.4121,0.0497,28435.36,2.0,92.0,
9,1.0,1.0,1.0,0,0.0,0.0,0.0,0.0,1.0,0.0,0.0,0.0,1.0,1.0,1,1.0,1.0,0.0
,0.5164,0.6307,0.1378,0.97,0.32,0.45,0.67,1.0,0.242,0.9207,0.3647,0.0188,0.3179,0.0214,54300.55,4.0,84.0,
12,1.0,1.0,1.0,0,1.0,0.0,0.0,0.0,1.0,1.0,1.0,0.0,1.0,1.0,1,1.0,1.0,0.0
,0.7352,0.7926,0.3881,,,,,,0.242,0.7677,0.0196,,,,30654.3,0.0,,
3,1.0,1.0,0.0,0,0.0,0.0,0.0,0.0,1.0,0.0,0.0,0.0,0.0,0.0,0,0.0,0.0,0.0
,0.3012,0.2048,0.0907,0.63,0.07,0.3,0.54,0.09,0.242,0.9828,0.0123,0.1651,0.4175,0.0287,25002.05,6.0,144.0,
16,1.0,1.0,1.0,1,1.0,1.0,1.0,1.0,1.0,1.0,1.0,0.0,1.0,1.0,1,1.0,1.0,0.0
,0.4903,0.3198,0.0925,0.41,0.25,0.15,0.19,0.41,0.07,0.9143,0.1182,0.0,0.3696,0.0257,35402.5,4.0,102.0,3.0
16,1.0,1.0,1.0,1,1.0,1.0,1.0,1.0,0.0,1.0,1.0,1.0,1.0,1.0,1,0.0,1.0,1.0
,0.3949,0.3705,0.0732,0.45,0.16,0.39,0.28,0.17,0.242,0.9804,0.1997,0.0,0.3897,0.0493,38278.94,6.0,72.0,
15,1.0,1.0,1.0,1,1.0,1.0,1.0,1.0,1.0,0.0,0.0,1.0,1.0,1.0,1,1.0,1.0,0.0
,0.3041,1.646,0.3657,,,,,,,,,0.0,0.4207,0.0473,23378.4,5.0,72.0,
6,0.0,0.0,0.0,0,0.0,0.0,0.0,0.0,0.0,0.0,0.0,1.0,1.0,1.0,1,1.0,1.0,0.0
,0.4515,0.1575,0.1505,0,0.09,0.085,0.1075,0.57,0.242,0.9263,0.5295,0.0,0.3949,0.0283,74833.64,5.0,84.0,
14,1.0,1.0,1.0,0,1.0,0.0,0.0,1.0,1.0,1.0,1.0,1.0,1.0,1.0,1,1.0,1.0,0.0
,0.6018,0.5267,0.0161,0.83,0.18,0.39,0.26,0.17,0.242,0.0736,0.2716,0.1759,0.41207,0.3415,32767.85,0.0,132.0,
11,1.0,1.0,0.0,0,1.0,1.0,1.0,1.0,1.0,0.0,0.0,0.0,1.0,0.0,1,1.0,1.0,0.0
,0.41659,0.10314,0.08044,0.61,0.12,0.27,0.25,0.36,1.2854,0.98979,0.04692,0.0,0.4152,0.0404,29678.7,4.0,25.0,
15,1.0,0.0,1.0,1,1.0,1.0,1.0,1.0,0.0,1.0,1.0,1.0,1.0,1.0,1,1.0,1.0,0.0
,0.4248,0.2546,0.0954,1,,,,,0.195,0.7185,0.16128,0.3369,,0.0372,44752.79,0.0,32.0,
9,1.0,1.0,1.0,0,0.0,0.0,0.0,0.0,0.0,1.0,1.0,0.0,0.0,1.0,1,1.0,1.0,0.0
,0.5024,0.2894,0.1683,1.9,0.2,1.1400000000000001,2.6,7.0,0.395,0.9549,0.4422,0.2743,0.2743,0.025,54413.01,7.0,60.0,
10,1.0,1.0,1.0,0,1.0,0.0,0.0,0.0,0.0,0.0,1.0,0.0,1.0,1.0,1,1.0,1.0,0.0
,0.4275,0.6679,0.0853,0.79,0.21,0.29,0.12,0.38,0.246,0.7185,0.3624,0.0,0.3346,0.0177,44885.43,5.0,84.0,
15,1.0,1.0,1.0,1,1.0,1.0,1.0,1.0,1.0,1.0,1.0,1.0,0.0,1.0,1,0.0,1.0,0.0
,0.6054,0.7487,0.1025,0.49,0.24,0.27,0.31,0.18,0.242,0.9554,0.238,0.0,0.331,0.0475,39348.21,7.0,80.0,
15,1.0,1.0,1.0,1,1.0,1.0,1.0,1.0,1.0,0.0,0.0,1.0,1.0,1.0,1,1.0,1.0,0.0
,0.3948,0.4973,0.7653,0.39,0.3,0.31,0.22,0.17,0.0586,0.988,0.0544,0.0237,0.3773,0.04457,19081.39,4.0,56.0,
14,1.0,1.0,0.0,1,1.0,1.0,1.0,1.0,0.0,1.0,1.0,0.0,1.0,1.0,1,1.0,1.0,0.0
,0.4935,0.6667,0.1238,0.6,0.27,0.13,0.29,0.31,0.242,0.988,0.0961,0.0,0.3773,0.0104,21729.4,4.0,34.0,
17,1.0,1.0,1.0,1,1.0,1.0,1.0,1.0,1.0,1.0,1.0,1.0,1.0,1.0,1,1.0,1.0,0.0
,0.3186,0.0442,0.0167,,0.33,0.24,0.34,0.09,0.24,0.907,0.0888,0.0,0.46535,0.03768,64834.91,4.0,40.0,
15,1.0,1.0,0.0,0,1.0,1.0,1.0,1.0,1.0,1.0,1.0,1.0,1.0,1.0,1,1.0,1.0,0.0
,0.4232,0.4626,0.1172,0.31,0.14,0.19,0.36,0.31,0.242,0.9143,0.1969,0.0,0.3409,0.0138,6803.71,6.0,84.0,
13,0.0,0.0,1.0,1,1.0,1.0,1.0,1.0,1.0,1.0,0.0,1.0,1.0,1.0,0,1.0,1.0,0.0
,0.4499,0.2519,0.2552,0.23,0.27,1.22,3.08,5.0,2.438,0.98897,0.0461,0.2453,0.3773,0.0406,19860.8,1.0,23.26,
9,1.0,1.0,0.0,1,1.0,0.0,0.0,0.0,0.0,1.0,1.0,0.0,1.0,1.0,1,0.0,0.0,0.0
,0.428,0.3879,0.0779,0.43,0.24,0.33,0.14,,0.242,0.9898,0.0978,0.0,0.4432,0.012,81172.98,3.0,62.0,
16,1.0,1.0,1.0,1,1.0,1.0,1.0,0.0,1.0,1.0,1.0,1.0,1.0,1.0,1,1.0,1.0,0.0
,0.3244,0.3616,0.092146,0.48,0.18,0.7,1.3900000000000001,2.39,0.242,0.9828,0.2574,0.4175,0.4965,0.0228,23755.45,1.0,90.0,
12,1.0,1.0,1.0,1,1.0,0.0,0.0,0.0,1.0,1.0,1.0,0.0,0.0,1.0,1,1.0,1.0,0.0
,0.6067,0.4974,0.1037,0.56,0.36,0.08,0.18,0.38,0.242,0.8933,0.5107,0.0,0.3827,0.0,63034.05,0.0,176.01,3.0
14,1.0,1.0,1.0,1,1.0,1.0,1.0,1.0,1.0,0.0,0.0,1.0,0.0,0.0,1,1.0,1.0,1.0
,0.5663,0.6071,0.0777,0.34,0.24,0.05,0.37,0.34,0.242,0.9904,0.0244,0.0,0.418,0.033,28598.23,5.0,64.0,
16,1.0,1.0,1.0,1,1.0,1.0,1.0,1.0,1.0,1.0,0.0,1.0,1.0,1.0,1,1.0,1.0,0.0
,0.54,0.7989,0.1321,0.68,0.13,0.19,0.35,0.33,0.242,0.988,0.4025,0.0,0.3773,0.0283,17666.54,0.0,144.0,
17,1.0,1.0,1.0,1,1.0,1.0,1.0,1.0,1.0,1.0,1.0,1.0,1.0,1.0,1,1.0,1.0,0.0
,0.3,0.4126,0.08185053,0.31,,,,,8.0,0.9828,0.0741,0.07,0.4012,0.0486,28060.13,6.0,60.0,
10,1.0,1.0,1.0,0,0.0,0.0,0.0,0.0,0.0,1.0,1.0,0.0,1.0,1.0,1,1.0,1.0,0.0
,0.2265,0.0279,0.0894,0,0.23,0.37,0.14,0.26,0.242,0.9828,0.0259,0.0,0.4013,0.0373,31055.47,6.0,33.0,
17,1.0,1.0,1.0,1,1.0,1.0,1.0,1.0,1.0,1.0,1.0,1.0,1.0,1.0,1,1.0,1.0,0.0
,0.6042,0.6524,0.0773,0.45,0.26,0.29,0.17,0.28,0.242,0.9898,0.4043,0.0,0.4152,0.0276,29084.29,7.0,44.0,
17,1.0,1.0,1.0,1,1.0,1.0,1.0,1.0,1.0,1.0,1.0,1.0,1.0,1.0,1,1.0,1.0,0.0
,,,,,,,,,,,,,,,,,,
0,0.0,0.0,0.0,0,0.0,0.0,0.0,0.0,0.0,0.0,0.0,0.0,0.0,0.0,0,0.0,0.0,0.0
,0.3388,0.363,0.0993,2.49,0.13,0.56,0.93,1.0,0.242,0.7348,0.6211,0.4937,0.4937,0.4678,36393.9,1.0,46.0,
9,1.0,1.0,1.0,0,1.0,0.0,0.0,0.0,1.0,1.0,0.0,0.0,0.0,0.0,1,1.0,1.0,0.0
,0.4928,0.5405,0.0685,0.66,0.19,0.15,0.4,0.26,0.242,0.9143,0.3583,0.0,0.3835,0.0197,41942.99,0.0,96.0,
17,1.0,1.0,1.0,1,1.0,1.0,1.0,1.0,1.0,1.0,1.0,1.0,1.0,1.0,1,1.0,1.0,0.0
,,,,,,,,,,,,,,,,,,
0,0.0,0.0,0.0,0,0.0,0.0,0.0,0.0,0.0,0.0,0.0,0.0,0.0,0.0,0,0.0,0.0,0.0
,0.5661,0.3557,0.0668,1.87,0.22,0.33,0.32,0.13,0.242,0.988,0.3237,0.0,0.3835,0.0159,42635.36,7.0,96.0,
16,1.0,1.0,1.0,0,1.0,1.0,1.0,1.0,1.0,1.0,1.0,1.0,1.0,1.0,1,1.0,1.0,0.0
,0.4949,0.3538,0.1333,0.23,0.29,0.32,0.16,0.23,0.288,0.9207,0.4366,0.0,0.2993,0.0242,66400.55,7.0,126.0,
15,1.0,1.0,1.0,1,1.0,1.0,1.0,1.0,0.0,1.0,1.0,1.0,1.0,1.0,0,1.0,1.0,0.0
,0.2072,0.4435,0.0864,0.6,0.12,0.28,0.21,0.39,0.242,0.9711,0.2006,0.0,0.0045,0.636,31855.45,7.0,84.0,
13,1.0,1.0,1.0,1,1.0,1.0,1.0,1.0,1.0,0.0,0.0,1.0,0.0,0.0,1,1.0,1.0,0.0
,0.4192,0.3721,0.1078,0.68,0.19,0.13,0.35,0.33,0.242,0.9844,0.051,0.0,0.5,76576567.0,78935.1,6.0,40.0,
14,0.0,1.0,1.0,1,1.0,1.0,1.0,1.0,1.0,1.0,1.0,1.0,0.0,0.0,1,1.0,1.0,0.0
,0.3963,0.6306,0.1136,0.2,0.1521,0.2304,0.64,1.0,0.242,0.987,0.3235,0.3838,0.3906,0.0256,22283.04,0.0,39.0,
12,1.0,1.0,1.0,1,0.0,0.0,0.0,0.0,1.0,1.0,1.0,0.0,1.0,1.0,1,1.0,1.0,0.0
,0.5311,0.446,0.1058,0.61,0.24,0.15,0.32,0.29,0.059,0.7348,0.318,0.6915,0.3086,0.0153,44310.6,2.0,78.0,
14,1.0,1.0,1.0,0,1.0,1.0,1.0,1.0,0.0,1.0,1.0,0.0,1.0,1.0,1,1.0,1.0,0.0
,0.3923,0.4771,0.1279,10.69,0.3093,0.7199,2.124,5.9565,0.242,0.6395,0.1195,0.538,0.4621,0.0428,64493.86,4.0,44.0,
9,1.0,1.0,1.0,0,0.0,0.0,0.0,0.0,1.0,0.0,0.0,0.0,1.0,1.0,1,1.0,1.0,0.0
,0.461,0.5847,0.1433,0.6,0.1,0.3,0.14,0.46,0.464,0.989,0.0222,,0.4338,0.0319,19221.5,4.0,160.0,
15,1.0,1.0,1.0,1,1.0,1.0,1.0,1.0,0.0,1.0,1.0,0.0,1.0,1.0,1,1.0,1.0,0.0
,0.4205,0.671,0.0904,0.21,0.13,0.3,0.36,0.21,0.24206,0.9313,0.2661,0.0,0.4715,0.0144,64654.1714,4.0,114.0,
17,1.0,1.0,1.0,1,1.0,1.0,1.0,1.0,1.0,1.0,1.0,1.0,1.0,1.0,1,1.0,1.0,0.0
,0.5731,0.5674,0.0833,0.28,0.3,0.27,0.15,0.28,0.665,0.6625,0.2158,0.0824,0.4588,0.0133,68072.98,2.0,88.0,
13,1.0,1.0,1.0,1,1.0,1.0,1.0,1.0,0.0,0.0,0.0,0.0,1.0,1.0,1,1.0,1.0,0.0
,0.6338,0.8667,0.0806,0.27,0.19,0.23,0.31,0.27,0.242,0.9898,0.0562,0.0,0.4152,0.0426,30658.16,2.0,30.0,
17,1.0,1.0,1.0,1,1.0,1.0,1.0,1.0,1.0,1.0,1.0,1.0,1.0,1.0,1,1.0,1.0,0.0
,0.5966,0.5548,0.1255,0.46,0.14,0.08,0.32,0.46,0.242,0.9831,0.2126,0.0,0.412,0.0233,17065.5,5.0,87.0,
15,1.0,1.0,1.0,1,1.0,1.0,1.0,1.0,1.0,0.0,0.0,1.0,1.0,1.0,1,1.0,1.0,0.0
,0.3221,0.4387,0.0828,0.54,0.28,0.18,0.22,0.32,0.242,0.9828,0.09089,0.0,0.364,0.03266,42437.8,7.0,112.0,
16,1.0,1.0,1.0,1,1.0,1.0,1.0,1.0,1.0,1.0,1.0,1.0,1.0,1.0,0,1.0,1.0,0.0
,0.2247,0.1784,0.0029,0.75,0.28,0.3,0.085,0.0,37.988,,,0.6103,0.3897,0.3897,36890.47,0.0,69.24,
6,1.0,1.0,0.0,0,1.0,0.0,0.0,0.0,0.0,0.0,0.0,0.0,1.0,0.0,1,1.0,0.0,0.0
,0.6106,0.559,0.1224,0.31,0.24,0.34,0.11,0.31,0.201,0.988,0.4025,0.0,0.4917,0.4552,28166.54,4.0,140.0,
13,1.0,1.0,1.0,0,1.0,1.0,1.0,1.0,0.0,1.0,1.0,1.0,0.0,0.0,1,1.0,1.0,0.0
,0.1777,0.1825,0.0923,0.51,0.16,0.33,0.12,0.39,0.056,0.9357,0.0989,0.3804,0.3804,0.0399,35435.1,6.0,28.0,
15,1.0,1.0,1.0,1,1.0,1.0,1.0,1.0,0.0,1.0,1.0,0.0,1.0,1.0,1,1.0,1.0,0.0
,0.3502,0.2364,0.1251,0.56,0.2,0.24,0.23,0.33,0.242,0.9143,0.126,0.0,0.4432,0.0415,68071,7.0,60.0,
15,1.0,1.0,1.0,1,1.0,1.0,1.0,1.0,1.0,1.0,0.0,1.0,1.0,1.0,0,1.0,1.0,0.0
,0.6618,0.5782,0.1139,0.88,0.12,0.38,0.14,0.36,0.242,0.8988,0.1028,0.0,0.3646,0.0428,56517.09,3.0,88.0,
17,1.0,1.0,1.0,1,1.0,1.0,1.0,1.0,1.0,1.0,1.0,1.0,1.0,1.0,1,1.0,1.0,0.0
,0.6593,0.2919,0.07441,0.51,0.34,0.2,0.15,0.16,0.729,0.7183,0.6753,0.0,0.3987,0.0394,"45,756.06",4.0,28.0,
10,1.0,1.0,1.0,0,1.0,0.0,0.0,1.0,0.0,0.0,0.0,1.0,1.0,1.0,0,1.0,1.0,0.0
,0.442,0.4909,0.092,0.46,0.21,0.09,0.24,0.46,0.242,0.6477,0.1736,0.0,0.3694,0.0323,39465.6,4.0,160.0,
15,1.0,1.0,1.0,1,1.0,1.0,1.0,1.0,1.0,0.0,0.0,1.0,1.0,1.0,1,1.0,1.0,0.0
,0.3402,0.3832,0.0696,0.6,0.09,0.31,0.32,0.28,0.242,0.7348,0.4488,0.0,0.4046,0.0194,34678,2.0,114.0,
17,1.0,1.0,1.0,1,1.0,1.0,1.0,1.0,1.0,1.0,1.0,1.0,1.0,1.0,1,1.0,1.0,0.0
,0.7082,0.7512,,0.67,0.34,0.57,0.88,1.0,0.235,,,0.4291,0.4291,0.0477,21654.17,6.0,56.0,
7,1.0,1.0,0.0,0,1.0,0.0,0.0,0.0,0.0,0.0,0.0,0.0,1.0,1.0,1,0.0,1.0,0.0
,,,,,,,,,,,,,,,,,,
0,0.0,0.0,0.0,0,0.0,0.0,0.0,0.0,0.0,0.0,0.0,0.0,0.0,0.0,0,0.0,0.0,0.0
,,,,,,,,,,,,,,,,,,
0,0.0,0.0,0.0,0,0.0,0.0,0.0,0.0,0.0,0.0,0.0,0.0,0.0,0.0,0,0.0,0.0,0.0
,,,,,,,,,,,,,,,,,,
0,0.0,0.0,0.0,0,0.0,0.0,0.0,0.0,0.0,0.0,0.0,0.0,0.0,0.0,0,0.0,0.0,0.0
,,,,,,,,,,,,,,,,,,
0,0.0,0.0,0.0,0,0.0,0.0,0.0,0.0,0.0,0.0,0.0,0.0,0.0,0.0,0,0.0,0.0,0.0
,,,,,,,,,,,,,,,,,,
0,0.0,0.0,0.0,0,0.0,0.0,0.0,0.0,0.0,0.0,0.0,0.0,0.0,0.0,0,0.0,0.0,0.0
