Total,5811293,5811096.0,,,,5810989.0,,,5810965.0,,,5788012,5806181.0,5784980.0,,5810956.0,,,,5810963.0,,,,5723574.0,5723577.0,5810958.0,,5810957.0,,,,,,,,5810955.0,,,,,,,,,5810935.0,,,,,,5810954,5810933.0,,,,,,,,,,,,5810927.0,,,
,3,1.0,1.0,1.0,1.0,2.0,2.0,2.0,2.0,1.0,1.0,3,3.0,4.0,4.0,1.0,1.0,2.0,1.0,1.0,1.0,1,1.0,4.0,3.0,1.0,1.0,1.0,1.0,1.0,1.0,1,1,1.0,1.0,1.0,1.0,1.0,1.0,1.0,1.0,1.0,1.0,1.0,2.0,2.0,2.0,2.0,2.0,2.0,3,1.0,1.0,1.0,1.0,1.0,1.0,1.0,1.0,1,1,1.0,1.0,1.0,2,2,2
,,,,,,,,,,,,,,,,,,,,,,,,,,,,,,,,,,,,,,,,,,,,,,,,,,,,,,,,,,,,,,,,,,,
,2025,1.0,1.101,0.9387,1.2095,1.0,0.0,6.0,20.2724287,0.6093,3.2907,0.20138973,2.0,17.444,2.4846,1.0,1.798,-23.7296,-20.5104,3.0,1.702,0.096,0.0,0.1474,0.85732,0.1205511,0.3326489,0.0,3.0,0.05,0.0,1.16,0.24604,0.0,0.0,2.0,1.0,0.0,1.0,5.0,0.0,2.505,0.00711,3.0,1.0,0.0,0.0,1.0,1.0,2.0,0.27,4.0,2.0,0.0,3.0,5.0,0.0,0.05,0.0,-3.376,0.00074,1.0,2.0,0.0,1.341,0.168,0.231
87,3,1.0,1.0,1.0,1.0,2.0,2.0,2.0,0.0,1.0,1.0,3,3.0,0.0,0.0,1.0,1.0,2.0,1.0,1.0,1.0,1,1.0,4.0,3.0,1.0,1.0,1.0,1.0,1.0,1.0,1,1,1.0,1.0,1.0,1.0,1.0,1.0,1.0,1.0,1.0,1.0,1.0,2.0,2.0,2.0,2.0,2.0,2.0,3,0.0,1.0,0.0,0.0,1.0,1.0,1.0,1.0,1,1,1.0,1.0,1.0,2,2,2
,1840,1.0,1.6019999999999999,0.938,1.203,1.0,6.0,0.0,19.783,0.866,2.654,0.1451,9.0,6.889,4.543,1.0,1.508,-18.33,-14.53,2.0,1.732,0.091,0.0,0.1254,0.66398,0.1232,0.2702,5.0,2.0,0.05,0.0,2.58,0.0098,1.0,1.0,1.0,2.0,0.0,0.0,5.0,0.0,2.3810000000000002,0.009,2.0,0.0,0.0,1.0,2.0,1.0,1.0,0.362,0.0,0.0,5.9,0.0,2.0,5.9,0.05,0.0,-1.585,0.1128,0.0,1.0,0.0,1.5979999999999999,0.085,0.145
92,0,1.0,1.0,1.0,1.0,2.0,2.0,0.0,2.0,1.0,1.0,3,0.0,4.0,4.0,1.0,1.0,2.0,1.0,1.0,1.0,1,1.0,4.0,3.0,1.0,1.0,1.0,1.0,1.0,1.0,1,1,1.0,1.0,1.0,1.0,1.0,1.0,1.0,1.0,1.0,1.0,1.0,2.0,2.0,2.0,2.0,2.0,2.0,3,1.0,1.0,1.0,1.0,1.0,1.0,1.0,1.0,1,1,1.0,1.0,1.0,2,2,2
,1921,0.0,1.227,124.3,129.8,5.0,1.0,2.0,19.658,127.612,128.989,0.0141,2.0,4.203,16.9,1.0,1.54,0.06178,0.07178,0.0,3.544,0.001,1.0,0.1776,0.17165,0.06178,0.16178,0.0,2.0,0.05,1.0,1.54,0.06178,0.0,0.0,2.0,1.0,0.0,0.0,1.0,0.0,1.54,0.062,3.0,2.0,1.0,0.0,2.0,2.0,1.0,cannot do,1.0,0.0,6.0,3.0,1.0,6.0,0.05,0.0,-0.25,0.45326,0.0,4.0,0.0,1.3719999999999999,0.06,0.105
52,3,0.0,0.0,0.0,0.0,0.0,0.0,2.0,0.0,0.0,0.0,0,0.0,0.0,0.0,1.0,0.0,0.0,0.0,1.0,0.0,0,0.0,4.0,3.0,0.0,0.0,4.0,1.0,1.0,0.0,0,0,1.0,1.0,0.0,1.0,1.0,2.0,0.0,1.0,0.0,0.0,0.0,0.0,2.0,2.0,2.0,0.0,2.0,0,1.0,1.0,1.0,1.0,1.0,1.0,1.0,1.0,0,0,1.0,1.0,1.0,2,2,2
,2853,1.0,1.06,0.927,1.141,2.0,5.0,0.0,20.515,1.295,3.805,0.1802,9.0,6.889,4.543,1.0,1.405,-27.089,-24.791,1.0,2.613,0.013,0.0,0.135,0.60102,0.0671,0.2871,3.0,5.0,0.05,0.0,1.51,0.131,0.0,0.0,1.0,1.0,0.0,4.0,1.0,0.0,3.184,0.001,0.0,1.0,2.0,1.0,1.0,0.0,0.0,0.208,2.0,5.0,5.7,3.0,4.0,5.7,0.05,0.0,-1.53,0.126,0.0,5.0,0.0,1.6,0.113,0.179
95,3,1.0,1.0,1.0,1.0,2.0,2.0,2.0,2.0,1.0,1.0,3,3.0,4.0,4.0,1.0,0.0,2.0,1.0,1.0,1.0,1,0.0,4.0,3.0,1.0,1.0,0.0,1.0,1.0,1.0,1,1,1.0,1.0,1.0,1.0,1.0,1.0,0.0,1.0,0.0,1.0,1.0,2.0,2.0,2.0,2.0,2.0,2.0,3,1.0,1.0,1.0,1.0,1.0,1.0,1.0,1.0,1,1,1.0,1.0,1.0,2,2,2
,1858,1.0,2.278,1.167,1.487,3.0,5.0,2.0,20.337,0.241,3.059,0.0961,11.0,6.889,4.543,1.0,2.2564,-28.0,-23.06,1.0,1.986,0.0552,0.0,0.1658,0.248358,0.3326,0.5266,3.0,4.0,0.05,0.0,1.8599999999999999,0.0626,0.0,0.0,0.0,1.0,0.0,2.0,5.0,0.0,3.3,0.001,1.0,0.0,0.0,1.0,1.0,2.0,1.0,0.116,0.0,3.0,5.9,4.0,1.0,5.9,0.05,0.0,-1.9332,0.0532,1.0,8.0,0.0,1.405,0.241,0.315
90,0,1.0,1.0,1.0,1.0,2.0,0.0,2.0,2.0,1.0,1.0,3,3.0,4.0,4.0,1.0,1.0,2.0,1.0,1.0,1.0,1,1.0,4.0,0.0,1.0,1.0,1.0,1.0,1.0,1.0,1,1,1.0,1.0,1.0,1.0,1.0,1.0,1.0,1.0,1.0,1.0,1.0,2.0,2.0,2.0,2.0,2.0,2.0,3,1.0,1.0,1.0,1.0,1.0,1.0,1.0,1.0,1,1,0.0,0.0,1.0,2,2,2
,2922,1.0,1.079,0.9158,1.1867,4.0,3.0,3.0,19.769,1.476,3.304,cannot do,9.0,0.107,0.014,1.0,-1.369,19.166,-16.854,1.0,2.383,0.0222,1.0,0.8252,0.55117,0.1446,0.3752,1.0,4.0,0.05,0.0,1.4,0.0808,0.0,0.0,3.0,2.0,0.0,4.0,0.0,0.0,3.919,0.999,2.0,2.0,1.0,1.0,2.0,0.0,2.0,0.574,2.0,0.0,0.0,0.0,0.0,0.0,0.05,0.0,-3.182,0.00146,1.0,5.0,0.0,1.5550000000000002,0.044,0.088
67,0,1.0,1.0,1.0,1.0,2.0,2.0,2.0,2.0,1.0,1.0,0,3.0,0.0,0.0,1.0,0.0,0.0,0.0,1.0,1.0,1,1.0,0.0,3.0,0.0,1.0,4.0,1.0,1.0,1.0,1,0,1.0,1.0,1.0,1.0,1.0,1.0,1.0,1.0,1.0,0.0,0.0,2.0,2.0,2.0,0.0,2.0,0.0,0,0.0,1.0,0.0,0.0,1.0,1.0,1.0,1.0,1,1,1.0,1.0,1.0,2,2,2
,1971,1.0,2.15,0.98,1.569,3.0,1.0,1.0,19.854,0.017,2.223,0.1697,8.0,6.889,4.543,1.0,2.013,-16.178,-14.282,0.0,1.728,0.092,0.0,0.1346,0.16497,0.1791,0.3487,4.0,0.0,0.05,0.0,2.32,0.0201,1.0,1.0,3.0,2.0,0.0,1.0,2.0,0.0,3.8,0.0,5.0,0.0,2.0,0.0,1.0,1.0,1.0,0.327,3.0,2.0,4.9,5.0,0.0,4.9,0.05,0.0,-2.5300000000000002,0.0114,1.0,9.0,1.0,1.3719999999999999,0.123,0.182
98,3,1.0,1.0,1.0,1.0,2.0,2.0,2.0,2.0,1.0,1.0,3,3.0,4.0,4.0,1.0,1.0,2.0,1.0,1.0,1.0,1,1.0,4.0,3.0,1.0,1.0,1.0,1.0,1.0,1.0,1,1,1.0,1.0,0.0,1.0,1.0,2.0,1.0,1.0,1.0,1.0,0.0,2.0,2.0,2.0,2.0,2.0,2.0,3,1.0,1.0,1.0,1.0,1.0,1.0,1.0,1.0,1,1,1.0,1.0,0.0,2,2,2
,2500,1.0,6.1,0.003,1.613,1.0,1.0,2.0,20.27,0.465,2.855,0.1575,8.0,6.889,40.57,1.0,1.304,-27.101,-25.699,1.0,1.819,0.1544,0.0,0.1206,0.46219,0.2618,0.4542,0.0,5.0,0.05,0.0,1.8399999999999999,0.06576,0.0,0.0,2.0,2.0,0.0,3.0,2.0,0.0,3.524,0.0,2.0,1.0,2.0,0.0,1.0,1.0,0.0,0.087,5.0,1.0,5.6,3.0,3.0,5.6,0.05,0.0,-3.106,0.0019,1.0,8.0,0.0,1.514,0.064,0.113
85,3,1.0,0.0,1.0,1.0,2.0,0.0,2.0,2.0,1.0,1.0,0,0.0,4.0,0.0,1.0,1.0,2.0,1.0,1.0,1.0,0,0.0,4.0,3.0,1.0,1.0,1.0,1.0,1.0,1.0,1,1,1.0,1.0,1.0,1.0,1.0,1.0,1.0,1.0,1.0,1.0,1.0,2.0,2.0,2.0,2.0,2.0,2.0,3,1.0,1.0,1.0,1.0,1.0,1.0,1.0,1.0,1,1,1.0,1.0,1.0,2,2,2
,2854,1.0,1.443,1.302,1.52,0.0,4.0,1.0,20.107,1.086,2.834,0.1807,5.0,6.8889,4.9327,1.0,1.311,-20.4692,-18.9508,1.0,1.994,0.0526,0.0,0.1338,0.47991,0.1676,0.3292,0.0,4.0,0.05,0.0,1.76,0.074,0.0,0.0,5.0,2.0,0.0,0.0,0.0,0.0,2.359,0.01,1.0,0.0,1.0,0.0,0.0,1.0,1.0,0.08364,5.0,1.0,0.0,1.0,4.0,0.0,0.05,1.0,1.8826,0.06516,0.0,2.0,0.0,1.514,0.113,0.174
87,3,1.0,1.0,1.0,1.0,2.0,2.0,0.0,2.0,1.0,1.0,3,3.0,4.0,0.0,1.0,1.0,2.0,1.0,1.0,1.0,1,1.0,4.0,3.0,1.0,1.0,1.0,1.0,1.0,1.0,1,1,1.0,1.0,0.0,1.0,1.0,2.0,1.0,1.0,1.0,1.0,1.0,2.0,2.0,2.0,0.0,2.0,2.0,3,0.0,1.0,0.0,0.0,1.0,1.0,1.0,0.0,0,1,1.0,1.0,1.0,2,2,2
,1999,1.0,1.101,0.874,1.079,5.0,0.0,0.0,20.126,0.834,3.006,0.1829,8.0,6.0,5.333,1.0,1.591,-16.765,-11.915,1.0,1.7770000000000001,0.084,1.0,0.1396,0.72646,0.1653,0.3657,4.0,5.0,0.05,0.0,2.7199999999999998,0.0065,1.0,1.0,5.0,2.0,0.0,4.0,3.0,0.0,2.467,0.008,3.0,0.0,1.0,0.0,1.0,1.0,2.0,0.602,0.0,1.0,5.2,1.0,4.0,5.2,0.05,0.0,-2.6543,0.0079,1.0,0.0,0.0,1.282,0.14,0.197
87,3,1.0,1.0,1.0,1.0,2.0,2.0,2.0,2.0,1.0,1.0,3,3.0,0.0,0.0,1.0,1.0,2.0,1.0,1.0,1.0,1,1.0,4.0,3.0,0.0,0.0,1.0,1.0,1.0,1.0,1,1,1.0,1.0,0.0,1.0,1.0,2.0,1.0,1.0,1.0,1.0,1.0,2.0,2.0,2.0,2.0,2.0,2.0,0,1.0,1.0,1.0,1.0,1.0,1.0,1.0,1.0,1,1,1.0,1.0,1.0,2,2,2
,1761,1.0,10.3,,,1.0,1.0,1.0,20.477,0.583,3.417,,9.0,,,1.0,-17.083,-26.31,-25.605,3.0,2.075,0.0233,3.0,0.4561,0.44362,0.2437,0.4579,2.0,1.0,0.05,1.0,1.58,0.1141,0.0,0.0,2.0,2.0,0.0,2.0,2.0,0.0,0.029,0.511,0.0,1.0,1.0,0.0,1.0,0.0,2.0,,0.0,2.0,0.0,4.0,2.0,0.0,0.05,1.0,,,0.0,4.0,0.0,1.126,0.053,0.085
54,3,1.0,0.0,0.0,0.0,2.0,0.0,2.0,2.0,1.0,1.0,0,0.0,0.0,0.0,1.0,0.0,0.0,0.0,1.0,1.0,0,0.0,0.0,3.0,1.0,1.0,1.0,1.0,1.0,0.0,1,1,1.0,1.0,0.0,1.0,1.0,2.0,1.0,1.0,0.0,0.0,0.0,2.0,2.0,2.0,2.0,2.0,2.0,0,0.0,1.0,0.0,0.0,1.0,1.0,1.0,0.0,0,0,0.0,0.0,1.0,0,2,2
,2209,1.0,1.516,0.886,1.202,1.0,0.0,5.0,19.896,0.626,2.5140000000000002,0.0654,1.0,6.888,1.571,1.0,1.193,-8.042,-5.958,2.0,1.854,0.071,0.0,0.1462,0.33662,0.3333,0.4881,1.0,2.0,0.05,0.0,2.05,0.0202,1.0,3.0,3.0,2.0,0.0,1.0,1.0,0.0,2.315,0.011,5.0,1.0,2.0,0.0,0.0,1.0,1.0,0.059,1.0,3.0,5.9,1.0,2.0,5.9,0.05,1.0,-2.916,0.0064,1.0,2.0,0.0,1.44,0.197,0.268
83,3,1.0,1.0,1.0,1.0,2.0,2.0,2.0,2.0,1.0,1.0,3,3.0,4.0,0.0,1.0,1.0,0.0,0.0,1.0,1.0,1,1.0,0.0,3.0,1.0,1.0,1.0,1.0,1.0,1.0,1,0,1.0,0.0,0.0,1.0,1.0,2.0,1.0,1.0,1.0,1.0,1.0,2.0,2.0,2.0,2.0,2.0,2.0,0,1.0,1.0,1.0,1.0,1.0,1.0,1.0,0.0,1,1,1.0,1.0,1.0,2,2,2
,2451,1.0,2.462,0.689,1.292,5.0,2.0,0.0,19.921,0.678,2.956,0.2136,7.0,6.889,4.543,1.0,2.14,-20.46,-14.42,2.0,1.858,0.1416,0.0,0.1502,0.22001,0.4921,0.6479,0.0,2.0,0.05,0.0,1.45,0.1471,0.0,0.0,3.0,2.0,0.0,1.0,0.0,0.0,2.2359999999999998,0.014,2.0,1.0,0.0,0.0,1.0,2.0,2.0,0.082,5.0,1.0,5.5,5.0,5.0,5.5,0.05,0.0,-1.635,0.10204,0.0,5.0,0.0,0.2039,0.171,0.236
85,3,1.0,1.0,1.0,1.0,2.0,2.0,2.0,2.0,0.0,0.0,3,3.0,4.0,4.0,1.0,1.0,2.0,1.0,1.0,1.0,0,1.0,4.0,3.0,1.0,1.0,1.0,1.0,1.0,1.0,1,1,1.0,1.0,1.0,1.0,1.0,1.0,1.0,1.0,1.0,1.0,1.0,2.0,0.0,2.0,2.0,0.0,0.0,3,1.0,1.0,1.0,1.0,1.0,1.0,1.0,1.0,1,1,1.0,1.0,1.0,0,0,0
,1327,1.0,2.283,1.078,1.525,5.0,2.0,5.0,20.21,0.97,3.77,0.1727,4.0,6.889,104.099,1.0,1.437,-24.942,-20.298,3.0,2.279,cannot do,2.0,0.1334,0.61163,0.1511,0.3745,5.0,1.0,0.05,0.0,2.35,0.0094,1.0,1.0,3.0,2.0,0.0,3.0,5.0,0.0,0.31,0.379,5.0,1.0,2.0,0.0,0.0,1.0,0.0,0.166,2.0,2.0,0.0,3.0,3.0,0.0,0.05,1.0,cannot do,cannot do,2.0,9.0,0.0,1.5979999999999999,0.106,0.169
77,3,1.0,1.0,1.0,1.0,2.0,0.0,2.0,2.0,1.0,1.0,3,3.0,4.0,0.0,1.0,1.0,2.0,1.0,1.0,1.0,0,0.0,4.0,3.0,1.0,1.0,1.0,1.0,1.0,1.0,1,0,1.0,1.0,0.0,1.0,1.0,2.0,1.0,1.0,0.0,0.0,0.0,2.0,0.0,2.0,2.0,2.0,0.0,3,0.0,1.0,0.0,0.0,1.0,1.0,1.0,0.0,0,0,1.0,0.0,1.0,2,2,2
,,,,,,,,,,,,,,,,,,,,,,,,,,,,,,,,,,,,,,,,,,,,,,,,,,,,,,,,,,,,,,,,,,,
0,0,0.0,0.0,0.0,0.0,0.0,0.0,0.0,0.0,0.0,0.0,0,0.0,0.0,0.0,0.0,0.0,0.0,0.0,0.0,0.0,0,0.0,0.0,0.0,0.0,0.0,0.0,0.0,0.0,0.0,0,0,0.0,0.0,0.0,0.0,0.0,0.0,0.0,0.0,0.0,0.0,0.0,0.0,0.0,0.0,0.0,0.0,0.0,0,0.0,0.0,0.0,0.0,0.0,0.0,0.0,0.0,0,0,0.0,0.0,0.0,0,0,0
,2921,1.0,2.183,0.915,1.304,2.0,0.0,2.0,20.311,0.322,2.898,0.2047,1.0,6.889,4.543,1.0,1.405,0.112,0.888,1.0,2.694,0.01,0.0,0.1438,0.62254,0.3195,0.4835,1.0,2.0,0.05,0.0,1.55,0.118,0.0,0.0,4.0,1.0,0.0,2.0,1.0,0.0,2.16,0.017,1.0,1.0,0.0,0.0,1.0,2.0,1.0,0.294,4.0,2.0,5.8,3.0,1.0,5.8,0.05,0.0,-2.731,0.0063,1.0,7.0,0.0,1.5979999999999999,0.145,0.216
89,3,1.0,1.0,1.0,1.0,2.0,2.0,0.0,2.0,1.0,1.0,3,0.0,4.0,4.0,1.0,0.0,0.0,0.0,1.0,1.0,1,1.0,4.0,3.0,1.0,1.0,1.0,1.0,1.0,1.0,1,1,1.0,1.0,1.0,1.0,1.0,1.0,0.0,1.0,1.0,1.0,0.0,2.0,2.0,2.0,2.0,2.0,2.0,3,1.0,1.0,1.0,1.0,1.0,1.0,1.0,1.0,1,1,1.0,1.0,1.0,2,2,2
,2733,1.0,1.4809999999999999,1.185,1.438,1.0,5.0,6.0,20.287,1.124,3.6959999999999997,0.1487,4.0,1.0,1.0,1.0,-34.306,-25.697,-23.503,1.0,2.286,0.029,1.0,0.1224,0.63053,0.1861,0.3861,4.0,1.0,0.05,0.0,1.77,0.0767,0.0,0.0,5.0,2.0,0.0,2.0,2.0,0.0,3.014,0.002,2.0,0.0,1.0,0.0,1.0,1.0,0.0,0.1443,4.0,4.0,5.4,5.0,4.0,5.4,0.05,0.0,-3.002,0.00268,1.0,6.0,0.0,1.5979999999999999,0.07,0.125
88,3,1.0,1.0,1.0,1.0,2.0,2.0,2.0,2.0,1.0,1.0,3,3.0,0.0,0.0,1.0,0.0,0.0,0.0,1.0,1.0,1,1.0,4.0,3.0,1.0,1.0,3.0,1.0,1.0,1.0,1,1,1.0,1.0,0.0,1.0,1.0,2.0,1.0,1.0,1.0,1.0,1.0,0.0,2.0,2.0,2.0,2.0,2.0,3,1.0,1.0,1.0,1.0,1.0,1.0,1.0,1.0,1,1,1.0,1.0,1.0,2,2,2
,1254,1.0,1.56,1.122244,1.47774,2.0,1.0,1.0,19.9708,-304.268,-301.732,0.122618,5.0,6.88889,4.54321,1.0,1.5055749999999999,-27.01292,-25.307075,3.0,1.971,0.0554,0.0,0.1738,0.27349,0.084794,0.3044059,5.0,2.0,0.05,0.0,2.1346600000000002,0.032788,1.0,1.0,0.0,2.0,0.0,2.0,5.0,0.0,2.45452,0.00776,5.0,1.0,0.0,1.0,2.0,1.0,0.0,0.12852,1.0,0.0,5.2,2.0,0.0,5.2,0.05,0.0,-2.68152,0.007328,1.0,1.0,0.0,1.43953,0.2501,0.32408
98,3,1.0,1.0,1.0,1.0,2.0,2.0,2.0,2.0,0.0,0.0,3,3.0,4.0,4.0,1.0,1.0,2.0,1.0,1.0,1.0,1,1.0,4.0,3.0,1.0,1.0,1.0,1.0,1.0,1.0,1,1,1.0,1.0,1.0,1.0,1.0,1.0,1.0,1.0,1.0,1.0,1.0,2.0,2.0,2.0,2.0,2.0,2.0,3,1.0,1.0,1.0,1.0,1.0,1.0,1.0,1.0,1,1,1.0,1.0,1.0,2,2,2
,4086,1.0,1.255,1.152,1.522,4.0,1.0,0.0,20.475,1.9020000000000001,3.798,0.1808,2.0,6.0,36.0,1.0,1.875,-19.59,-15.05,1.0,2.54,0.0162,1.0,0.1222,0.86525,0.2279,0.4381,5.0,3.0,0.05,1.0,1.43,0.1527,0.0,0.0,1.0,2.0,0.0,0.0,3.0,0.0,3.012,0.002,0.0,1.0,0.0,2.0,2.0,2.0,1.0,0.341,1.0,1.0,5.5,2.0,5.0,5.5,0.05,0.0,-3.206,0.00134,1.0,2.0,2.0,cannot do,cannot do,cannot do
64,0,1.0,1.0,1.0,1.0,2.0,0.0,0.0,2.0,1.0,1.0,0,0.0,0.0,0.0,1.0,1.0,2.0,1.0,1.0,1.0,1,1.0,4.0,3.0,1.0,1.0,1.0,1.0,1.0,0.0,1,1,1.0,1.0,1.0,1.0,1.0,1.0,1.0,1.0,1.0,1.0,1.0,2.0,2.0,0.0,0.0,2.0,2.0,0,1.0,1.0,1.0,1.0,1.0,1.0,1.0,1.0,1,1,1.0,1.0,0.0,0,0,0
,2921,1.0,-1.227,0.902,1.139,1.0,3.0,1.0,20.296,0.252,2.088,0.2027,2.0,6.889,4.543,1.0,-2.261,-22.673000000000002,-20.387,2.0,1.7069999999999999,0.0952,0.0,0.145,0.22698,0.4364,0.5878,5.0,4.0,0.05,0.0,1.04,0.2983,1.0,0.0,0.0,2.0,0.0,5.0,5.0,0.0,2.906,0.002,5.0,1.0,2.0,0.0,1.0,0.0,1.0,0.319,4.0,1.0,5.1,2.0,0.0,5.1,0.05,0.0,-1.845,0.06504,0.0,0.0,0.0,1.405,0.155,0.218
93,3,1.0,1.0,1.0,1.0,2.0,2.0,0.0,0.0,1.0,1.0,3,3.0,4.0,4.0,1.0,0.0,0.0,0.0,1.0,1.0,1,1.0,4.0,3.0,1.0,1.0,3.0,1.0,1.0,1.0,1,1,0.0,1.0,1.0,1.0,1.0,1.0,1.0,1.0,1.0,1.0,1.0,2.0,2.0,2.0,2.0,2.0,2.0,3,1.0,1.0,1.0,1.0,1.0,1.0,1.0,1.0,1,1,1.0,1.0,1.0,2,2,2
,646,1.0,1.082,0.664,0.884,2.0,0.0,1.0,20.314,0.494,2.685,0.1165,7.0,6.8870000000000005,3.765,1.0,2.705,-26.2595,-24.161,2.0,1.905,0.0652,1.0,0.1606,0.29719,0.0674,0.265,0.0,0.0,0.05,0.0,1.62,0.0526,0.0,0.0,4.0,2.0,0.0,5.0,3.0,0.0,0.292,0.385,5.0,1.0,0.0,2.0,0.0,1.0,1.0,0.204,5.0,0.0,5.5,4.0,1.0,5.5,0.05,0.0,-2.56,0.01046,1.0,6.0,0.0,1.44,0.243,0.317
85,3,1.0,1.0,1.0,1.0,2.0,2.0,0.0,2.0,1.0,1.0,3,3.0,4.0,0.0,1.0,1.0,2.0,1.0,1.0,1.0,1,1.0,0.0,3.0,1.0,1.0,0.0,1.0,1.0,1.0,1,0,1.0,1.0,1.0,1.0,1.0,1.0,1.0,1.0,0.0,0.0,0.0,2.0,2.0,2.0,2.0,2.0,2.0,3,1.0,1.0,1.0,1.0,1.0,1.0,1.0,1.0,1,1,1.0,1.0,1.0,2,2,2
,1748,1.0,1.102,1.219,1.445,0.0,6.0,6.0,20.161,1.063,3.177,0.1207,4.0,6.889,4.543,1.0,1.354,17.96,19.58,0.0,2.089,0.0432,0.0,0.1754,0.52136,0.0533,0.2921,1.0,1.0,0.05,1.0,1.94,0.0524,0.0,0.0,3.0,1.0,0.0,1.0,4.0,0.0,2.117,0.018,0.0,1.0,2.0,0.0,1.0,1.0,0.0,1.31,4.0,3.0,5.7,3.0,3.0,5.7,0.05,0.0,-2.06,0.0394,1.0,5.0,0.0,1.5550000000000002,0.049,0.096
92,3,1.0,1.0,1.0,1.0,2.0,2.0,0.0,2.0,1.0,1.0,3,3.0,4.0,4.0,1.0,0.0,0.0,0.0,1.0,1.0,1,1.0,4.0,3.0,1.0,1.0,3.0,1.0,1.0,0.0,1,1,1.0,1.0,0.0,1.0,1.0,2.0,1.0,1.0,1.0,1.0,1.0,2.0,2.0,2.0,2.0,2.0,2.0,0,1.0,1.0,1.0,1.0,1.0,1.0,1.0,1.0,1,1,1.0,1.0,1.0,2,2,2
,cannot do,1.0,1.4060000000000001,0.799,0.863,0.0,3.0,3.0,20.357,-0.04,3.16,0.2089,7.0,6.889,3.279,1.0,-2.731,-29.6272,-20.7728,1.0,1.892,0.067,0.0,0.1426,0.29405,0.1398,0.3228,0.0,3.0,0.05,0.0,2.373,0.01764,1.0,1.0,4.0,2.0,0.0,1.0,5.0,0.0,3.352,0.001,0.0,1.0,0.0,2.0,1.0,1.0,0.0,0.646,5.0,3.0,5.7,4.0,3.0,5.7,0.05,0.0,-2.6217,0.00875,1.0,1.0,0.0,1.4395,0.14,0.202
81,0,1.0,1.0,0.0,0.0,2.0,2.0,2.0,2.0,1.0,1.0,0,3.0,4.0,0.0,1.0,0.0,0.0,0.0,1.0,1.0,1,1.0,4.0,3.0,1.0,1.0,1.0,1.0,1.0,1.0,1,1,1.0,1.0,1.0,1.0,1.0,1.0,1.0,1.0,1.0,1.0,1.0,2.0,2.0,2.0,2.0,2.0,2.0,0,1.0,1.0,1.0,1.0,1.0,1.0,1.0,1.0,1,1,1.0,1.0,1.0,2,2,2
,1188,1.0,1.5430000000000001,1.262,1.675,2.0,4.0,3.0,20.107,2.084,2.816,0.1779,9.0,6.889,4.543,1.0,1.408,-18.494,-16.906,3.0,2.347,0.0242,0.0,0.1368,0.61526,0.0932,0.2786,5.0,1.0,0.05,0.0,2.13,0.0331,1.0,1.0,0.0,2.0,0.0,5.0,1.0,0.0,3.092,0.001,4.0,2.0,1.0,1.0,0.0,1.0,0.0,0.258,5.0,2.0,5.8,5.0,4.0,5.8,0.05,0.0,-1.6956,0.09,0.0,4.0,0.0,1.5979999999999999,0.128,0.198
94,0,1.0,1.0,1.0,1.0,2.0,2.0,2.0,0.0,0.0,0.0,3,3.0,4.0,4.0,1.0,0.0,2.0,1.0,1.0,1.0,1,1.0,4.0,3.0,1.0,1.0,3.0,1.0,1.0,1.0,1,1,1.0,1.0,1.0,1.0,1.0,1.0,1.0,1.0,1.0,1.0,1.0,2.0,2.0,2.0,2.0,2.0,2.0,3,1.0,1.0,1.0,1.0,1.0,1.0,1.0,1.0,1,1,1.0,1.0,1.0,2,2,2
,,,,,,,,,,,,,,,,,,,,,,,,,,,,,,,,,,,,,,,,,,,,,,,,,,,,,,,,,,,,,,,,,,,
0,0,0.0,0.0,0.0,0.0,0.0,0.0,0.0,0.0,0.0,0.0,0,0.0,0.0,0.0,0.0,0.0,0.0,0.0,0.0,0.0,0,0.0,0.0,0.0,0.0,0.0,0.0,0.0,0.0,0.0,0,0,0.0,0.0,0.0,0.0,0.0,0.0,0.0,0.0,0.0,0.0,0.0,0.0,0.0,0.0,0.0,0.0,0.0,0,0.0,0.0,0.0,0.0,0.0,0.0,0.0,0.0,0,0,0.0,0.0,0.0,0,0,0
,720,1.0,7.5,0.002,2.037,2.0,0.0,3.0,20.083,0.342,2.998,0.1309,8.0,6.889,2.564,1.0,2.098,-26.25,-23.31,2.0,1.718,0.0948,0.0,0.1796,0.62303,0.0642,0.3164,2.0,2.0,0.05,0.0,1.83,0.0336,1.0,1.0,5.0,2.0,0.0,0.0,3.0,0.0,3.384,0.001,5.0,0.0,1.0,2.0,1.0,0.0,1.0,0.331,0.0,1.0,5.5,1.0,2.0,5.5,0.05,0.0,-2.287,0.0222,1.0,5.0,0.0,1.5979999999999999,0.064,0.119
83,3,1.0,0.0,1.0,1.0,2.0,2.0,0.0,2.0,1.0,1.0,3,3.0,4.0,0.0,1.0,0.0,0.0,0.0,1.0,1.0,1,1.0,4.0,3.0,1.0,1.0,1.0,1.0,1.0,1.0,1,0,0.0,0.0,1.0,1.0,1.0,1.0,1.0,1.0,1.0,1.0,1.0,2.0,2.0,2.0,2.0,2.0,2.0,0,1.0,1.0,1.0,1.0,1.0,1.0,1.0,1.0,1,1,1.0,1.0,1.0,2,2,2
,2053,1.0,9.8408,,,4.0,3.0,4.0,20.586,0.83,3.05,0.1089,8.0,0.99914,2.0,1.0,1.732,-28.0915,-26.308,4.0,1.722,0.08508,3.0,0.9166,0.835776,0.0968,0.2908,2.0,1.0,0.05,0.0,1.12,0.8686,0.0,0.0,3.0,1.0,0.0,2.0,3.0,0.0,,,0.0,0.0,1.0,0.0,2.0,2.0,1.0,0.641,3.0,3.0,0.0,4.0,0.0,0.0,0.05,1.0,,,0.0,0.0,0.0,1.341,,
55,3,1.0,0.0,0.0,0.0,2.0,2.0,0.0,2.0,1.0,1.0,0,3.0,0.0,0.0,1.0,1.0,2.0,1.0,1.0,1.0,0,0.0,0.0,3.0,1.0,1.0,1.0,1.0,1.0,1.0,1,0,1.0,1.0,0.0,1.0,1.0,2.0,0.0,1.0,0.0,0.0,0.0,2.0,2.0,2.0,0.0,2.0,2.0,0,0.0,1.0,0.0,0.0,0.0,1.0,1.0,0.0,0,0,0.0,0.0,1.0,2,0,0
,2432,1.0,10.3,-0.002,1.729,3.0,3.0,1.0,20.304,0.844,2.816,0.2064,4.0,6.889,4.543,1.0,1.3860000000000001,-20.0215,-16.1185,3.0,1.8359999999999999,0.0738,0.0,0.1484,0.56724,0.1241,0.3167,2.0,4.0,0.05,0.0,2.42,0.01562,1.0,1.0,2.0,2.0,0.0,1.0,4.0,0.0,0.3045,0.38,3.0,0.0,1.0,2.0,0.0,1.0,1.0,0.08,1.0,3.0,5.5,4.0,2.0,5.5,0.05,0.0,1.798,0.072196,0.0,8.0,0.0,1.5550000000000002,0.167,0.24
86,3,1.0,0.0,1.0,1.0,2.0,2.0,0.0,2.0,1.0,1.0,3,0.0,4.0,4.0,1.0,0.0,0.0,0.0,1.0,1.0,1,1.0,4.0,3.0,1.0,1.0,1.0,1.0,1.0,1.0,1,1,1.0,1.0,0.0,1.0,1.0,2.0,1.0,1.0,0.0,0.0,0.0,2.0,2.0,2.0,2.0,2.0,2.0,3,1.0,1.0,1.0,1.0,1.0,1.0,1.0,1.0,0,1,1.0,1.0,1.0,2,2,2
,1917,1.0,1.101,0.707,0.931,5.0,0.0,4.0,20.094,0.667,2.57,0.0908,7.0,6.0,2.3094,1.0,1.221,-26.5082,-23.2718,4.0,1.877,0.0692,0.0,0.1648,0.35814,0.378,0.5646,3.0,1.0,0.05,0.0,2.19,0.02852,1.0,1.0,0.0,2.0,0.0,1.0,0.0,0.0,3.303,0.001,5.0,1.0,0.0,1.0,2.0,0.0,1.0,0.0276,2.0,5.0,5.7,3.0,0.0,5.7,0.05,0.0,-2.2156000000000002,0.02672,1.0,2.0,0.0,1.476,0.234,0.311
87,3,1.0,1.0,1.0,1.0,2.0,2.0,2.0,0.0,1.0,1.0,3,3.0,0.0,0.0,1.0,1.0,2.0,1.0,1.0,1.0,1,1.0,4.0,3.0,1.0,1.0,1.0,1.0,1.0,1.0,1,1,1.0,1.0,1.0,1.0,1.0,1.0,1.0,1.0,1.0,1.0,1.0,2.0,2.0,2.0,2.0,2.0,2.0,0,1.0,1.0,1.0,1.0,1.0,1.0,1.0,1.0,1,1,1.0,1.0,1.0,2,2,2
,,,,,,,,,,,,,,,,,,,,,,,,,,,,,,,,,,,,,,,,,,,,,,,,,,,,,,,,,,,,,,,,,,,
0,0,0.0,0.0,0.0,0.0,0.0,0.0,0.0,0.0,0.0,0.0,0,0.0,0.0,0.0,0.0,0.0,0.0,0.0,0.0,0.0,0,0.0,0.0,0.0,0.0,0.0,0.0,0.0,0.0,0.0,0,0,0.0,0.0,0.0,0.0,0.0,0.0,0.0,0.0,0.0,0.0,0.0,0.0,0.0,0.0,0.0,0.0,0.0,0,0.0,0.0,0.0,0.0,0.0,0.0,0.0,0.0,0,0,0.0,0.0,0.0,0,0,0
,1668,1.0,10.1,0.008,3.2439999999999998,5.0,3.0,2.0,20.162,1.1320000000000001,3.308,0.1123,11.0,6.0,,1.0,1.501,-27.274,-23.165,3.0,2.061,0.047,0.0,1.827,0.64062,0.0625,0.2769,2.0,4.0,0.05,0.0,2.146,0.034,1.0,1.0,1.0,4.0,0.0,3.0,0.0,0.0,3.231,0.0008,4.0,0.0,0.0,1.0,1.0,2.0,1.0,0.089,4.0,4.0,4.9,3.0,0.0,4.9,0.05,0.0,-3.0006,0.0027,1.0,9.0,0.0,1.5979999999999999,0.265,0.353
77,3,1.0,0.0,1.0,1.0,2.0,0.0,2.0,0.0,1.0,1.0,3,3.0,0.0,0.0,1.0,0.0,2.0,1.0,1.0,1.0,1,1.0,0.0,3.0,1.0,1.0,1.0,1.0,1.0,1.0,0,1,1.0,1.0,1.0,0.0,1.0,1.0,1.0,1.0,1.0,1.0,1.0,2.0,2.0,2.0,2.0,2.0,2.0,0,1.0,1.0,1.0,1.0,1.0,1.0,1.0,1.0,1,1,1.0,1.0,1.0,2,2,2
,2298,1.0,1.162,0.958,1.3639999999999999,4.0,2.0,3.0,19.72,0.153,3.247,0.1222,7.0,6.889,4.543,1.0,1.258,-17.35,-14.07,4.0,1.871,0.0692,1.0,0.1756,0.41697,0.1546,0.3378,2.0,1.0,0.05,0.0,2.24,0.0249,1.0,1.0,5.0,1.0,0.0,5.0,4.0,0.0,0.333,0.63,4.0,1.0,1.0,0.0,2.0,0.0,1.0,0.057,3.0,2.0,4.7,5.0,5.0,4.7,0.05,0.0,-2.521,0.0117,1.0,5.0,0.0,1.476,0.051,0.097
91,3,1.0,1.0,1.0,1.0,2.0,2.0,0.0,0.0,1.0,1.0,3,3.0,4.0,4.0,1.0,0.0,2.0,1.0,1.0,1.0,1,1.0,4.0,3.0,1.0,1.0,1.0,1.0,1.0,1.0,1,1,1.0,1.0,0.0,1.0,1.0,2.0,0.0,1.0,0.0,0.0,0.0,2.0,2.0,2.0,2.0,2.0,2.0,3,1.0,1.0,1.0,1.0,1.0,1.0,1.0,1.0,1,1,1.0,1.0,1.0,2,2,2
,2025,1.0,1.282,1.191,1.5590000000000002,4.0,5.0,2.0,20.513,1.2429999999999999,3.457,0.1984,11.0,6.889,3.246,1.0,1.6179999999999999,-17.474,-14.006,1.0,2.037,0.0488,1.0,1.8542,0.3948,0.0707,0.2605,1.0,3.0,0.05,0.0,1.4,0.1615,0.0,0.0,3.0,2.0,0.0,1.0,5.0,0.0,3.651,0.0,4.0,1.0,0.0,1.0,2.0,0.0,1.0,0.11,3.0,0.0,0.0,4.0,0.0,0.0,0.05,0.0,-2.633,0.00846,1.0,3.0,0.0,1.311,0.166,0.227
83,3,1.0,1.0,0.0,0.0,2.0,2.0,2.0,2.0,1.0,1.0,3,3.0,4.0,0.0,1.0,0.0,2.0,1.0,1.0,1.0,1,1.0,0.0,0.0,1.0,1.0,1.0,1.0,1.0,1.0,1,1,1.0,1.0,1.0,1.0,1.0,1.0,1.0,1.0,1.0,1.0,1.0,2.0,2.0,2.0,2.0,2.0,2.0,3,0.0,1.0,0.0,0.0,1.0,1.0,1.0,1.0,1,1,1.0,1.0,1.0,2,2,2
,,,,,,,,,,,,,,,,,,,,,,,,,,,,,,,,,,,,,,,,,,,,,,,,,,,,,,,,,,,,,,,,,,,
0,0,0.0,0.0,0.0,0.0,0.0,0.0,0.0,0.0,0.0,0.0,0,0.0,0.0,0.0,0.0,0.0,0.0,0.0,0.0,0.0,0,0.0,0.0,0.0,0.0,0.0,0.0,0.0,0.0,0.0,0,0,0.0,0.0,0.0,0.0,0.0,0.0,0.0,0.0,0.0,0.0,0.0,0.0,0.0,0.0,0.0,0.0,0.0,0,0.0,0.0,0.0,0.0,0.0,0.0,0.0,0.0,0,0,0.0,0.0,0.0,0,0,0
,1021,1.0,1.958,1.108,1.581,0.0,4.0,5.0,20.169,1.232,4.188,0.2104,10.0,0.11111,0.04277,1.0,-13.211,-21.012,-15.588,3.0,2.146,0.0382,0.0,0.85,0.14365,0.0797,0.2769,5.0,3.0,0.05,0.0,1.8900000000000001,0.0294,1.0,1.0,4.0,2.0,0.0,4.0,1.0,0.0,0.341,0.367,5.0,2.0,0.0,2.0,1.0,1.0,2.0,0.143,4.0,3.0,0.0,4.0,3.0,0.0,0.05,0.0,-2.32096,0.01014,1.0,2.0,0.0,1.3719999999999999,0.183,0.251
67,3,1.0,1.0,1.0,1.0,2.0,2.0,2.0,2.0,1.0,1.0,3,3.0,0.0,0.0,1.0,0.0,0.0,0.0,1.0,1.0,1,1.0,0.0,3.0,0.0,0.0,0.0,1.0,1.0,1.0,1,0,0.0,0.0,0.0,1.0,1.0,2.0,1.0,1.0,0.0,0.0,0.0,2.0,2.0,0.0,2.0,2.0,0.0,3,0.0,1.0,0.0,0.0,1.0,1.0,1.0,1.0,1,0,1.0,1.0,1.0,2,2,2
,1609,1.0,1.313,1.1280000000000001,1.502,4.0,6.0,4.0,418.755,-22.432,25.472,0.133,8.0,6.889,4.543,1.0,1.276,-23.317,-21.183,4.0,1.759,0.0882,0.0,0.1798,0.44229,0.3952,0.5834,1.0,4.0,0.05,0.0,2.44,0.0071,0.0,0.0,1.0,2.0,0.0,5.0,5.0,0.0,2.935,0.00194,4.0,1.0,2.0,1.0,1.0,0.0,0.0,0.02,3.0,0.0,5.4,3.0,4.0,5.4,0.05,0.0,-1.6438000000000001,0.1,0.0,2.0,0.0,1.514,0.065,0.117
87,3,1.0,1.0,1.0,1.0,2.0,2.0,2.0,0.0,0.0,0.0,3,0.0,4.0,4.0,1.0,1.0,2.0,1.0,1.0,1.0,1,1.0,4.0,3.0,1.0,1.0,1.0,1.0,1.0,1.0,1,0,0.0,0.0,1.0,1.0,1.0,1.0,1.0,1.0,1.0,1.0,1.0,2.0,2.0,2.0,2.0,2.0,2.0,0,1.0,1.0,1.0,1.0,1.0,1.0,1.0,1.0,1,1,1.0,1.0,1.0,2,2,2
,1691,1.0,7.8,0.0,2.133,3.0,2.0,0.0,20.153,1.299,3.681,0.0766,10.0,6.889,4.543,1.0,1.599,-29.654,-24.546,4.0,2.201,0.0342,0.0,0.1604,0.74718,0.1453,0.3467,3.0,3.0,0.05,0.0,1.41,0.159,0.0,0.0,0.0,1.0,0.0,0.0,1.0,0.0,3.475,0.00074,3.0,0.0,0.0,1.0,1.0,1.0,2.0,0.737,2.0,0.0,5.7,3.0,2.0,5.7,0.05,0.0,-1.9569999999999999,0.0503,0.0,2.0,0.0,1.311,0.222,0.29
95,3,1.0,0.0,1.0,1.0,2.0,2.0,2.0,2.0,1.0,1.0,3,3.0,4.0,4.0,1.0,0.0,2.0,1.0,1.0,1.0,1,1.0,4.0,3.0,1.0,1.0,3.0,1.0,1.0,1.0,1,1,1.0,1.0,1.0,1.0,1.0,1.0,0.0,1.0,1.0,1.0,0.0,2.0,2.0,2.0,2.0,2.0,2.0,0,1.0,1.0,1.0,1.0,1.0,1.0,1.0,1.0,1,1,1.0,1.0,1.0,2,2,2
,1215,1.0,2.458,0.885,1.449,5.0,5.0,1.0,20.436,1.093,3.927,0.0988,9.0,6.882,76.514,1.0,1.474,-27.782,-23.438,1.0,2.402,0.022,1.0,0.167,0.65255,0.1775,0.4191,4.0,0.0,0.05,0.0,2.07,0.0385,1.0,1.0,4.0,2.0,0.0,3.0,4.0,0.0,3.17,0.001,2.0,2.0,0.0,1.0,1.0,1.0,2.0,0.211,4.0,2.0,0.0,0.0,5.0,0.0,0.05,0.0,-2.826,0.0047,1.0,6.0,0.0,1.5979999999999999,0.222,0.302
87,3,1.0,1.0,1.0,1.0,2.0,2.0,2.0,2.0,1.0,1.0,3,3.0,0.0,0.0,1.0,1.0,2.0,1.0,1.0,1.0,1,1.0,4.0,3.0,1.0,1.0,1.0,1.0,1.0,1.0,1,1,1.0,1.0,1.0,1.0,1.0,1.0,1.0,1.0,1.0,1.0,1.0,2.0,2.0,2.0,2.0,2.0,0.0,3,0.0,1.0,0.0,0.0,1.0,1.0,1.0,1.0,1,1,1.0,1.0,1.0,2,2,2
,1255,1.0,1.554,0.779,1.09,5.0,5.0,0.0,20.164,0.771,3.329,0.2306,7.0,6.889,4.543,1.0,1.563,-17.464,-15.5355,3.0,1.867,0.0698,0.0,0.152,0.72427,0.1348,0.3094,4.0,1.0,0.05,0.0,,,0.0,0.0,5.0,2.0,0.0,1.0,0.0,0.0,0.028,0.4889,5.0,2.0,0.0,1.0,1.0,0.0,1.0,0.112,5.0,0.0,0.0,2.0,0.0,0.0,0.05,0.0,3.24,0.0012,1.0,6.0,0.0,1.282,0.186,0.247
81,3,1.0,0.0,1.0,1.0,2.0,2.0,0.0,2.0,1.0,1.0,3,3.0,4.0,4.0,1.0,0.0,0.0,0.0,1.0,1.0,1,1.0,4.0,3.0,1.0,1.0,0.0,1.0,1.0,1.0,0,0,0.0,0.0,0.0,1.0,1.0,2.0,1.0,1.0,0.0,0.0,0.0,2.0,2.0,2.0,2.0,2.0,2.0,3,0.0,1.0,0.0,0.0,1.0,1.0,1.0,1.0,0,1,1.0,1.0,1.0,2,2,2
,2841,1.0,1.609,0.834,1.082,3.0,2.0,5.0,20.18,0.143,2.317,0.1169,2.0,6.889,4.543,1.0,2.147,-21.559,-14.881,3.0,1.751,0.087,1.0,0.1734,0.19961,0.0633,0.2499,2.0,2.0,0.05,0.0,1.76,0.0784,0.0,0.0,2.0,2.0,0.0,3.0,1.0,0.0,2.2560000000000002,0.013,3.0,2.0,0.0,0.0,1.0,1.0,1.0,0.055,5.0,3.0,4.8,1.0,3.0,4.8,0.05,0.0,-1.849,0.06446,0.0,0.0,0.0,1.405,0.261,0.335
99,3,1.0,1.0,1.0,1.0,2.0,2.0,2.0,2.0,1.0,1.0,3,3.0,4.0,4.0,1.0,1.0,2.0,1.0,1.0,1.0,1,1.0,4.0,3.0,1.0,0.0,1.0,1.0,1.0,1.0,1,1,1.0,1.0,1.0,1.0,1.0,1.0,1.0,1.0,1.0,1.0,1.0,2.0,2.0,2.0,2.0,2.0,2.0,3,1.0,1.0,1.0,1.0,1.0,1.0,1.0,1.0,1,1,1.0,1.0,1.0,2,2,2
,2132,1.0,1.173864201,0.6627743829,0.8943496171,2.0,2.0,5.0,19.96416471,1.406605253,3.2533947469999998,0.1439081786,1.0,6.888888889,45.11111111,1.0,1.849795173,-22.76503889,-21.23496111,4.0,1.9145129220000001,0.0648,1.0,0.11571883,0.89444,0.1345728345,0.3456271655,5.0,0.0,0.05,0.0,1.75,0.0801182271,0.0,0.0,1.0,2.0,0.0,3.0,4.0,0.0,2.768997461,0.0032294579,2.0,1.0,1.0,0.0,0.0,0.0,1.0,0.0803804752,2.0,3.0,5.4,5.0,5.0,5.4,0.05,0.0,-1.53622915,0.1244822229,0.0,4.0,0.0,1.340755035,0.0884804128,0.1383237109
89,3,1.0,1.0,1.0,1.0,2.0,2.0,2.0,2.0,1.0,1.0,3,3.0,4.0,0.0,1.0,1.0,2.0,1.0,1.0,1.0,1,1.0,0.0,3.0,0.0,0.0,2.0,1.0,1.0,1.0,1,1,1.0,1.0,1.0,1.0,1.0,1.0,1.0,1.0,1.0,1.0,1.0,2.0,2.0,0.0,2.0,2.0,2.0,3,1.0,1.0,1.0,1.0,1.0,1.0,1.0,1.0,1,1,1.0,1.0,1.0,2,2,2
,1857,1.0,1.124,1.306,1.47,3.0,5.0,1.0,19.949,1.291,3.449,0.0961,1.0,0.6889,4.543,1.0,1.624,-15.567,-10.033,4.0,2.061,0.046,1.0,0.1676,0.75197,0.1142,0.3064,3.0,4.0,0.05,0.0,1.53,0.1254,0.0,0.0,2.0,1.0,0.0,0.0,1.0,0.0,4.021,0.0,0.0,0.0,1.0,1.0,2.0,0.0,1.0,0.119,2.0,0.0,4.9,2.0,5.0,4.9,0.05,0.0,-2.79,0.0053,1.0,1.0,0.0,1.31,0.251,0.321
82,0,1.0,1.0,1.0,1.0,2.0,2.0,0.0,0.0,1.0,1.0,3,0.0,0.0,4.0,1.0,0.0,0.0,0.0,1.0,1.0,1,1.0,4.0,3.0,1.0,1.0,1.0,1.0,1.0,1.0,1,1,1.0,1.0,1.0,1.0,1.0,1.0,1.0,1.0,1.0,1.0,1.0,2.0,2.0,2.0,2.0,2.0,2.0,3,1.0,1.0,1.0,1.0,1.0,1.0,1.0,1.0,1,1,1.0,1.0,1.0,2,2,2
,,,,,,,,,,,,,,,,,,,,,,,,,,,,,,,,,,,,,,,,,,,,,,,,,,,,,,,,,,,,,,,,,,,
0,0,0.0,0.0,0.0,0.0,0.0,0.0,0.0,0.0,0.0,0.0,0,0.0,0.0,0.0,0.0,0.0,0.0,0.0,0.0,0.0,0,0.0,0.0,0.0,0.0,0.0,0.0,0.0,0.0,0.0,0,0,0.0,0.0,0.0,0.0,0.0,0.0,0.0,0.0,0.0,0.0,0.0,0.0,0.0,0.0,0.0,0.0,0.0,0,0.0,0.0,0.0,0.0,0.0,0.0,0.0,0.0,0,0,0.0,0.0,0.0,0,0,0
,1129,1.0,1.199,0.776,1.234,1.0,1.0,1.0,20.041,0.988,3.532,0.0995,1.0,6.889,4.543,1.0,1.944,-21.411,-17.649,2.0,1.799,0.0792,0.0,0.1684,0.1544,0.2474,0.4608,1.0,1.0,0.05,0.0,2.15,0.0316,1.0,1.0,5.0,2.0,0.0,4.0,0.0,0.0,2.474,0.007,2.0,1.0,1.0,0.0,1.0,2.0,1.0,0.53,2.0,4.0,5.5,5.0,4.0,5.5,0.05,0.0,-1.774,0.0762,0.0,6.0,0.0,1.3719999999999999,0.234,0.303
93,3,1.0,1.0,1.0,1.0,2.0,0.0,0.0,2.0,1.0,1.0,3,3.0,4.0,4.0,1.0,1.0,2.0,1.0,1.0,1.0,1,1.0,4.0,3.0,1.0,1.0,4.0,1.0,1.0,1.0,1,1,1.0,1.0,1.0,1.0,1.0,1.0,1.0,1.0,1.0,1.0,0.0,2.0,2.0,2.0,2.0,2.0,0.0,0,1.0,1.0,1.0,1.0,1.0,1.0,1.0,1.0,1,1,1.0,1.0,1.0,2,2,2
,1747,1.0,-2.151,0.628,1.32,2.0,2.0,4.0,19.989,-20.921,23.901,0.169,2.0,6.8870000000000005,220.422,1.0,-2.438,-23.8999,-20.5401,1.0,1.869,0.071,0.0,0.1316,0.26255,0.4056,0.5662,4.0,0.0,0.05,0.0,cannot do,cannot do,2.0,,0.0,4.0,0.0,0.0,3.0,0.0,0.05,0.508,5.0,1.0,1.0,1.0,2.0,2.0,0.0,0.977,3.0,3.0,5.6,0.0,1.0,5.6,0.05,0.0,-3.0159,0.0026,1.0,9.0,0.0,-1.405,0.69,0.748
66,3,1.0,1.0,1.0,1.0,2.0,2.0,0.0,2.0,0.0,0.0,3,0.0,4.0,0.0,1.0,0.0,0.0,0.0,1.0,1.0,1,1.0,4.0,3.0,0.0,0.0,1.0,1.0,1.0,1.0,0,0,0.0,0.0,1.0,0.0,1.0,1.0,1.0,1.0,0.0,0.0,0.0,2.0,2.0,2.0,0.0,2.0,2.0,0,1.0,1.0,1.0,1.0,1.0,1.0,1.0,1.0,1,1,1.0,1.0,1.0,2,0,0
,2362,1.0,1.48,0.522,0.918,0.0,1.0,1.0,20.059,1.129,3.371,0.0789,4.0,6.889,4.543,1.0,1.688,-27.828,-22.692,1.0,1.905,0.0652,1.0,0.16,0.82036,0.2197,0.4107,0.0,5.0,0.05,0.0,1.85,0.0644,0.0,0.0,3.0,2.0,0.0,0.0,0.0,0.0,3.407,0.0,5.0,0.0,1.0,1.0,1.0,0.0,2.0,0.056,2.0,0.0,5.9,2.0,1.0,5.9,0.05,0.0,-3.072,0.0021,1.0,9.0,0.0,1.311,0.226,0.294
96,3,1.0,0.0,1.0,1.0,2.0,2.0,2.0,2.0,1.0,1.0,3,0.0,4.0,4.0,1.0,1.0,2.0,1.0,1.0,1.0,1,1.0,4.0,3.0,1.0,1.0,1.0,1.0,1.0,1.0,1,1,1.0,1.0,1.0,1.0,1.0,1.0,1.0,1.0,1.0,1.0,1.0,2.0,2.0,2.0,2.0,2.0,2.0,3,1.0,1.0,1.0,1.0,1.0,1.0,1.0,1.0,1,1,1.0,1.0,1.0,2,2,2
,2210,1.0,1.255,1.404,1.728,2.0,4.0,6.0,20.348,0.642,2.4779999999999998,0.1549,0.0,6.889,4.543,1.0,2.221,-23.683,-19.477,1.0,1.943,0.061,1.0,0.1234,0.23677,0.1193,0.3181,4.0,4.0,0.05,0.0,1.55,0.121,0.0,0.0,5.0,1.0,0.0,5.0,5.0,0.0,3.588,0.0,1.0,0.0,1.0,1.0,0.0,1.0,2.0,0.103,0.0,1.0,5.3,5.0,1.0,5.3,0.05,0.0,-3.11,0.0019,1.0,5.0,0.0,1.405,0.075,0.123
95,3,1.0,1.0,1.0,1.0,2.0,2.0,0.0,0.0,1.0,1.0,3,3.0,4.0,4.0,1.0,0.0,2.0,1.0,1.0,1.0,1,1.0,4.0,3.0,1.0,1.0,3.0,1.0,1.0,1.0,0,1,1.0,1.0,1.0,1.0,1.0,1.0,0.0,1.0,1.0,1.0,1.0,2.0,2.0,2.0,2.0,2.0,2.0,3,1.0,1.0,1.0,1.0,1.0,1.0,1.0,1.0,1,1,1.0,1.0,1.0,2,2,2
,2731,1.0,2.289,1.199,1.8090000000000002,3.0,6.0,6.0,20.558,255.698,257.602,0.1815,6.0,6.889,4.543,1.0,2.454,-19.025,-11.995,4.0,1.9489999999999998,0.059,1.0,0.1322,0.25828,0.12,0.2894,4.0,4.0,0.05,0.0,1.6,0.0548,0.0,1.0,3.0,1.0,0.0,5.0,2.0,0.0,3.668,0.0,4.0,1.0,0.0,2.0,0.0,1.0,0.0,0.66,5.0,0.0,6.0,1.0,2.0,6.0,0.05,0.0,-3.157,0.0016,1.0,2.0,2.0,cannot do,cannot do,cannot do
80,3,1.0,1.0,1.0,1.0,2.0,2.0,2.0,2.0,0.0,0.0,3,3.0,4.0,4.0,1.0,1.0,2.0,1.0,1.0,1.0,1,1.0,4.0,3.0,0.0,0.0,1.0,1.0,1.0,1.0,1,0,1.0,0.0,0.0,1.0,1.0,2.0,0.0,1.0,1.0,1.0,0.0,2.0,2.0,2.0,2.0,2.0,0.0,0,1.0,1.0,1.0,1.0,1.0,1.0,1.0,1.0,1,1,1.0,1.0,0.0,0,0,0
,1827,1.0,1.007,1.3900000000000001,1.52,5.0,0.0,3.0,20.166,0.88,3.44,0.1924,10.0,6.889,4.543,1.0,1.4,-19.43,-15.51,3.0,2.062,0.046,1.0,0.143,0.576,0.1642,0.347,3.0,5.0,0.05,0.0,2.1,0.0357,1.0,1.0,0.0,2.0,0.0,3.0,4.0,0.0,3.957,0.0,4.0,1.0,0.0,1.0,0.0,1.0,2.0,0.1096,3.0,0.0,5.0,5.0,0.0,5.0,0.05,0.0,-1.9855,0.0471,1.0,0.0,0.0,1.5550000000000002,0.148,0.219
97,3,1.0,0.0,1.0,1.0,2.0,2.0,0.0,2.0,1.0,1.0,3,3.0,4.0,4.0,1.0,1.0,2.0,1.0,1.0,1.0,1,1.0,4.0,3.0,1.0,1.0,1.0,1.0,1.0,1.0,1,1,1.0,1.0,1.0,1.0,1.0,1.0,1.0,1.0,1.0,1.0,1.0,2.0,2.0,2.0,2.0,2.0,2.0,3,1.0,1.0,1.0,1.0,1.0,1.0,1.0,1.0,1,1,1.0,1.0,1.0,2,2,2
,2944,1.0,2.154,0.636,1.173,3.0,3.0,6.0,20.227,0.34,2.52,0.1372,8.0,0.667,19.556,1.0,1.254,-19.041,-14.559,1.0,1.78,0.1656,0.0,0.1766,0.33249,0.1652,0.3452,0.0,0.0,0.05,0.0,1.9300000000000002,0.0268,1.0,1.0,5.0,2.0,0.0,3.0,0.0,0.0,4.0,0.0,2.0,2.0,0.0,2.0,1.0,1.0,1.0,0.048,4.0,0.0,5.3,0.0,3.0,5.3,0.05,0.0,-1.825,0.06802,0.0,3.0,0.0,1.44,0.055,0.099
85,3,1.0,1.0,1.0,1.0,2.0,2.0,2.0,2.0,1.0,1.0,3,3.0,0.0,0.0,1.0,0.0,2.0,1.0,1.0,1.0,0,1.0,4.0,3.0,1.0,1.0,1.0,1.0,1.0,1.0,1,0,0.0,0.0,1.0,1.0,1.0,1.0,1.0,1.0,1.0,1.0,1.0,2.0,2.0,0.0,2.0,2.0,2.0,3,1.0,1.0,1.0,1.0,1.0,1.0,1.0,1.0,1,1,1.0,1.0,1.0,2,2,2
,1561,1.0,7.39,0.001,2.456,4.0,4.0,3.0,20.246,-0.099,3.079,13.7833,9.0,0.538,0.289,1.0,1.276,-26.462,-24.298,1.0,1.748,0.0892,0.0,1.8266,0.738355,0.2492,0.4318,1.0,0.0,0.05,0.0,2.44,0.0147,1.0,0.0,2.0,1.0,0.0,3.0,1.0,0.0,3.428,0.0,1.0,0.0,2.0,2.0,0.0,1.0,2.0,4.206,4.0,2.0,5.3,2.0,5.0,5.3,0.05,0.0,-1.873,0.061,0.0,2.0,0.0,1.514,0.273,0.357
64,3,1.0,0.0,1.0,1.0,2.0,0.0,2.0,2.0,1.0,1.0,0,0.0,0.0,0.0,1.0,1.0,2.0,1.0,1.0,1.0,1,1.0,0.0,0.0,1.0,1.0,2.0,1.0,1.0,1.0,1,1,1.0,0.0,1.0,1.0,1.0,1.0,0.0,1.0,1.0,1.0,0.0,2.0,2.0,0.0,0.0,2.0,0.0,0,1.0,1.0,1.0,1.0,1.0,1.0,1.0,1.0,1,1,1.0,0.0,1.0,2,2,2
,2921,1.0,1.811,0.984,1.441,5.0,3.0,3.0,20.149,1.079,3.541,0.2094,3.0,15.0,0.0,1.0,1.2810000000000001,-25.581,-21.559,4.0,2.551,0.0316,0.0,0.1448,0.43505,0.1997,0.3883,2.0,1.0,0.05,0.0,1.4,0.1615,0.0,0.0,1.0,2.0,0.0,4.0,2.0,0.0,2.775,0.005,4.0,2.0,0.0,2.0,2.0,1.0,2.0,0.159,4.0,1.0,5.2,0.0,1.0,5.2,0.05,0.0,-2.543,0.011,1.0,1.0,0.0,1.514,0.149,0.216
82,3,1.0,1.0,1.0,1.0,2.0,2.0,2.0,2.0,1.0,1.0,3,3.0,0.0,0.0,1.0,1.0,2.0,1.0,1.0,1.0,0,1.0,4.0,3.0,1.0,1.0,3.0,1.0,1.0,1.0,1,1,1.0,1.0,1.0,1.0,1.0,1.0,1.0,1.0,1.0,1.0,1.0,0.0,0.0,0.0,2.0,2.0,0.0,0,1.0,1.0,1.0,1.0,1.0,1.0,1.0,1.0,1,1,1.0,1.0,1.0,2,2,2
,2362,1.0,1.879,1.099,1.631,5.0,5.0,6.0,20.153,1.369,3.831,0.0684,9.0,6.882,4.578,1.0,1.549,-27.347,-23.253,1.0,2.404,0.022,1.0,0.1568,0.71978,0.2326,0.3852,3.0,2.0,0.05,1.0,0.006,0.498,0.0,2.0,1.0,1.0,0.0,5.0,4.0,0.0,3.135,0.05,1.0,1.0,1.0,1.0,0.0,2.0,2.0,0.276,0.0,5.0,5.7,4.0,1.0,5.7,0.05,0.0,-1.501,0.133,0.0,1.0,0.0,1.28,0.212,0.278
84,3,1.0,1.0,1.0,1.0,2.0,2.0,2.0,0.0,1.0,1.0,3,3.0,0.0,0.0,1.0,1.0,2.0,1.0,1.0,1.0,1,1.0,4.0,3.0,1.0,1.0,3.0,1.0,1.0,0.0,0,0,0.0,0.0,1.0,1.0,1.0,1.0,1.0,1.0,1.0,0.0,1.0,2.0,2.0,2.0,2.0,2.0,0.0,3,1.0,1.0,1.0,1.0,1.0,1.0,1.0,1.0,1,1,1.0,1.0,1.0,2,2,2
,2124,1.0,1.226,1.081,1.312,4.0,0.0,1.0,19.972,1.145,4.615,0.0833,9.0,4.852,16.598,1.0,1.863,-21.016,-16.304,2.0,2.469,cannot do,1.0,0.163,0.11096,0.3706,0.1532,2.0,4.0,0.05,0.0,1.33,0.1835,0.0,0.0,4.0,2.0,0.0,0.0,2.0,0.0,2.016,0.023,5.0,1.0,0.0,1.0,2.0,1.0,0.0,0.22,0.0,0.0,5.9,1.0,3.0,5.9,0.05,0.0,-2.838,0.0045,1.0,9.0,0.0,1.3719999999999999,0.229,0.3
88,3,1.0,1.0,1.0,1.0,2.0,2.0,2.0,2.0,1.0,1.0,3,3.0,0.0,0.0,1.0,1.0,2.0,1.0,1.0,1.0,0,1.0,4.0,3.0,0.0,0.0,1.0,1.0,1.0,1.0,1,1,1.0,1.0,1.0,1.0,1.0,1.0,1.0,1.0,1.0,1.0,1.0,2.0,2.0,2.0,2.0,2.0,2.0,3,1.0,1.0,1.0,1.0,1.0,1.0,1.0,1.0,1,1,1.0,0.0,1.0,2,2,2
,2661,1.0,2.287,1.108,1.605,4.0,4.0,0.0,20.206,1.295,3.985,0.1157,10.0,6.889,4.543,1.0,1.812,-28.923000000000002,-24.057,3.0,2.162,0.0376,0.0,0.172,0.8785,0.261,0.49,4.0,3.0,0.05,0.0,1.32,0.1863,0.0,0.0,0.0,2.0,0.0,1.0,5.0,0.0,2.053,0.021,4.0,2.0,1.0,1.0,0.0,1.0,0.0,0.105,2.0,5.0,5.3,3.0,4.0,5.3,0.05,0.0,-2.828,0.0048,1.0,9.0,0.0,1.341,0.256,0.326
96,3,1.0,1.0,1.0,1.0,2.0,2.0,2.0,0.0,0.0,0.0,3,3.0,4.0,4.0,1.0,1.0,2.0,1.0,1.0,1.0,1,1.0,4.0,3.0,1.0,1.0,1.0,1.0,1.0,1.0,1,1,1.0,1.0,1.0,1.0,1.0,1.0,1.0,1.0,1.0,1.0,1.0,2.0,2.0,2.0,2.0,2.0,2.0,3,1.0,1.0,1.0,1.0,1.0,1.0,1.0,1.0,1,1,1.0,1.0,1.0,2,2,2
,973,1.0,1.56,0.977,1.289,0.0,5.0,0.0,20.174,0.525,3.475,0.194,2.0,6.882,4.563,1.0,1.75,-21.675,-17.565,2.0,1.7229999999999999,0.092,0.0,0.1424,0.8636,0.3738,0.5284,5.0,2.0,0.05,1.0,,,1.0,,1.0,2.0,0.0,0.0,4.0,0.0,2.507,0.07,1.0,1.0,2.0,0.0,1.0,0.0,1.0,0.337,2.0,0.0,5.6,3.0,0.0,5.6,0.05,0.0,-3.455,0.00056,1.0,1.0,0.0,1.34,0.14,0.198
81,3,1.0,0.0,1.0,1.0,0.0,2.0,2.0,0.0,1.0,1.0,3,3.0,0.0,0.0,1.0,0.0,2.0,1.0,1.0,1.0,1,1.0,4.0,3.0,1.0,1.0,1.0,1.0,1.0,0.0,0,0,1.0,0.0,1.0,1.0,1.0,1.0,1.0,1.0,1.0,0.0,1.0,2.0,2.0,2.0,2.0,2.0,2.0,3,1.0,1.0,1.0,1.0,1.0,1.0,1.0,1.0,1,1,1.0,1.0,1.0,2,2,2
,,,,,,,,,,,,,,,,,,,,,,,,,,,,,,,,,,,,,,,,,,,,,,,,,,,,,,,,,,,,,,,,,,,
0,0,0.0,0.0,0.0,0.0,0.0,0.0,0.0,0.0,0.0,0.0,0,0.0,0.0,0.0,0.0,0.0,0.0,0.0,0.0,0.0,0,0.0,0.0,0.0,0.0,0.0,0.0,0.0,0.0,0.0,0,0,0.0,0.0,0.0,0.0,0.0,0.0,0.0,0.0,0.0,0.0,0.0,0.0,0.0,0.0,0.0,0.0,0.0,0,0.0,0.0,0.0,0.0,0.0,0.0,0.0,0.0,0,0,0.0,0.0,0.0,0,0,0
,2731,1.0,-1.376,0.78,1.166,2.0,5.0,6.0,20.098,0.1702,2.1697,0.1088,2.0,6.888,117.876,1.0,2.148,-27.895,-21.084,0.0,1.72367,0.0944,0.0,0.1702,0.22014,0.0928,0.3099,1.0,3.0,0.05,0.0,1.08,0.2801,0.0,0.0,5.0,2.0,0.0,2.0,3.0,0.0,2.8970000000000002,0.00242,4.0,0.0,1.0,0.0,0.0,1.0,1.0,0.219,2.0,1.0,5.7,1.0,3.0,5.7,0.05,0.0,-2.6879,0.0072,1.0,6.0,0.0,-1.405,0.248,0.321
92,3,1.0,1.0,1.0,1.0,2.0,2.0,0.0,2.0,1.0,1.0,3,3.0,4.0,0.0,1.0,1.0,2.0,1.0,1.0,1.0,1,1.0,4.0,3.0,1.0,1.0,1.0,1.0,1.0,1.0,1,1,1.0,1.0,1.0,1.0,1.0,1.0,1.0,1.0,1.0,1.0,1.0,2.0,2.0,2.0,0.0,2.0,2.0,3,1.0,1.0,1.0,1.0,1.0,1.0,1.0,1.0,1,1,1.0,1.0,1.0,2,2,2
,2432,1.0,2.15,0.6185,1.003,3.0,3.0,3.0,19.904,0.626,0.315,0.1627,1.0,6.889,4.543,1.0,1.38,-21.884,-20.516,3.0,2.964,0.006,1.0,0.1322,0.56826,0.0747,0.2435,4.0,4.0,0.05,0.0,2.2800000000000002,0.0238,1.0,1.0,1.0,2.0,0.0,1.0,4.0,0.0,2.682,0.004,0.0,1.0,1.0,0.0,0.0,1.0,1.0,0.914386,3.0,2.0,5.8,4.0,5.0,5.8,0.05,0.0,1.697,0.0882,0.0,7.0,0.0,1.439,0.109,0.167
86,3,1.0,1.0,1.0,1.0,2.0,2.0,2.0,2.0,1.0,0.0,3,3.0,4.0,4.0,1.0,0.0,2.0,1.0,1.0,0.0,0,0.0,4.0,3.0,1.0,1.0,1.0,1.0,1.0,1.0,1,1,1.0,1.0,1.0,1.0,1.0,1.0,1.0,1.0,1.0,1.0,1.0,2.0,2.0,2.0,2.0,0.0,2.0,0,1.0,1.0,1.0,1.0,1.0,1.0,1.0,1.0,0,1,1.0,0.0,1.0,0,2,2
,1844,1.0,1.385,0.716,0.965,1.0,0.0,2.0,20.141,0.629,3.291,0.1358,1.0,6.889,4.543,1.0,1.681,-20.802,-18.778,3.0,1.912,0.065,1.0,0.0608,0.584,0.2828,0.4556,4.0,2.0,0.05,0.0,2.36,0.0183,1.0,1.0,2.0,1.0,0.0,4.0,5.0,0.0,0.354,0.638,0.0,1.0,2.0,1.0,0.0,1.0,2.0,0.069,3.0,5.0,5.3,0.0,1.0,5.3,0.05,0.0,-3.2,0.00138,1.0,1.0,0.0,1.5550000000000002,0.071,0.125
90,3,1.0,1.0,1.0,1.0,2.0,2.0,2.0,2.0,1.0,1.0,3,3.0,4.0,4.0,1.0,1.0,2.0,1.0,1.0,1.0,1,1.0,0.0,3.0,1.0,1.0,1.0,1.0,1.0,1.0,1,1,1.0,1.0,0.0,1.0,1.0,2.0,0.0,1.0,0.0,0.0,0.0,2.0,0.0,2.0,2.0,2.0,2.0,3,1.0,1.0,1.0,1.0,1.0,1.0,1.0,1.0,1,1,1.0,1.0,1.0,2,2,2
,1917,1.0,1.373,1.328,1.537,0.0,6.0,2.0,19.829,1.2530000000000001,3.047,0.0872,0.0,6.889,4.543,1.0,1.498,-19.551,-18.389,1.0,1.958,0.057,0.0,0.1638,0.081967,0.0907,0.2931,5.0,1.0,0.05,0.0,2.51,0.012,1.0,1.0,0.0,2.0,0.0,5.0,4.0,0.0,2.7800000000000002,0.0033,5.0,1.0,0.0,2.0,0.0,1.0,1.0,0.096,3.0,2.0,5.4,3.0,0.0,5.4,0.05,0.0,-3.368,0.0004,1.0,9.0,0.0,1.645,0.224,0.31
97,3,1.0,1.0,1.0,1.0,2.0,2.0,2.0,2.0,1.0,1.0,3,3.0,4.0,4.0,1.0,1.0,2.0,1.0,1.0,1.0,1,1.0,4.0,0.0,1.0,1.0,1.0,1.0,1.0,1.0,1,1,1.0,1.0,1.0,1.0,1.0,1.0,1.0,1.0,1.0,1.0,1.0,2.0,2.0,2.0,2.0,2.0,2.0,3,1.0,1.0,1.0,1.0,1.0,1.0,1.0,1.0,1,1,1.0,1.0,1.0,2,2,2
,1227,1.0,1.754,1.023,1.533,3.0,5.0,2.0,20.122,0.971,2.789,0.2157,3.0,6.889,4.543,1.0,2.034,-23.472,-19.468,3.0,2.336,0.024,1.0,0.1514,0.16038,0.333,0.4884,5.0,2.0,0.05,0.0,1.9020000000000001,0.057,0.0,0.0,4.0,2.0,0.0,3.0,3.0,0.0,2.5,0.007,2.0,1.0,0.0,2.0,1.0,0.0,1.0,0.168,4.0,2.0,5.2,1.0,0.0,5.2,0.05,0.0,-1.866,0.062,0.0,9.0,0.0,1.37,0.173,0.237
100,3,1.0,1.0,1.0,1.0,2.0,2.0,2.0,0.0,1.0,1.0,3,3.0,4.0,4.0,1.0,1.0,2.0,1.0,1.0,1.0,1,1.0,4.0,3.0,1.0,1.0,3.0,1.0,1.0,1.0,1,1,1.0,1.0,1.0,1.0,1.0,1.0,1.0,1.0,1.0,1.0,1.0,2.0,2.0,2.0,2.0,2.0,2.0,3,1.0,1.0,1.0,1.0,1.0,1.0,1.0,1.0,1,1,1.0,1.0,1.0,2,2,2
,1537,1.0,1.125,1.214,1.526,0.0,2.0,1.0,20.258,1.302,3.618,0.164,10.0,6.667,6.667,1.0,1.633,-17.525,-15.955,3.0,2.111,0.0414,0.0,0.1306,0.78556,0.1684,0.343,0.0,0.0,0.05,0.0,1.05,0.2899,0.0,0.0,0.0,1.0,0.0,3.0,1.0,0.0,3.793,0.0,1.0,1.0,1.0,2.0,1.0,0.0,0.0,0.165,1.0,5.0,5.0,0.0,0.0,5.0,0.05,0.0,-2.7039999999999997,0.00686,1.0,8.0,0.0,1.311,0.103,0.154
86,0,1.0,1.0,1.0,1.0,2.0,2.0,2.0,2.0,1.0,1.0,3,3.0,0.0,0.0,1.0,1.0,2.0,1.0,0.0,1.0,1,1.0,4.0,3.0,1.0,1.0,0.0,1.0,1.0,1.0,0,1,1.0,1.0,1.0,1.0,1.0,1.0,1.0,1.0,1.0,1.0,1.0,2.0,2.0,2.0,2.0,2.0,2.0,3,1.0,1.0,1.0,1.0,1.0,1.0,1.0,1.0,1,1,1.0,1.0,1.0,2,2,2
,8004,1.0,1.9609999999999999,0.645,0.955,2.0,1.0,0.0,20.356,0.813,2.947,0.1051,1.0,6.889,4.543,1.0,1.366,-21.074,-17.366,1.0,1.873,0.068,1.0,0.1706,0.55249,0.135,0.3642,5.0,3.0,0.05,0.0,2.11,0.0349,1.0,1.0,0.0,2.0,0.0,5.0,4.0,0.0,2.298,0.0116,0.0,1.0,2.0,1.0,0.0,0.0,1.0,0.144,3.0,1.0,5.8,3.0,0.0,5.8,0.05,0.0,-3.152,0.00162,1.0,6.0,0.0,1.5550000000000002,0.249,0.331
97,0,1.0,1.0,1.0,1.0,2.0,2.0,2.0,2.0,1.0,1.0,3,3.0,4.0,4.0,1.0,1.0,2.0,1.0,1.0,1.0,1,1.0,4.0,3.0,1.0,1.0,1.0,1.0,1.0,1.0,1,1,1.0,1.0,0.0,1.0,1.0,2.0,1.0,1.0,1.0,1.0,1.0,2.0,2.0,2.0,2.0,2.0,2.0,3,1.0,1.0,1.0,1.0,1.0,1.0,1.0,1.0,1,1,1.0,1.0,1.0,2,2,2
,1825,1.0,1.125,0.877,1.082,2.0,4.0,5.0,20.535,0.452,2.608,0.1757,8.0,6.889,4.541,1.0,1.276,-11.402,-8.358,4.0,2.715,0.087,0.0,0.1354,0.44335,0.1954,0.361,0.0,3.0,0.05,0.0,2.4699999999999998,0.0135,1.0,1.0,1.0,2.0,0.0,1.0,5.0,0.0,3.622,0.0,4.0,0.0,0.0,2.0,1.0,1.0,1.0,0.072,5.0,0.0,5.1,3.0,3.0,5.1,0.05,0.0,-2.7199999999999998,0.0065,1.0,8.0,1.0,1.5150000000000001,0.121,0.185
95,3,1.0,1.0,1.0,1.0,2.0,2.0,2.0,2.0,1.0,1.0,3,3.0,4.0,4.0,1.0,1.0,0.0,0.0,1.0,0.0,1,0.0,4.0,3.0,1.0,1.0,2.0,1.0,1.0,1.0,1,1,1.0,1.0,1.0,1.0,1.0,1.0,1.0,1.0,1.0,1.0,1.0,2.0,2.0,2.0,2.0,2.0,2.0,3,1.0,1.0,1.0,1.0,1.0,1.0,1.0,1.0,1,1,1.0,1.0,0.0,2,2,2
,2486,1.0,1.1,0.692,0.943,2.0,6.0,5.0,20.322,0.686,3.874,0.2282,6.0,6.889,4.543,1.0,1.9449999999999998,-25.93,-23.33,1.0,1.838,0.0748,1.0,0.1552,0.13598,0.1951,0.4174,1.0,1.0,0.05,0.0,-1.46,0.1443,0.0,0.0,4.0,2.0,0.0,1.0,0.0,0.0,3.241,0.001,3.0,0.0,1.0,2.0,1.0,1.0,0.0,0.073,3.0,5.0,5.9,5.0,2.0,5.9,0.05,0.0,-1.895,0.058,0.0,5.0,0.0,1.3719999999999999,0.188,0.254
91,3,1.0,1.0,1.0,1.0,2.0,2.0,0.0,2.0,1.0,1.0,3,0.0,4.0,4.0,1.0,1.0,2.0,1.0,1.0,1.0,1,0.0,4.0,3.0,0.0,0.0,1.0,1.0,1.0,1.0,0,1,1.0,1.0,1.0,1.0,1.0,1.0,1.0,1.0,1.0,1.0,1.0,2.0,2.0,2.0,2.0,2.0,2.0,3,1.0,1.0,1.0,1.0,1.0,1.0,1.0,1.0,1,1,1.0,1.0,1.0,2,2,2
,2132,1.0,1.102,0.723,0.999,4.0,3.0,3.0,19.783,0.775,2.565,0.1218,7.0,6.889,179.111,1.0,1.27,-16.926,-14.274000000000001,2.0,1.827,0.0754,0.0,0.1748,0.44748,0.3669,0.5439,5.0,0.0,0.05,0.0,2.37,0.0088,1.0,1.0,1.0,2.0,0.0,3.0,3.0,0.0,2.83,0.003,0.0,0.0,2.0,1.0,1.0,0.0,1.0,0.077,0.0,4.0,4.6,2.0,3.0,4.6,0.05,0.0,-2.54,0.0109,1.0,5.0,0.0,1.51,0.044,0.086
95,3,1.0,1.0,1.0,1.0,2.0,2.0,2.0,2.0,1.0,1.0,3,3.0,4.0,0.0,1.0,1.0,2.0,1.0,1.0,1.0,1,1.0,4.0,3.0,1.0,1.0,1.0,1.0,1.0,1.0,1,0,1.0,1.0,1.0,1.0,1.0,1.0,1.0,1.0,1.0,1.0,1.0,2.0,2.0,2.0,2.0,2.0,2.0,3,1.0,1.0,1.0,1.0,1.0,1.0,1.0,1.0,1,1,1.0,1.0,1.0,2,2,2
,2486,1.0,1.599,1.207,1.587,5.0,3.0,6.0,20.245,0.92,3.1,0.127,10.0,6.889,159.2,1.0,1.251,-27.67,-24.56,2.0,2.124,0.0408,1.0,0.1758,0.41628,0.2749,0.4477,1.0,5.0,0.05,0.0,1.56,0.1188,0.0,0.0,1.0,1.0,0.0,2.0,4.0,0.0,3.352,0.001,2.0,2.0,2.0,0.0,1.0,0.0,1.0,0.134,3.0,2.0,5.8,1.0,2.0,5.8,0.05,0.0,-2.404,0.01622,1.0,3.0,0.0,1.476,0.048,0.091
89,3,1.0,0.0,1.0,1.0,2.0,2.0,2.0,2.0,1.0,1.0,3,3.0,4.0,0.0,1.0,1.0,0.0,0.0,1.0,1.0,1,1.0,4.0,3.0,1.0,1.0,1.0,1.0,1.0,1.0,1,1,1.0,1.0,1.0,1.0,1.0,1.0,0.0,1.0,1.0,1.0,1.0,0.0,2.0,2.0,2.0,2.0,2.0,3,1.0,1.0,1.0,1.0,1.0,1.0,1.0,1.0,1,1,1.0,1.0,1.0,2,2,2
,2325,1.0,1.558,0.815,1.068,1.0,2.0,2.0,19.961,1.103,3.257,0.2135,2.0,6.889,4.543,1.0,1.778,-20.473,-17.227,3.0,1.807,0.0782,0.0,0.1516,0.88085,0.2016,0.3704,5.0,0.0,0.05,0.0,1.87,0.0609,0.0,0.0,5.0,2.0,0.0,1.0,4.0,0.0,2.358,0.0099,3.0,1.0,2.0,0.0,2.0,2.0,0.0,0.649,3.0,1.0,5.6,5.0,2.0,5.6,0.05,0.0,-2.564,0.0104,1.0,0.0,0.0,1.341,0.186,0.251
86,3,1.0,1.0,1.0,1.0,2.0,2.0,2.0,2.0,1.0,1.0,3,0.0,4.0,4.0,1.0,0.0,0.0,0.0,1.0,1.0,1,1.0,4.0,3.0,1.0,1.0,1.0,1.0,1.0,1.0,1,1,1.0,1.0,1.0,1.0,1.0,1.0,1.0,1.0,1.0,1.0,1.0,2.0,0.0,2.0,0.0,2.0,2.0,0,1.0,1.0,1.0,1.0,1.0,1.0,1.0,1.0,1,1,1.0,1.0,1.0,2,2,2
,,,,,,,,,,,,,,,,,,,,,,,,,,,,,,,,,,,,,,,,,,,,,,,,,,,,,,,,,,,,,,,,,,,
0,0,0.0,0.0,0.0,0.0,0.0,0.0,0.0,0.0,0.0,0.0,0,0.0,0.0,0.0,0.0,0.0,0.0,0.0,0.0,0.0,0,0.0,0.0,0.0,0.0,0.0,0.0,0.0,0.0,0.0,0,0,0.0,0.0,0.0,0.0,0.0,0.0,0.0,0.0,0.0,0.0,0.0,0.0,0.0,0.0,0.0,0.0,0.0,0,0.0,0.0,0.0,0.0,0.0,0.0,0.0,0.0,0,0,0.0,0.0,0.0,0,0,0
,1349,1.0,1.376,1.275,1.666,0.0,6.0,6.0,20.446,0.922,3.338,0.1416,10.0,6.889,131.653,1.0,1.4020000000000001,-27.652,-23.388,2.0,3.56,0.00134,1.0,0.1234,0.57338,0.3144,0.525,4.0,1.0,0.05,0.0,2.31,0.02088,1.0,0.0,4.0,1.0,0.0,1.0,3.0,0.0,3.2800000000000002,0.00138,3.0,0.0,0.0,1.0,1.0,1.0,2.0,0.088,5.0,2.0,6.0,4.0,3.0,6.0,0.05,0.0,-1.9849999999999999,0.05244,0.0,9.0,0.0,1.5550000000000002,0.078,0.135
82,3,1.0,1.0,1.0,1.0,2.0,2.0,2.0,2.0,1.0,1.0,3,0.0,4.0,0.0,1.0,1.0,2.0,1.0,1.0,0.0,0,1.0,4.0,3.0,1.0,1.0,2.0,1.0,1.0,1.0,1,1,1.0,0.0,1.0,1.0,1.0,1.0,0.0,1.0,1.0,1.0,1.0,0.0,2.0,2.0,2.0,2.0,0.0,0,1.0,1.0,1.0,1.0,1.0,1.0,1.0,1.0,1,0,1.0,1.0,1.0,2,2,2
,2670,1.0,1.958,0.522,1.027,4.0,6.0,0.0,19.761,0.565,2.395,0.2176,7.0,6.889,4.543,1.0,1.194,-16.33,-15.31,4.0,1.81,0.1564,0.0,0.1448,0.33246,0.2022,0.3638,0.0,4.0,0.05,0.0,1.9100000000000001,0.0561,0.0,0.0,4.0,2.0,0.0,1.0,2.0,0.0,0.316,0.75226,4.0,1.0,1.0,0.0,1.0,0.0,2.0,0.054,3.0,1.0,5.1,3.0,3.0,5.1,0.05,0.0,-1.775,0.0759,0.0,9.0,0.0,1.44,0.15,0.219
93,3,1.0,1.0,1.0,1.0,2.0,2.0,2.0,2.0,1.0,1.0,3,3.0,4.0,4.0,1.0,1.0,0.0,0.0,1.0,1.0,0,1.0,4.0,3.0,1.0,1.0,1.0,1.0,1.0,1.0,1,1,1.0,1.0,0.0,1.0,1.0,2.0,1.0,1.0,0.0,0.0,0.0,2.0,2.0,2.0,2.0,2.0,2.0,3,1.0,1.0,1.0,1.0,1.0,1.0,1.0,1.0,1,1,1.0,1.0,1.0,2,2,2
,1957,1.0,1.255,1.078,1.391,5.0,2.0,3.0,20.181,0.977,2.842,0.1942,11.0,6.888,131.655,1.0,1.25,-17.337,-14.842,4.0,2.024,0.0502,1.0,0.1796,0.41635,0.3179,0.5158,5.0,5.0,0.05,0.0,2.23,0.02574,1.0,1.0,4.0,2.0,0.0,2.0,2.0,0.0,3.741,0.0,0.0,2.0,1.0,0.0,1.0,0.0,1.0,0.177,5.0,3.0,5.7,4.0,0.0,5.7,0.05,0.0,-3.222,0.00128,1.0,2.0,0.0,1.476,0.067,0.115
89,3,1.0,1.0,1.0,1.0,2.0,2.0,0.0,2.0,1.0,1.0,0,3.0,4.0,0.0,1.0,1.0,2.0,1.0,1.0,1.0,1,1.0,4.0,3.0,1.0,1.0,1.0,1.0,1.0,1.0,1,1,1.0,1.0,0.0,1.0,1.0,2.0,1.0,1.0,1.0,1.0,1.0,2.0,2.0,2.0,2.0,2.0,2.0,3,1.0,1.0,1.0,1.0,1.0,1.0,1.0,1.0,1,1,1.0,1.0,1.0,2,2,0
,2500,1.0,1.283,0.992,1.205,4.0,4.0,6.0,19.903,1.5270000000000001,3.413,0.1578,3.0,6.889,4.543,1.0,1.365,-22.85,-19.47,2.0,2.574,0.0272,1.0,0.1262,0.55534,0.3714,0.515,0.0,2.0,0.05,0.0,1.52,0.128,0.0,0.0,2.0,2.0,0.0,2.0,1.0,0.0,2.439,0.008,2.0,1.0,1.0,0.0,2.0,2.0,0.0,0.327,5.0,2.0,5.4,0.0,2.0,5.4,0.05,0.0,-3.278,0.001043,1.0,1.0,0.0,1.5550000000000002,0.086,0.143
91,3,1.0,1.0,1.0,1.0,2.0,0.0,2.0,2.0,1.0,1.0,3,3.0,4.0,4.0,1.0,1.0,2.0,1.0,1.0,1.0,0,1.0,4.0,3.0,1.0,1.0,1.0,1.0,1.0,1.0,1,1,1.0,1.0,1.0,1.0,1.0,1.0,1.0,1.0,1.0,1.0,1.0,2.0,2.0,2.0,0.0,0.0,0.0,3,1.0,1.0,1.0,1.0,1.0,1.0,1.0,1.0,1,1,1.0,1.0,1.0,2,2,2
,1742,1.0,1.13,1.259,1.427,1.0,1.0,5.0,20.631,0.843,2.677,0.13,10.0,6.889,4.551,1.0,2.26,-19.223,-12.157,1.0,2.077,0.045,1.0,0.1776,0.24979,0.333,0.5528,0.0,5.0,0.05,0.0,1.77,0.0767,0.0,0.0,1.0,2.0,0.0,5.0,1.0,0.0,3.6310000000000002,0.0,1.0,0.0,1.0,0.0,1.0,1.0,2.0,0.114,1.0,1.0,5.7,1.0,3.0,5.7,0.05,0.0,-2.652,0.008,1.0,2.0,0.0,1.405,0.061,0.107
95,3,1.0,1.0,1.0,1.0,2.0,2.0,2.0,2.0,1.0,1.0,3,3.0,4.0,0.0,1.0,1.0,2.0,1.0,1.0,1.0,1,0.0,4.0,3.0,1.0,1.0,1.0,1.0,1.0,1.0,1,1,1.0,1.0,0.0,1.0,1.0,2.0,1.0,1.0,1.0,1.0,1.0,2.0,2.0,2.0,2.0,2.0,2.0,3,1.0,1.0,1.0,1.0,1.0,1.0,1.0,1.0,1,1,1.0,1.0,1.0,2,2,2
,1349,1.0,1.3439999999999999,1.062,1.427,1.0,0.0,5.0,20.097,1.184,3.136,0.1479,9.0,6.889,0.0,1.0,1.17,-19.747,-16.113,1.0,2.519,0.016,1.0,0.123,0.31738,0.1621,0.3847,2.0,2.0,0.05,0.0,1.72,0.0854,0.0,0.0,4.0,2.0,0.0,0.0,4.0,0.0,3.879,0.0,5.0,2.0,0.0,1.0,1.0,1.0,0.0,0.219,4.0,0.0,4.5,2.0,1.0,4.5,0.05,0.0,-2.231,0.02568,1.0,9.0,0.0,1.44,0.08,0.133
96,3,1.0,1.0,1.0,1.0,2.0,2.0,2.0,2.0,1.0,1.0,3,3.0,4.0,0.0,1.0,1.0,2.0,1.0,1.0,1.0,1,1.0,4.0,3.0,1.0,1.0,1.0,1.0,1.0,1.0,1,1,1.0,1.0,1.0,1.0,1.0,1.0,1.0,1.0,1.0,1.0,1.0,2.0,2.0,2.0,2.0,2.0,2.0,3,1.0,1.0,1.0,1.0,1.0,1.0,1.0,1.0,1,1,1.0,1.0,1.0,2,2,2
,772,1.0,1.312,0.881,1.137,4.0,3.0,0.0,20.445,-0.34,2.86,0.226,8.0,1.0,1.0,1.0,2.127,-25.221,-23.059,0.0,1.77,0.0856,0.0,0.1544,0.89799,0.2886,0.4826,1.0,1.0,0.05,0.0,2.58,0.11,0.0,0.0,0.0,1.0,0.0,0.0,3.0,0.0,0.254,0.8,4.0,0.0,2.0,1.0,0.0,1.0,1.0,0.073,2.0,4.0,5.2,1.0,0.0,5.2,0.05,0.0,-3.442,0,1.0,8.0,0.0,1.405,0.187,0.254
79,3,1.0,1.0,1.0,1.0,2.0,2.0,0.0,0.0,1.0,1.0,3,3.0,0.0,0.0,1.0,1.0,2.0,1.0,1.0,1.0,1,1.0,4.0,0.0,1.0,1.0,0.0,1.0,1.0,1.0,0,1,1.0,1.0,0.0,1.0,1.0,2.0,0.0,1.0,0.0,0.0,0.0,2.0,2.0,2.0,2.0,2.0,2.0,3,1.0,1.0,1.0,1.0,1.0,1.0,1.0,1.0,1,1,1.0,1.0,1.0,2,2,2
,2325,1.0,1.5583,1.0277,1.246882,3.0,0.0,1.0,18.676,0.48481,4.7152,0.16354,10.0,6.8889,4.5432,1.0,1.795,-21.78,-19.36,4.0,2.156,0.0368,1.0,0.131,0.86013,0.077231,0.2514,5.0,4.0,0.05,1.0,1.8519,0.17357,0.0,0.0,2.0,2.0,0.0,3.0,4.0,0.0,2.4681699999999998,0.008,2.0,1.0,1.0,0.0,2.0,0.0,0.0,0.12602,2.0,4.0,5.4,1.0,4.0,5.4,0.05,0.0,-2.6109,0.00903,1.0,7.0,0.0,1.3408,0.10613,0.15918
82,3,1.0,1.0,0.0,0.0,2.0,2.0,2.0,0.0,0.0,0.0,0,0.0,4.0,4.0,1.0,1.0,0.0,0.0,1.0,1.0,1,1.0,4.0,3.0,1.0,1.0,2.0,1.0,1.0,0.0,0,1,1.0,1.0,1.0,1.0,1.0,1.0,1.0,1.0,1.0,1.0,1.0,2.0,2.0,2.0,2.0,2.0,0.0,3,1.0,1.0,1.0,1.0,1.0,1.0,1.0,1.0,1,1,1.0,1.0,1.0,2,2,2
,1996,1.0,2.282,1.061,1.508,2.0,4.0,1.0,20.144,1.457,3.463,0.1776,10.0,6.889,4.543,1.0,1.685,-26.328,-22.951999999999998,1.0,2.084,0.045,1.0,0.1382,0.81342,0.1219,0.3223,1.0,4.0,0.05,0.0,1.44,0.1499,0.0,0.0,1.0,2.0,0.0,5.0,1.0,0.0,3.095,0.001,0.0,0.0,1.0,2.0,0.0,1.0,1.0,0.116,3.0,1.0,5.7,3.0,5.0,5.7,0.05,0.0,-0.4357,0.3315,0.0,0.0,0.0,1.311,0.137,0.195
88.5,0,1.0,1.0,1.0,1.0,2.0,0.0,2.0,2.0,1.0,1.0,3,3.0,4.0,4.0,1.0,1.0,2.0,1.0,1.0,1.0,1,1.0,4.0,3.0,1.0,1.0,3.0,1.0,1.0,1.0,1,1,1.0,1.0,1.0,1.0,1.0,1.0,1.0,1.0,1.0,1.0,0.0,0.0,0.0,2.0,2.0,2.0,2.0,3,1.0,0.5,1.0,1.0,1.0,1.0,1.0,1.0,0,0,1.0,0.0,1.0,2,2,2
,2661,1.0,1.201,0.944,1.204,1.0,3.0,6.0,20.287,0.279,3.461,0.1139,8.0,6.889,186.765,1.0,-1.694,-30.722,-25.958,0.0,1.706,0.0966,0.0,0.0857,0.5,0.1559,0.3333,1.0,4.0,0.05,0.0,0.99,0.32218,0.0,0.0,5.0,1.0,0.0,0.0,2.0,0.0,3.583,0.001,4.0,1.0,1.0,0.0,0.0,1.0,1.0,0.053,1.0,4.0,5.7,2.0,1.0,5.7,0.05,0.0,-3.202,0.0014,1.0,5.0,0.0,1.311,0.254,0.322
78,3,1.0,1.0,1.0,1.0,2.0,2.0,2.0,2.0,1.0,1.0,3,3.0,4.0,0.0,1.0,0.0,0.0,0.0,1.0,1.0,1,1.0,0.0,0.0,1.0,1.0,1.0,1.0,1.0,1.0,1,1,1.0,1.0,1.0,1.0,1.0,1.0,0.0,1.0,1.0,1.0,1.0,2.0,2.0,2.0,2.0,2.0,0.0,0,1.0,1.0,1.0,1.0,1.0,1.0,1.0,1.0,1,1,1.0,0.0,1.0,2,2,2
,665,1.0,1.197,0.5904,0.7008,2.0,0.0,5.0,20.334,0.38,3.06,0.122,2.0,6.889,4.542,1.0,1.434,-23.29,-22.03,3.0,1.749,0.0898,0.0,0.1768,0.61513,0.3691,0.5901,1.0,3.0,0.05,0.0,2.496,0.0126,1.0,1.0,0.0,1.0,0.0,1.0,4.0,0.0,3.01,0.0015,1.0,0.0,2.0,1.0,1.0,1.0,0.0,0.03846,5.0,2.0,5.4,5.0,2.0,5.4,0.05,0.0,-1.873,0.061,0.0,7.0,0.0,1.5979999999999999,0.054,0.105
95,3,1.0,1.0,0.0,0.0,2.0,2.0,0.0,2.0,1.0,1.0,3,3.0,4.0,4.0,1.0,1.0,2.0,1.0,1.0,1.0,1,1.0,4.0,3.0,1.0,1.0,1.0,1.0,1.0,1.0,1,1,1.0,1.0,1.0,1.0,1.0,1.0,0.0,1.0,1.0,1.0,1.0,2.0,2.0,2.0,2.0,2.0,2.0,3,1.0,1.0,1.0,1.0,1.0,1.0,1.0,1.0,1,1,1.0,1.0,1.0,2,2,2
,1243,1.0,1.254,0.937,1.329,5.0,3.0,1.0,20.321,1.113,3.087,0.1775,10.0,6.889,4.543,1.0,1.221,-26.844,-24.476,3.0,2.33,0.026,1.0,0.1354,0.3663,0.4907,0.6605,0.0,0.0,0.05,0.0,1.9,0.0574,0.0,0.0,1.0,1.0,0.0,1.0,5.0,0.0,3.198,0.001,5.0,1.0,1.0,0.0,2.0,1.0,0.0,0.208,4.0,4.0,5.3,4.0,2.0,5.3,0.05,0.0,-2.426,0.015,1.0,9.0,0.0,1.476,0.124,0.188
96,3,1.0,1.0,1.0,1.0,2.0,2.0,2.0,0.0,1.0,1.0,3,0.0,4.0,4.0,1.0,1.0,2.0,1.0,1.0,1.0,1,1.0,4.0,3.0,1.0,1.0,2.0,1.0,1.0,1.0,1,1,1.0,1.0,1.0,1.0,1.0,1.0,1.0,1.0,1.0,1.0,1.0,2.0,2.0,2.0,2.0,2.0,2.0,3,1.0,1.0,1.0,1.0,1.0,1.0,1.0,1.0,1,1,1.0,1.0,1.0,2,2,2
,1175,1.0,2.147,0.897,1.377,3.0,3.0,3.0,20.186,1.385,3.855,0.0736,3.0,6.889,4.543,1.0,1.642,-24.056,-20.024,3.0,2.312,0.028,0.0,0.1586,0.78443,0.1191,0.3019,1.0,2.0,0.05,0.0,1.56,0.1188,0.0,0.0,1.0,2.0,0.0,0.0,1.0,0.0,2.643,0.005,1.0,1.0,2.0,1.0,1.0,0.0,0.0,0.271,5.0,2.0,5.9,1.0,4.0,5.9,0.05,0.0,-1.714,0.087,0.0,2.0,0.0,1.311,0.198,0.26
101,3,1.0,1.0,1.0,1.0,2.0,2.0,2.0,2.0,1.0,1.0,3,3.0,4.0,4.0,1.0,1.0,2.0,1.0,1.0,1.0,1,0.0,4.0,3.0,1.0,1.0,3.0,1.0,1.0,1.0,1,1,1.0,1.0,1.0,1.0,1.0,1.0,1.0,1.0,1.0,1.0,1.0,2.0,2.0,2.0,2.0,2.0,2.0,3,1.0,1.0,1.0,1.0,1.0,1.0,1.0,1.0,1,1,1.0,1.0,1.0,2,2,2
,2854,1.0,2.15,0.537,1.014,3.0,0.0,0.0,20.188,0.613,3.568,0.1766,0.0,6.889,4.543,1.0,1.557,-22.58,-20.6,3.0,1.9060000000000001,0.0662,0.0,0.1334,0.71532,0.3093,0.5142,0.0,1.0,0.05,1.0,2.12,0.034,1.0,1.0,4.0,1.0,0.0,1.0,3.0,0.0,2.729,0.004,3.0,2.0,1.0,0.0,1.0,0.0,1.0,0.091,3.0,2.0,5.4,5.0,1.0,5.4,0.05,0.0,-2.44,0.0146,1.0,7.0,0.0,1.282,0.114,0.166
95,3,1.0,1.0,1.0,1.0,2.0,2.0,2.0,2.0,1.0,1.0,3,0.0,4.0,4.0,1.0,1.0,2.0,1.0,1.0,1.0,1,1.0,4.0,3.0,1.0,1.0,1.0,1.0,1.0,0.0,1,1,1.0,1.0,1.0,1.0,1.0,1.0,0.0,1.0,1.0,1.0,1.0,2.0,2.0,2.0,2.0,2.0,2.0,3,1.0,1.0,1.0,1.0,1.0,1.0,1.0,1.0,1,1,1.0,1.0,1.0,2,2,2
,,,,,,,,,,,,,,,,,,,,,,,,,,,,,,,,,,,,,,,,,,,,,,,,,,,,,,,,,,,,,,,,,,,
0,0,0.0,0.0,0.0,0.0,0.0,0.0,0.0,0.0,0.0,0.0,0,0.0,0.0,0.0,0.0,0.0,0.0,0.0,0.0,0.0,0,0.0,0.0,0.0,0.0,0.0,0.0,0.0,0.0,0.0,0,0,0.0,0.0,0.0,0.0,0.0,0.0,0.0,0.0,0.0,0.0,0.0,0.0,0.0,0.0,0.0,0.0,0.0,0,0.0,0.0,0.0,0.0,0.0,0.0,0.0,0.0,0,0,0.0,0.0,0.0,0,0,0
,1727,1.0,1.175,0.9636,1.355,5.0,5.0,1.0,20.557,1.071,2.8890000000000002,0.1415,10.0,6.889,4.543,1.0,2.267,-20.102,-15.518,3.0,2.265,0.03,1.0,0.1216,0.300664,0.4107,0.6149,1.0,1.0,0.05,0.0,1.77,0.0767,0.0,0.0,5.0,2.0,0.0,2.0,2.0,0.0,3.402,0.0,3.0,1.0,0.0,1.0,1.0,2.0,0.0,0.112,1.0,0.0,5.9,2.0,0.0,5.9,0.05,0.0,-3.291,0.001,1.0,8.0,0.0,1.44,0.073,0.124
100,3,1.0,1.0,1.0,1.0,2.0,2.0,2.0,2.0,1.0,1.0,3,3.0,4.0,4.0,1.0,1.0,2.0,1.0,1.0,1.0,1,1.0,4.0,3.0,1.0,1.0,1.0,1.0,1.0,1.0,1,1,1.0,1.0,1.0,1.0,1.0,1.0,1.0,1.0,1.0,1.0,1.0,2.0,2.0,2.0,2.0,2.0,2.0,3,1.0,1.0,1.0,1.0,1.0,1.0,1.0,1.0,1,1,1.0,1.0,1.0,2,2,2
,2841,1.0,1.174,1.326,1.546,5.0,4.0,2.0,20.104,-34.508,38.348,0.575,11.0,0.111,0.654,1.0,1.267,-22.458,-19.602,2.0,2.018,0.0996,0.0,0.1664,0.42527,0.2077,0.3865,1.0,1.0,0.05,1.0,1.67,0.0475,1.0,4.0,2.0,2.0,0.0,2.0,5.0,0.0,0.304,0.381,2.0,1.0,1.0,0.0,0.0,0.0,1.0,0.059,3.0,4.0,0.0,0.0,3.0,0.0,0.05,1.0,2.006,0.04998,1.0,4.0,0.0,1.476,0.241,0.292
67,3,1.0,1.0,1.0,1.0,2.0,2.0,2.0,2.0,0.0,0.0,0,0.0,0.0,0.0,1.0,0.0,2.0,1.0,0.0,1.0,0,0.0,4.0,3.0,1.0,1.0,3.0,1.0,1.0,0.0,1,0,0.0,0.0,0.0,1.0,1.0,2.0,1.0,1.0,0.0,0.0,0.0,2.0,2.0,2.0,2.0,0.0,2.0,3,1.0,1.0,0.0,1.0,1.0,1.0,1.0,0.0,0,1,1.0,0.0,1.0,2,2,0
,894,1.0,1.374,-16.996,-14.424,3.0,3.0,3.0,19.852,0.642,2.618,0.2286,8.0,6.889,4.543,1.0,1.2530000000000001,-17.013,-14.407,2.0,1.837,0.074,0.0,0.153,0.40755,0.3262,0.4912,2.0,3.0,0.05,0.0,1.71,0.0867,0.0,0.0,3.0,2.0,0.0,1.0,1.0,0.0,3.758,0.0,2.0,2.0,0.0,0.0,1.0,2.0,1.0,0.136,1.0,1.0,4.9,4.0,5.0,4.9,0.05,1.0,-3.1584,0.0034,1.0,8.0,0.0,1.4758,0.179,0.248
88,3,1.0,1.0,0.0,0.0,2.0,2.0,0.0,2.0,1.0,1.0,3,0.0,4.0,4.0,1.0,1.0,2.0,1.0,1.0,1.0,1,1.0,4.0,3.0,0.0,0.0,1.0,1.0,1.0,1.0,1,1,1.0,1.0,0.0,1.0,1.0,2.0,1.0,1.0,1.0,1.0,1.0,2.0,2.0,2.0,2.0,0.0,2.0,3,1.0,1.0,1.0,1.0,1.0,1.0,1.0,0.0,1,1,1.0,1.0,1.0,2,2,2
,1600,1.0,1.812,0.831424,1.3059,2.0,1.0,1.0,20.376,0.69,2.89,0.02725,4.0,19.444,2.642,1.0,1.436,-19.6705,-18.1095,3.0,1.791,0.0806,0.0,0.1476,0.59775,0.0623,0.2393,3.0,1.0,0.05,0.0,2.74,0.00614,1.0,1.0,3.0,2.0,0.0,4.0,5.0,0.0,3.0619,0.001,4.0,1.0,2.0,1.0,0.0,2.0,1.0,0.022,4.0,1.0,5.7,4.0,3.0,5.7,0.05,0.0,-2.677,0.00742,1.0,8.0,0.0,1.5979999999999999,0.214,0.308
76,3,1.0,0.0,1.0,1.0,2.0,2.0,2.0,2.0,1.0,1.0,0,0.0,0.0,0.0,1.0,1.0,2.0,1.0,1.0,1.0,1,1.0,4.0,3.0,1.0,1.0,1.0,1.0,1.0,1.0,1,1,1.0,1.0,0.0,1.0,1.0,2.0,1.0,1.0,1.0,1.0,1.0,2.0,0.0,2.0,2.0,2.0,2.0,0,1.0,1.0,1.0,1.0,1.0,1.0,1.0,1.0,1,1,1.0,1.0,1.0,2,0,0
,1827,1.0,1.5590000000000002,1.224,1.653,0.0,6.0,5.0,20.257,0.696,2.944,0.02,6.0,7.333,162.222,1.0,1.249,-26.762,-25.098,0.0,1.9569999999999999,0.058,1.0,0.0046,0.41849,0.2026,0.3736,4.0,1.0,0.05,0.0,1.75,0.0801,0.0,0.0,0.0,2.0,0.0,3.0,5.0,0.0,0.401,0.344,1.0,0.0,0.0,0.0,2.0,1.0,1.0,0.149,4.0,4.0,5.2,4.0,4.0,5.2,0.05,0.0,-3.02,0.0025,1.0,0.0,0.0,1.476,0.117,0.177
74,0,1.0,1.0,1.0,1.0,2.0,2.0,0.0,2.0,1.0,1.0,0,3.0,0.0,0.0,1.0,1.0,2.0,1.0,1.0,1.0,1,0.0,0.0,3.0,1.0,1.0,1.0,1.0,1.0,1.0,1,1,1.0,1.0,0.0,1.0,1.0,2.0,1.0,1.0,0.0,0.0,0.0,0.0,2.0,2.0,2.0,2.0,2.0,3,1.0,1.0,1.0,1.0,1.0,1.0,1.0,1.0,1,1,1.0,1.0,1.0,2,2,2
,,,,,,,,,,,,,,,,,,,,,,,,,,,,,,,,,,,,,,,,,,,,,,,,,,,,,,,,,,,,,,,,,,,
0,0,0.0,0.0,0.0,0.0,0.0,0.0,0.0,0.0,0.0,0.0,0,0.0,0.0,0.0,0.0,0.0,0.0,0.0,0.0,0.0,0,0.0,0.0,0.0,0.0,0.0,0.0,0.0,0.0,0.0,0,0,0.0,0.0,0.0,0.0,0.0,0.0,0.0,0.0,0.0,0.0,0.0,0.0,0.0,0.0,0.0,0.0,0.0,0,0.0,0.0,0.0,0.0,0.0,0.0,0.0,0.0,0,0,0.0,0.0,0.0,0,0,0
,2921,1.0,1.754,0.634,1.073,4.0,6.0,3.0,20.406,0.436,3.2640000000000002,0.2032,1.0,0.333,0.111,1.0,1.3719999999999999,-21.115,-17.305,0.0,1.863,0.0694,0.0,1.857,0.54935,0.1017,0.2697,1.0,3.0,0.05,0.0,2.01,0.0444,1.0,0.0,0.0,2.0,0.0,2.0,3.0,0.0,2.307,0.011,1.0,2.0,1.0,2.0,2.0,2.0,1.0,0.099,0.0,5.0,5.9,2.0,2.0,5.9,0.05,0.0,-1.8559999999999999,0.06346,0.0,4.0,0.0,1.5550000000000002,-0.736,-0.556
77,3,1.0,1.0,1.0,1.0,2.0,2.0,2.0,2.0,1.0,1.0,3,3.0,0.0,0.0,1.0,1.0,2.0,1.0,1.0,1.0,1,1.0,0.0,3.0,1.0,1.0,1.0,1.0,1.0,1.0,1,1,1.0,0.0,1.0,1.0,1.0,1.0,1.0,1.0,1.0,1.0,1.0,0.0,2.0,2.0,0.0,0.0,2.0,3,1.0,1.0,1.0,1.0,1.0,1.0,1.0,1.0,1,1,1.0,1.0,1.0,2,0,0
,2096,1.0,1.15,1.342,1.564,0.0,4.0,3.0,20.297,0.875,3.205,0.1608,7.0,12.222,0.617,1.0,1.19,-20.393,-19.527,1.0,1.974,0.0558,1.0,0.1312,0.575,0.2297,0.4205,1.0,1.0,0.05,0.0,2.19,0.0284,1.0,1.0,3.0,2.0,0.0,3.0,4.0,0.0,3.615,0.0,3.0,1.0,0.0,1.0,0.0,2.0,1.0,0.159,1.0,1.0,5.8,3.0,0.0,5.8,0.05,0.0,-2.1203,0.034,1.0,6.0,0.0,1.5550000000000002,0.103,0.166
84,3,1.0,0.0,1.0,1.0,2.0,2.0,2.0,0.0,1.0,1.0,3,0.0,0.0,0.0,1.0,1.0,2.0,1.0,0.0,1.0,1,1.0,4.0,3.0,1.0,1.0,0.0,1.0,1.0,1.0,1,1,1.0,1.0,1.0,1.0,1.0,1.0,1.0,1.0,1.0,1.0,1.0,2.0,2.0,2.0,2.0,2.0,2.0,3,1.0,1.0,1.0,1.0,1.0,1.0,1.0,1.0,1,1,1.0,1.0,1.0,2,2,2
,1748,1.0,1.149,1.084,1.47,3.0,6.0,5.0,20.399,0.915,3.505,0.0957,3.0,6.889,4.543,1.0,1.258,19.977,21.183,1.0,2.395,0.021,1.0,0.1662,0.40041,0.2793,0.4781,0.0,4.0,0.05,0.0,2.01,0.0444,1.0,1.0,4.0,2.0,0.0,1.0,0.0,0.0,2.274,0.013,2.0,1.0,1.0,0.0,0.0,2.0,0.0,0.202,3.0,0.0,5.9,0.0,3.0,5.9,0.05,0.0,-2.635,0.00842,1.0,6.0,0.0,1.476,0.243,0.322
90,3,1.0,1.0,1.0,1.0,0.0,2.0,0.0,2.0,1.0,1.0,3,3.0,4.0,4.0,1.0,0.0,0.0,0.0,1.0,1.0,1,1.0,4.0,3.0,1.0,1.0,1.0,1.0,1.0,1.0,1,1,1.0,1.0,1.0,1.0,1.0,1.0,1.0,1.0,1.0,1.0,1.0,2.0,2.0,2.0,2.0,2.0,0.0,3,1.0,1.0,1.0,1.0,1.0,1.0,1.0,1.0,1,1,1.0,1.0,1.0,2,2,2
,,,,,,,,,,,,,,,,,,,,,,,,,,,,,,,,,,,,,,,,,,,,,,,,,,,,,,,,,,,,,,,,,,,
0,0,0.0,0.0,0.0,0.0,0.0,0.0,0.0,0.0,0.0,0.0,0,0.0,0.0,0.0,0.0,0.0,0.0,0.0,0.0,0.0,0,0.0,0.0,0.0,0.0,0.0,0.0,0.0,0.0,0.0,0,0,0.0,0.0,0.0,0.0,0.0,0.0,0.0,0.0,0.0,0.0,0.0,0.0,0.0,0.0,0.0,0.0,0.0,0,0.0,0.0,0.0,0.0,0.0,0.0,0.0,0.0,0,0,0.0,0.0,0.0,0,0,0
