Total,5811293,5811096.0,,,,5810989.0,,,5810965.0,,,5788012,5806181.0,5784980,,5810956.0,,,,5810963.0,,,,5723574,5723577,5810958,,5810957.0,,,,,,,,5810955.0,,,,,,,,,5810935.0,,,,,,5810954,5810933.0,,,,,,,,,,,,5810927.0,,,
,3,1.0,1,1,1,2.0,2.0,2.0,2.0,1.0,1.0,3,3.0,4,4,1.0,1.0,2.0,1.0,1.0,1.0,1,1.0,4,3,1,1.0,1.0,1.0,1.0,1.0,1.0,1.0,1.0,1.0,1.0,1.0,1.0,1.0,1.0,1.0,1.0,1.0,1.0,2.0,2.0,2.0,2.0,2.0,2.0,3,1.0,1.0,1.0,1.0,1.0,1,1.0,1.0,1.0,1,1.0,1.0,1.0,2.0,2.0,2.0
,,,,,,,,,,,,,,,,,,,,,,,,,,,,,,,,,,,,,,,,,,,,,,,,,,,,,,,,,,,,,,,,,,,
,1971,1.0,1.943,1.11,1.456,4.0,4.0,5.0,20.163,1.467,3.474,0.0692,10.0,6.8870000000000005,4.543,1.0,1.5550000000000002,-19.826999999999998,-16.273,1.0,2.173,0.036,0.0,0.158,0.7372,0.0721,0.2649,4.0,3.0,0.05,0.0,1.27,0.2065,0.0,0.0,0.0,2.0,0.0,4.0,0.0,0.0,4.007,0.0,3.0,2.0,0.0,1.0,1.0,0.0,1.0,0.105,4.0,2.0,5.8,0.0,1.0,5.8,0.05,0.0,-3.417,0.0006,1.0,2.0,0.0,1.262,0.213,0.277
91,3,1.0,1,1,1,2.0,2.0,2.0,0.0,1.0,1.0,3,3.0,4,4,1.0,0.0,0.0,0.0,1.0,1.0,1,0.0,4,3,1,1.0,0.0,0.0,1.0,1.0,1.0,1.0,1.0,1.0,1.0,1.0,1.0,1.0,1.0,1.0,1.0,1.0,1.0,2.0,2.0,2.0,2.0,2.0,2.0,3,1.0,1.0,1.0,1.0,1.0,1,1.0,1.0,1.0,1,1.0,1.0,1.0,2.0,2.0,2.0
,380,1.0,1.254,1.204,1.5,0.0,4.0,5.0,20.58,1.879,3.741,0.2145,9.0,6.882,117.806,1.0,1.958,-29.864,-23.216,4.0,2.311,0.027,1.0,0.1482,0.12941,0.0909,0.2893,4.0,5.0,0.05,0.0,1.19,0.234,0.0,0.0,5.0,2.0,0.0,0.0,4.0,0.0,2.594,0.005,2.0,1.0,1.0,1.0,0.0,0.0,2.0,0.263,3.0,3.0,5.9,5.0,4.0,5.9,0.05,0.0,-2.7423,0.0061,1.0,9.0,0.0,1.3719999999999999,0.166,0.23
85,0,1.0,1,1,1,2.0,2.0,2.0,0.0,1.0,1.0,3,3.0,0,0,1.0,1.0,2.0,1.0,1.0,1.0,1,1.0,4,3,1,1.0,0.0,0.0,1.0,1.0,1.0,1.0,1.0,1.0,1.0,1.0,1.0,1.0,1.0,1.0,1.0,1.0,1.0,2.0,2.0,2.0,2.0,2.0,2.0,3,1.0,1.0,1.0,1.0,1.0,1,1.0,1.0,1.0,1,1.0,1.0,1.0,2.0,2.0,2.0
,2210,1.0,1.124,0.579,0.773,1.0,4.0,6.0,20.284,-0.343,3.183,0.0622,6.0,6.889,4.543,1.0,1.939,-19.81,-13.73,0.0,1.9,0.065,0.0,0.156,0.15588,0.1464,0.3574,4.0,4.0,0.05,0.0,1.63,0.1023,0.0,0.0,2.0,2.0,0.0,5.0,5.0,0.0,3.918,0.0,4.0,2.0,1.0,0.0,1.0,0.0,1.0,0.067,1.0,2.0,4.9,4.0,3.0,4.9,0.05,0.0,-1.984,0.047,1.0,7.0,0.0,1.3719999999999999,0.198,0.266
98,3,1.0,1,1,1,2.0,2.0,2.0,2.0,1.0,1.0,3,3.0,4,4,1.0,1.0,2.0,1.0,1.0,1.0,1,1.0,4,3,1,1.0,0.0,0.0,1.0,1.0,1.0,1.0,1.0,1.0,1.0,1.0,1.0,1.0,1.0,1.0,1.0,1.0,1.0,2.0,2.0,2.0,2.0,2.0,2.0,3,1.0,1.0,1.0,1.0,1.0,1,1.0,1.0,1.0,1,1.0,1.0,1.0,2.0,2.0,2.0
,744,1.0,1.341,0.978,1.381,5.0,5.0,6.0,20.207,0.78,3.58,0.1698,4.0,6.889,7.21,1.0,1.381,-22.572,-18.968,4.0,2.1189999999999998,0.04,1.0,0.132,0.54341,0.1817,0.3495,1.0,2.0,0.05,0.0,1.67,0.0949,0.0,0.0,4.0,2.0,0.0,1.0,4.0,0.0,2.447,0.008,1.0,1.0,1.0,1.0,0.0,0.0,2.0,0.159,4.0,4.0,5.0,2.0,0.0,5,0.05,0.0,-2.337,0.01944,1.0,5.0,0.0,1.5550000000000002,0.101,0.163
92,3,1.0,0,1,1,2.0,2.0,2.0,2.0,1.0,1.0,3,3.0,4,0,1.0,0.0,2.0,1.0,1.0,1.0,1,1.0,4,3,1,1.0,0.0,0.0,1.0,1.0,1.0,1.0,1.0,1.0,1.0,1.0,1.0,1.0,1.0,1.0,1.0,1.0,1.0,2.0,2.0,2.0,2.0,2.0,2.0,3,1.0,1.0,1.0,1.0,1.0,1,1.0,1.0,1.0,1,1.0,1.0,1.0,2.0,2.0,2.0
,1346,1.0,1.304,1.33,1.681,1.0,0.0,3.0,20.174,0.187,3.253,0.1249,6.0,6.889,2.1310000000000002,1.0,1.207,-26.66,-24.76,2.0,1.9529999999999998,cannot do,2.0,0.1764,0.33497,0.0465,0.2579,3.0,5.0,0.05,0.0,2.06,0.0394,1.0,1.0,0.0,1.0,0.0,0.0,2.0,0.0,3.774,0.0,2.0,0.0,0.0,0.0,1.0,1.0,1.0,0.077,0.0,4.0,6.0,0.0,0.0,6,0.05,0.0,1.82454,0.06808,0.0,1.0,0.0,1.44,0.055,0.101
86,3,1.0,1,1,1,2.0,2.0,2.0,2.0,0.0,0.0,3,3.0,4,0,1.0,0.0,2.0,1.0,1.0,1.0,0,0.0,4,3,1,1.0,1.0,1.0,1.0,1.0,1.0,1.0,1.0,1.0,0.0,1.0,1.0,2.0,0.0,1.0,1.0,1.0,0.0,2.0,2.0,0.0,2.0,2.0,2.0,3,1.0,1.0,1.0,1.0,1.0,1,1.0,1.0,0.0,1,1.0,1.0,1.0,2.0,2.0,2.0
,10,1.0,,,,1.0,4.0,2.0,19.933,-3.453,-0.927,,10.0,6.889,4.543,1.0,2.219,-18.932,-17.108,3.0,2.729,0.0094,2.0,0.9424,0.8472,--6.6147,-6.1673,1.0,4.0,0.05,0.0,1.5,0.9332,1.0,0.0,2.0,4.0,0.0,1.0,4.0,0.0,-3.115,0.001,2.0,1.0,2.0,0.0,1.0,1.0,2.0,0.015,1.0,0.0,0.0,5.0,5.0,0,0.05,0.0,0.4,0.65,1.0,5.0,0.0,1.341,,
49,0,1.0,0,0,0,2.0,0.0,0.0,2.0,0.0,0.0,0,0.0,4,4,1.0,0.0,2.0,1.0,1.0,0.0,0,0.0,0,3,0,0.0,0.0,0.0,1.0,1.0,1.0,0.0,0.0,1.0,1.0,0.0,1.0,1.0,1.0,1.0,0.0,0.0,0.0,2.0,2.0,2.0,2.0,2.0,0.0,0,0.0,1.0,0.0,0.0,1.0,1,1.0,1.0,0.0,1,0.0,0.0,1.0,2.0,0.0,0.0
,cannot do,1.0,11.157,1.459,1.459,2.0,4.0,2.0,20.467,0.9539,3.9459999999999997,0.1084,3.0,0.342,0.008,1.0,1.8050000000000002,-24.497,-21.843,0.0,1.995,0.0546,1.0,0.9851,0.88911,0.1683,0.3643,1.0,3.0,0.05,0.0,1.29,0.1971,0.0,0.0,4.0,2.0,0.0,4.0,5.0,0.0,2.895,0.0019,5.0,1.0,0.0,0.0,1.0,1.0,2.0,0.757,4.0,4.0,5.4,0.0,2.0,5.4,0.05,0.0,-3.43,0.0006,1.0,8.0,0.0,1.341,0.246,0.315
76,0,1.0,0,0,0,2.0,2.0,2.0,2.0,1.0,1.0,3,0.0,0,0,1.0,1.0,2.0,1.0,1.0,1.0,1,1.0,0,3,1,1.0,1.0,1.0,1.0,1.0,1.0,1.0,1.0,1.0,1.0,1.0,1.0,1.0,1.0,1.0,1.0,1.0,1.0,2.0,2.0,2.0,2.0,2.0,2.0,0,1.0,1.0,1.0,1.0,1.0,1,1.0,1.0,1.0,1,1.0,1.0,1.0,2.0,2.0,2.0
,1600,1.0,1.8820000000000001,0.639,1.2429999999999999,1.0,2.0,0.0,19.778,0.753,2.827,0.1512,1.0,6,2.309,1.0,1.305,-19.714,-15.966,3.0,1.845,0.0726,1.0,0.1266,0.52731,0.0644,0.2798,0.0,4.0,0.05,0.0,2.42,0.0016,1.0,1.0,2.0,2.0,0.0,5.0,0.0,0.0,3.246,0.001,1.0,1.0,2.0,0.0,1.0,1.0,2.0,0.072,0.0,2.0,0.0,0.0,4.0,0,0.05,1.0,2.67,0.012,1.0,3.0,0.0,1.5550000000000002,0.089,0.149
78,3,1.0,1,1,1,2.0,2.0,2.0,2.0,1.0,1.0,3,0.0,0,0,1.0,1.0,2.0,1.0,1.0,1.0,1,0.0,4,3,0,0.0,1.0,1.0,1.0,1.0,1.0,0.0,1.0,1.0,1.0,1.0,1.0,1.0,1.0,1.0,1.0,1.0,1.0,2.0,2.0,2.0,2.0,2.0,0.0,3,0.0,1.0,0.0,0.0,1.0,1,1.0,0.0,0.0,1,1.0,1.0,1.0,2.0,2.0,2.0
,817,1.0,11.9,,,1.0,6.0,6.0,20.127,0.024,2.836,,9.0,,,1.0,,,,3.0,1.693,0.098,0.0,0.4657,cannot do,0.1049,0.3909,2.0,3.0,0.05,1.0,1.41,0.0396,0.0,0.0,3.0,2.0,24.9,0.0,5.0,24.9,0.25,0.598,2.0,1.0,0.0,0.0,0.0,1.0,2.0,0.028,4.0,5.0,0.0,5.0,1.0,0,0.05,1.0,-3.30007,0.00102,1.0,4.0,0.0,-1.514,-0.772,-0.599
46,3,1.0,0,0,0,2.0,0.0,2.0,2.0,0.0,0.0,0,0.0,0,0,1.0,0.0,0.0,0.0,1.0,1.0,1,1.0,0,0,0,0.0,1.0,1.0,1.0,0.0,1.0,0.0,1.0,1.0,1.0,1.0,0.0,1.0,1.0,1.0,0.0,0.0,0.0,2.0,2.0,0.0,2.0,2.0,0.0,0,1.0,1.0,0.0,1.0,1.0,1,1.0,0.0,1.0,1,1.0,0.0,1.0,2.0,0.0,0.0
,2774,1.0,1.149,1.106,1.279,3.0,5.0,4.0,19.831,0.506,2.014,0.0454,8.0,1,1/54,1.0,1.947,-0.3943,2.394,4.0,1.712,0.0952,0.0,0.1426,0.29474,0.302,0.508,5.0,1.0,0.05,0.0,1.45,0.14706,0.0,0.0,4.0,1.0,0.0,4.0,2.0,0.0,3.745,0.00017,3.0,1.0,2.0,0.0,1.0,1.0,0.0,0.201,5.0,5.0,5.7,5.0,0.0,5.7,0.05,0.0,-3.4055,0.00066,1.0,3.0,0.0,1.44,0.15,0.215
78,0,1.0,1,1,1,2.0,2.0,2.0,2.0,0.0,0.0,0,3.0,0,0,1.0,0.0,0.0,0.0,1.0,1.0,1,1.0,4,3,1,1.0,1.0,1.0,1.0,1.0,1.0,1.0,1.0,1.0,1.0,1.0,1.0,1.0,0.0,1.0,1.0,1.0,0.0,2.0,2.0,2.0,2.0,2.0,2.0,3,1.0,1.0,1.0,1.0,1.0,1,1.0,1.0,1.0,1,1.0,1.0,1.0,2.0,2.0,2.0
,2194,1.0,1.554,0.628,0.968,0.0,0.0,3.0,19.826,0.271,2.689,0.1947,6.0,6.889,4.556,1.0,2.186,-20.547,-14.353,4.0,1.884,0.067,0.0,0.1452,0.22629,0.2582,0.4532,5.0,0.0,0.05,0.0,1.9300000000000002,0.0536,0.0,0.0,0.0,1.0,0.0,0.0,2.0,0.0,0.171,0.864,5.0,0.0,1.0,2.0,0.0,1.0,1.0,0.114,1.0,1.0,5.6,4.0,1.0,5.6,0.05,0.0,-1.728,0.0842,0.0,2.0,0.0,1.405,0.161,0.226
80,3,1.0,0,1,1,2.0,2.0,2.0,0.0,1.0,1.0,3,0.0,4,0,1.0,0.0,0.0,0.0,1.0,1.0,1,1.0,4,3,1,1.0,0.0,0.0,1.0,1.0,1.0,1.0,1.0,1.0,0.0,1.0,1.0,2.0,0.0,1.0,0.0,0.0,0.0,2.0,2.0,2.0,2.0,2.0,2.0,3,1.0,1.0,1.0,1.0,1.0,1,1.0,1.0,1.0,1,1.0,1.0,1.0,2.0,2.0,2.0
,1068,1.0,9.3,85.876,85.876,4.0,6.0,0.0,20.413,1.4969999999999999,3.583,0.1784,9.0,2.667,8.462,1.0,1.44,-27.961,-23.279,0.0,2.44,0.0404,1.0,0.1346,0.65569,0.0505,0.2619,2.0,1.0,0.05,0.0,1.77,0.0767,0.0,6.0,1.0,2.0,0.0,1.0,5.0,0.0,3.151,0.001,2.0,1.0,0.0,1.0,0.0,2.0,2.0,0.766,4.0,1.0,5.3,0.0,3.0,5.3,0.05,0.0,-1.565,0.118,0.0,5.0,0.0,1.5979999999999999,0.11,0.175
77,3,1.0,0,0,0,2.0,2.0,2.0,0.0,1.0,1.0,3,3.0,0,0,1.0,0.0,2.0,1.0,1.0,1.0,0,1.0,4,3,1,1.0,0.0,0.0,1.0,1.0,1.0,1.0,1.0,0.0,1.0,1.0,1.0,1.0,1.0,1.0,1.0,1.0,1.0,2.0,2.0,2.0,2.0,0.0,2.0,0,1.0,1.0,1.0,1.0,1.0,1,1.0,1.0,1.0,1,1.0,1.0,1.0,2.0,2.0,2.0
,cannot do,1.0,1.343,0.603,0.979,0.0,3.0,6.0,20.378,0.509,2.491,0.1758,4.0,6.889,4.543,1.0,2.725,-23.297,-14.923,4.0,1.8382,0.1468,0.0,0.1338,0.29986,0.1291,0.3033,0.0,0.0,0.05,0.0,2.34,0.0193,1.0,1.0,0.0,2.0,0.0,5.0,0.0,0.0,2.332,0.011,1.0,2.0,0.0,2.0,1.0,2.0,2.0,0.016,2.0,0.0,5.0,2.0,2.0,5,0.05,0.0,-1.643,0.10038,0.0,2.0,0.0,1.44,0.118,0.179
81,0,1.0,1,1,1,2.0,2.0,2.0,2.0,1.0,1.0,3,0.0,4,4,1.0,1.0,2.0,1.0,1.0,1.0,0,0.0,4,3,1,1.0,0.0,0.0,1.0,1.0,1.0,1.0,1.0,1.0,1.0,1.0,1.0,1.0,1.0,1.0,1.0,1.0,1.0,0.0,2.0,2.0,2.0,0.0,0.0,0,1.0,1.0,1.0,1.0,1.0,1,1.0,1.0,1.0,1,1.0,1.0,1.0,2.0,2.0,2.0
,173,1.0,10,-0.003,2.528,1.0,3.0,5.0,20.561,2.5,2.9,0.00075,3.0,54,0,1.0,1.722,-26.43086,-23.6091,4.0,2.3689999999999998,0.0238,1.0,0.1698,0.817347,0.1124,0.3418,3.0,2.0,0.05,0.0,0.93,0.35238,0.0,0.0,3.0,2.0,0.0,0.0,5.0,0.0,3.13484,0.00114,0.0,0.0,0.0,1.0,0.0,1.0,1.0,0.09175,0.0,1.0,5.57,2.0,3.0,5.57,0.05,0.0,-3.4396,0.00029,1.0,6.0,0.0,1.311,0.243,0.31
67.5,0,1.0,0,1,1,2.0,2.0,2.0,2.0,0.0,0.0,0,0.0,0,0,1.0,0.0,2.0,1.0,1.0,1.0,1,1.0,4,0,1,1.0,1.0,0.0,1.0,1.0,1.0,1.0,1.0,1.0,0.0,1.0,1.0,2.0,1.0,1.0,1.0,1.0,1.0,2.0,2.0,2.0,0.0,2.0,2.0,0,1.0,0.5,0.0,1.0,1.0,1,1.0,1.0,1.0,1,1.0,0.0,1.0,2.0,2.0,2.0
,1082,1.0,10.1,-0.002,1.85,1.0,3.0,6.0,20.151,1.18,2.96,0.1975,7.0,6,6,1.0,1.643,-18.543,-14.137,3.0,1.839,0.0738,0.0,0.1462,0.76106,0.083,0.2524,0.0,4.0,0.05,1.0,,,1.0,1.0,1.0,2.0,0.0,0.0,1.0,0.0,0.769,0.221,3.0,0.0,1.0,0.0,0.0,1.0,1.0,0.489,1.0,2.0,5.7,1.0,5.0,5.7,0.05,1.0,-1.666,.,1.0,1.0,0.0,1.311,0.157,0.215
71,3,1.0,0,1,1,2.0,2.0,2.0,2.0,1.0,1.0,0,3.0,0,0,1.0,1.0,2.0,1.0,1.0,1.0,1,1.0,4,3,1,1.0,1.0,1.0,1.0,0.0,0.0,0.0,0.0,0.0,0.0,1.0,1.0,2.0,1.0,1.0,0.0,0.0,0.0,2.0,2.0,2.0,0.0,2.0,2.0,0,1.0,1.0,1.0,1.0,1.0,1,1.0,0.0,1.0,0,0.0,0.0,1.0,2.0,2.0,2.0
,,,,,,,,,,,,0.0915,,,,,,,,,,,,,,,,,,,,,,,,,,,,,,,,,,,,,,,,,,,,,,,,,,,,,,,
3,0,0.0,0,0,0,0.0,0.0,0.0,0.0,0.0,0.0,3,0.0,0,0,0.0,0.0,0.0,0.0,0.0,0.0,0,0.0,0,0,0,0.0,0.0,0.0,0.0,0.0,0.0,0.0,0.0,0.0,0.0,0.0,0.0,0.0,0.0,0.0,0.0,0.0,0.0,0.0,0.0,0.0,0.0,0.0,0.0,0,0.0,0.0,0.0,0.0,0.0,0,0.0,0.0,0.0,0,0.0,0.0,0.0,0.0,0.0,0.0
,866,1.0,1.815,0.896,1.324,1.0,4.0,3.0,20.239,0.075,2.465,0.1763,1.0,6.889,2.1310000000000002,1.0,2.033,-22.377,-16.364,3.0,1.7850000000000001,0.081,0.0,1.8643999999999998,0.18487,0.2747,0.4221,4.0,5.0,0.05,0.0,1.6400000000000001,0.1018,0.0,0.0,3.0,2.0,0.0,3.0,0.0,0.0,2.423,0.008,0.0,1.0,1.0,0.0,0.0,2.0,1.0,0.042,1.0,5.0,5.5,2.0,5.0,5.5,0.05,0.0,2.077,0.0378,1.0,7.0,0.0,1.3719999999999999,0.121,0.177
83,0,1.0,1,1,1,2.0,2.0,2.0,2.0,1.0,1.0,3,3.0,4,0,1.0,1.0,0.0,0.0,1.0,1.0,1,1.0,0,3,1,1.0,0.0,0.0,1.0,1.0,1.0,1.0,1.0,1.0,1.0,1.0,1.0,1.0,1.0,1.0,1.0,1.0,1.0,2.0,2.0,2.0,2.0,2.0,2.0,3,1.0,1.0,1.0,1.0,1.0,1,1.0,1.0,0.0,1,1.0,1.0,1.0,2.0,2.0,2.0
,2839,1.0,1.557,1.018,1.181,1.0,0.0,3.0,21.093,-0.965,5.125,0.0817,10.0,6.889,4.543,1.0,1.784,-21.319,-19.941,1.0,1.767,0.087,0.0,0.1594,0.88247,0.3004,0.5112,5.0,5.0,0.05,0.0,1.75,0.0801,0.0,0.0,1.0,2.0,0.0,2.0,1.0,0.0,2.618,0.005,5.0,0.0,1.0,1.0,0.0,2.0,1.0,0.067,4.0,4.0,5.7,5.0,5.0,5.7,0.05,0.0,-3.29,0.001,1.0,3.0,0.0,1.314,0.21,0.277
91,3,1.0,1,1,1,2.0,2.0,2.0,0.0,0.0,0.0,3,0.0,4,4,1.0,1.0,2.0,1.0,1.0,1.0,1,1.0,4,3,1,1.0,1.0,1.0,1.0,1.0,1.0,1.0,1.0,1.0,1.0,1.0,1.0,1.0,1.0,1.0,1.0,1.0,1.0,2.0,2.0,2.0,2.0,2.0,2.0,3,1.0,1.0,1.0,1.0,1.0,1,1.0,1.0,1.0,1,1.0,1.0,1.0,0.0,2.0,2.0
,1512,1.0,1.958,1.217,1.7850000000000001,4.0,6.0,3.0,20.033,1.5030000000000001,3.237,0.2206,0.0,6.889,4.543,1.0,1.742,-24.199,-20.461,3.0,1.975,0.0572,1.0,0.1536,0.8429,0.1312,0.346,5.0,0.0,0.05,0.0,1.85,0.0643,0.0,0.0,1.0,2.0,0.0,5.0,1.0,0.0,2.834,0.003,2.0,1.0,2.0,1.0,0.0,0.0,1.0,0.06,0.0,2.0,5.3,1.0,3.0,5.3,0.05,0.0,-1.9332,0.0532,0.0,7.0,0.0,1.341,0.2,0.267
97,3,1.0,1,1,1,2.0,2.0,2.0,2.0,1.0,1.0,3,3.0,4,4,1.0,1.0,2.0,1.0,1.0,1.0,1,1.0,4,3,1,1.0,1.0,1.0,1.0,1.0,1.0,1.0,1.0,1.0,1.0,1.0,1.0,1.0,1.0,1.0,1.0,1.0,1.0,2.0,2.0,2.0,2.0,2.0,2.0,0,1.0,1.0,1.0,1.0,1.0,1,1.0,1.0,1.0,1,1.0,1.0,1.0,2.0,2.0,2.0
,42436,1.0,1.055,0.783,0.985,0.0,3.0,5.0,20.376,0.025,2.515,0.0815,2.0,6.889,4.543,1.0,2.026,-22.916,-18.124,2.0,1.8279999999999998,0.1556,0.0,0.1628,0.16385,0.2561,0.4051,5.0,4.0,0.05,0.0,1.97,0.0488,1.0,1.0,5.0,2.0,0.0,2.0,0.0,0.0,0.444,0.329,3.0,1.0,0.0,0.0,1.0,1.0,2.0,0.056,3.0,0.0,5.1,1.0,3.0,5.1,0.05,0.0,-2.205,0.0275,1.0,4.0,0.0,1.3719999999999999,0.227,0.263
84,0,1.0,1,1,1,2.0,2.0,0.0,2.0,1.0,1.0,3,0.0,4,4,1.0,1.0,2.0,1.0,1.0,1.0,0,1.0,4,3,0,0.0,1.0,1.0,1.0,1.0,1.0,1.0,1.0,1.0,0.0,1.0,1.0,2.0,1.0,1.0,0.0,0.0,0.0,2.0,2.0,2.0,2.0,2.0,2.0,3,1.0,1.0,1.0,1.0,1.0,1,1.0,1.0,1.0,1,1.0,1.0,1.0,2.0,2.0,0.0
,1314,1.0,-1.342,1.099,1.333,2.0,1.0,3.0,20.345,0.217,2.003,0.2028,2.0,123,612,1.0,-1.927,-22.29,-21.583,2.0,1.736,0.1844,0.0,1.8519999999999999,0.15605,0.3541,0.4507,1.0,4.0,0.05,1.0,2.13,0.9834,0.0,0.0,3.0,2.0,0.0,4.0,3.0,0.0,2.925,0.00224,2.0,2.0,2.0,2.0,2.0,2.0,2.0,0.14,1.0,2.0,5.0,1.0,2.0,5,0.05,0.0,-2.899,0.00187,1.0,2.0,0.0,-1.3719999999999999,0.172,0.238
62,3,1.0,1,1,1,2.0,2.0,2.0,2.0,0.0,0.0,3,3.0,0,0,1.0,0.0,0.0,1.0,1.0,1.0,0,1.0,0,3,0,1.0,0.0,0.0,1.0,0.0,1.0,0.0,0.0,0.0,1.0,1.0,1.0,1.0,1.0,1.0,1.0,1.0,1.0,0.0,0.0,0.0,0.0,0.0,2.0,0,1.0,1.0,1.0,1.0,1.0,1,1.0,1.0,1.0,1,1.0,1.0,1.0,2.0,2.0,2.0
,2430,2.0,cannot do,cannot do,cannot do,4.0,6.0,4.0,20.273,1.217,3.343,0.1859,10.0,6.889,4.543,1.0,1.502,-26.155,-23.985,2.0,2.061,0.047,0.0,0.1352,0.67737,0.1601,0.3519,5.0,0.0,0.05,0.0,2.12,0.337,1.0,1.0,0.0,2.0,0.0,4.0,5.0,0.0,3.203,0.001,4.0,1.0,1.0,0.0,2.0,1.0,0.0,0.119,1.0,2.0,5.1,5.0,1.0,5.1,0.05,0.0,-1.76,0.0784,0.0,7.0,0.0,1.645,0.115,0.183
92,3,0.0,0,0,0,2.0,2.0,2.0,0.0,1.0,1.0,3,3.0,4,4,1.0,1.0,2.0,1.0,1.0,1.0,1,1.0,4,3,1,1.0,0.0,1.0,1.0,1.0,1.0,0.0,1.0,1.0,1.0,1.0,1.0,1.0,1.0,1.0,1.0,1.0,1.0,2.0,2.0,2.0,2.0,2.0,2.0,3,1.0,1.0,1.0,1.0,1.0,1,1.0,1.0,1.0,1,1.0,1.0,1.0,2.0,2.0,2.0
,20,1.0,4.1,0.001,1.192,4.0,6.0,6.0,20.261,1.141,3.019,0.2003,8.0,6.882,4.543,1.0,1.752,-16.773,-12.967,3.0,1.7890000000000001,0.1636,0.0,0.146,0.8399,0.2705,0.4279,3.0,1.0,0.05,0.0,2.02,0.0434,1.0,1.0,2.0,2.0,0.0,5.0,3.0,0.0,3.707,0.0,3.0,1.0,2.0,0.0,1.0,2.0,0.0,0.646,4.0,4.0,4.7,5.0,4.0,4.7,0.05,0.0,-0.482,0.6298,0.0,8.0,0.0,1.341,0.169,0.233
79,0,1.0,0,1,1,2.0,2.0,2.0,2.0,1.0,1.0,3,0.0,0,4,1.0,0.0,2.0,1.0,1.0,1.0,0,1.0,4,3,1,1.0,0.0,0.0,1.0,1.0,1.0,1.0,1.0,1.0,1.0,1.0,1.0,1.0,1.0,1.0,1.0,1.0,1.0,2.0,0.0,2.0,2.0,2.0,2.0,0,1.0,1.0,1.0,1.0,1.0,1,1.0,1.0,0.0,1,1.0,1.0,1.0,2.0,2.0,2.0
,1862,1.0,1.752,0.833,1.159,0.0,4.0,3.0,20.118,0.43,3.09,0.0917,8.0,6,24.739,1.0,1.546,-26.825,-24.515,1.0,1.712,0.0962,0.0,0.1658,0.71287,0.0418,0.2984,0.0,4.0,0.05,0.0,2.1,0.03572,1.0,1.0,2.0,2.0,0.0,2.0,1.0,0.0,1.495,0.069,1.0,1.0,0.0,2.0,2.0,1.0,0.0,0.307,5.0,0.0,5.8,3.0,3.0,5.8,0.05,1.0,1.8142,0.07714,0.0,0.0,0.0,1.282,0.249,0.318
80,3,1.0,1,1,1,2.0,2.0,2.0,2.0,1.0,1.0,3,3.0,0,0,1.0,1.0,2.0,1.0,1.0,1.0,1,0.0,4,3,0,0.0,1.0,1.0,1.0,1.0,1.0,1.0,1.0,1.0,1.0,1.0,1.0,1.0,1.0,1.0,0.0,0.0,0.0,2.0,2.0,0.0,2.0,2.0,2.0,3,1.0,1.0,1.0,1.0,1.0,1,1.0,0.0,0.0,1,1.0,1.0,1.0,2.0,2.0,0.0
,2025,1.0,1.409,0.866,1.1179999999999999,0.0,1.0,3.0,19.915,1.0296,2.83,0.1331,1.0,6.889,4.542,1.0,1.548,-23.399,-19.741,2.0,1.817,0.1576,0.0,0.1208,0.69334,0.3887,0.5649,4.0,4.0,0.05,0.0,2.41,0.00798,1.0,1.0,3.0,2.0,0.0,2.0,4.0,0.0,2.761,0.00327,5.0,0.0,1.0,2.0,2.0,0.0,1.0,0.0268,4.0,2.0,5.8,2.0,5.0,5.8,0.05,1.0,-1.775,0.0424,1.0,2.0,0.0,1.645,0.074,0.132
89,3,1.0,1,1,1,2.0,2.0,2.0,2.0,1.0,1.0,3,3.0,4,4,1.0,1.0,2.0,1.0,1.0,1.0,0,1.0,4,3,1,1.0,1.0,1.0,1.0,1.0,1.0,0.0,1.0,1.0,1.0,1.0,1.0,1.0,1.0,1.0,1.0,1.0,1.0,2.0,2.0,2.0,0.0,2.0,2.0,0,1.0,1.0,1.0,1.0,1.0,1,1.0,0.0,1.0,0,1.0,1.0,1.0,2.0,2.0,0.0
,2654,1.0,1.4929999999999999,0.548,1.113,0.0,6.0,4.0,20.6,0.559,2.581,0.0904,6.0,6.889,4.549,1.0,1.26,-15.39,-14.01,3.0,1.81,0.078,1.0,0.1634,0.39182,0.4053,0.5739,5.0,0.0,0.05,0.0,2.77,0.0056,1.0,1.0,5.0,2.0,0.0,3.0,5.0,0.0,2.143,0.018,3.0,0.0,0.0,1.0,1.0,2.0,1.0,0.08,2.0,2.0,5.2,0.0,4.0,5.2,0.05,0.0,-2.713,0.0067,1.0,2.0,0.0,0.86,0.213,0.286
86,3,1.0,1,1,1,2.0,2.0,2.0,2.0,1.0,1.0,3,0.0,4,0,1.0,0.0,2.0,1.0,1.0,1.0,1,1.0,4,3,1,1.0,0.0,0.0,1.0,1.0,1.0,1.0,1.0,1.0,1.0,1.0,1.0,1.0,1.0,1.0,1.0,1.0,1.0,2.0,2.0,2.0,2.0,2.0,2.0,3,1.0,1.0,1.0,1.0,1.0,1,1.0,1.0,1.0,1,1.0,1.0,1.0,0.0,2.0,0.0
,1757,1.0,1.545,1.252,1.5470000000000002,0.0,4.0,0.0,19.891,0.709,3.831,0.1205,3.0,6.889,4.543,1.0,1.442,-21.927,-20.653,1.0,2.118,0.0428,1.0,1.8242,0.64742,0.1908,0.4044,1.0,1.0,0.05,1.0,2.08,0.03752,1.0,1.0,3.0,1.0,0.0,5.0,1.0,0.0,2.48,0.014,4.0,0.0,0.0,0.0,1.0,1.0,1.0,0.162,3.0,5.0,5.2,5.0,0.0,5.2,0.05,0.0,-2.1,0.036,1.0,1.0,0.0,1.5979999999999999,0.052,0.102
83,3,1.0,1,1,1,2.0,2.0,2.0,2.0,1.0,1.0,3,0.0,4,4,1.0,0.0,2.0,1.0,1.0,1.0,1,1.0,0,3,1,1.0,0.0,0.0,1.0,0.0,1.0,1.0,1.0,1.0,1.0,1.0,1.0,1.0,0.0,1.0,1.0,0.0,0.0,0.0,2.0,2.0,2.0,2.0,2.0,3,1.0,1.0,1.0,1.0,1.0,1,1.0,1.0,1.0,1,1.0,0.0,1.0,2.0,2.0,2.0
,21,1.0,1.815,1.096,1.6840000000000002,5.0,6.0,2.0,19.933,1.362,3.718,0.1804,3.0,6.889,4.543,1.0,1.548,-20.689,-18.051,0.0,2.347,0.047,0.0,0.148,0.69826,0.1516,0.3096,4.0,4.0,0.05,1.0,2.26,0.0119,1.0,1.0,2.0,2.0,0.0,2.0,5.0,0.0,2.12,0.018,3.0,0.0,1.0,1.0,1.0,2.0,2.0,0.204,5.0,5.0,5.6,3.0,2.0,5.6,0.05,1.0,-2.713,0.0094,1.0,0.0,0.0,1.645,0.168,0.247
83,0,1.0,1,1,1,2.0,2.0,2.0,2.0,1.0,1.0,0,3.0,4,4,1.0,1.0,2.0,1.0,1.0,1.0,0,1.0,4,3,0,0.0,0.0,0.0,1.0,0.0,1.0,0.0,1.0,1.0,1.0,1.0,1.0,1.0,1.0,1.0,0.0,1.0,1.0,2.0,2.0,2.0,2.0,2.0,0.0,3,1.0,1.0,1.0,1.0,1.0,1,1.0,0.0,1.0,1,1.0,1.0,1.0,2.0,2.0,2.0
,2841,1.0,1.124,1.007,1.321,2.0,2.0,4.0,19.985,-3.961,-2.741,0.1059,4.0,6.89,4.53,1.0,-1.199,-24.12,-18.879,1.0,2.169,cannot do,2.0,0.9165,0.34326,0.2149,0.2716,5.0,0.0,0.05,0.0,1.47,0.1416,0.0,0.0,4.0,2.0,0.0,5.0,3.0,0.0,2.61,0.01,1.0,1.0,2.0,1.0,0.0,0.0,2.0,0.726,5.0,1.0,5.3,4.0,0.0,5.3,0.05,0.0,1.8678,0.031,1.0,8.0,0.0,1.44,0.234,0.308
73,3,1.0,1,1,1,2.0,2.0,2.0,2.0,0.0,0.0,3,3.0,4,0,1.0,0.0,0.0,0.0,1.0,1.0,0,0.0,0,3,0,0.0,0.0,0.0,1.0,1.0,1.0,1.0,1.0,1.0,1.0,1.0,1.0,1.0,1.0,1.0,1.0,1.0,1.0,2.0,0.0,2.0,2.0,2.0,2.0,0,1.0,1.0,1.0,1.0,1.0,1,1.0,1.0,0.0,0,1.0,1.0,1.0,2.0,2.0,2.0
,1268,1.0,1.34203,0.963,1.319,1.0,3.0,0.0,20.27,0.803,3.057,0.1572,9.0,6.889,4.542,1.0,1.871,-30.681,-25.079,3.0,2.645,0.012,1.0,0.8665,0.89645,0.0966,0.2791,2.0,3.0,0.05,1.0,1.5,0.0673,0.0,0.0,3.0,2.0,0.0,5.0,0.0,0.0,3.496,0.0,0.0,0.0,1.0,1.0,2.0,1.0,2.0,0.757,1.0,2.0,0.0,0.0,4.0,0,0.05,0.0,2.018,0.0436,1.0,9.0,0.0,1.341,0.109,0.162
77,3,1.0,1,1,1,2.0,2.0,2.0,2.0,1.0,1.0,0,3.0,4,4,1.0,1.0,2.0,1.0,1.0,1.0,1,1.0,0,0,0,0.0,1.0,1.0,1.0,0.0,1.0,0.0,1.0,1.0,1.0,1.0,1.0,1.0,1.0,1.0,1.0,1.0,1.0,2.0,2.0,2.0,2.0,2.0,0.0,0,0.0,1.0,0.0,0.0,1.0,1,1.0,1.0,0.0,1,1.0,1.0,1.0,2.0,2.0,2.0
,2304,1.0,11.6,0.001,2.161,4.0,3.0,2.0,19.927,0.529,3.291,0.1961,3.0,6.889,4.561,1.0,2.053,-22.361,-19.939,0.0,2.276,0.028,1.0,1.854,0.22133,0.1992,0.3792,1.0,0.0,0.05,0.0,1.49,0.14,0.0,0.0,5.0,2.0,0.0,3.0,5.0,0.0,2.5,0.007,0.0,0.0,2.0,1.0,0.0,0.0,1.0,0.115,3.0,2.0,5.8,4.0,2.0,5.8,0.05,0.0,-3.428,0.0006,1.0,5.0,0.0,1.405,0.161,0.226
83,3,1.0,0,1,1,2.0,2.0,2.0,2.0,1.0,1.0,3,3.0,4,0,1.0,0.0,2.0,1.0,1.0,1.0,1,1.0,0,3,1,1.0,0.0,0.0,1.0,1.0,1.0,1.0,1.0,1.0,1.0,1.0,1.0,1.0,1.0,1.0,1.0,1.0,1.0,2.0,2.0,2.0,0.0,2.0,2.0,0,1.0,1.0,1.0,1.0,1.0,1,1.0,1.0,1.0,1,1.0,1.0,1.0,2.0,2.0,2.0
,1066,1.0,1.405,0.723,1.1360000000000001,3.0,0.0,3.0,398.555,0.716,2.7039999999999997,0.08441,8.0,14.444,2.4699999999999998,1.0,1.536,-18.218,-16.982,2.0,2.7119999999999997,cannot do,2.0,0.1628,0.058424,0.0926,0.3214,3.0,3.0,0.05,0.0,2.21,0.0271,1.0,1.0,4.0,2.0,0.0,4.0,5.0,0.0,3.809,0.00013,3.0,0.0,1.0,1.0,1.0,0.0,2.0,0.234,1.0,3.0,0.0,1.0,5.0,0,0.05,1.0,-2.5460000000000003,0.01476,1.0,8.0,0.0,-1.645,0.223,0.309
78,3,1.0,1,1,1,2.0,2.0,2.0,0.0,1.0,1.0,3,3.0,0,0,1.0,1.0,2.0,1.0,1.0,1.0,0,0.0,4,0,1,1.0,1.0,1.0,1.0,1.0,1.0,1.0,1.0,1.0,0.0,1.0,1.0,2.0,1.0,1.0,1.0,1.0,1.0,2.0,2.0,2.0,2.0,2.0,2.0,0,0.0,1.0,0.0,0.0,1.0,1,1.0,0.0,1.0,1,1.0,1.0,1.0,2.0,2.0,2.0
,2432,1.0,2.473,1.161,1.597,1.0,3.0,2.0,19.898,1.626,3.714,0.1678,9.0,281.515,-77130.056,1.0,1.634,-18.909,-15.65,0.0,2.456,0.0188,1.0,0.1348,0.75759,0.1333,0.3149,5.0,4.0,0.05,0.0,1.09,0.27572,0.0,0.0,3.0,2.0,0.0,3.0,5.0,0.0,3.801,0.00012,0.0,1.0,2.0,2.0,1.0,0.0,1.0,0.08226,0.0,1.0,5.8,0.0,2.0,5.8,0.05,0.0,-1.581,0.1139,0.0,0.0,0.0,0.0273,0.1223,0.17698
83,3,1.0,1,1,1,2.0,2.0,0.0,2.0,1.0,1.0,3,3.0,0,0,1.0,1.0,2.0,1.0,1.0,1.0,1,1.0,4,3,1,1.0,1.0,1.0,1.0,1.0,1.0,1.0,1.0,1.0,1.0,1.0,1.0,1.0,1.0,1.0,1.0,1.0,1.0,2.0,2.0,0.0,2.0,2.0,2.0,0,1.0,1.0,1.0,1.0,1.0,1,1.0,1.0,1.0,1,1.0,1.0,1.0,0.0,2.0,2.0
,idk,1.0,,,,5.0,5.0,4.0,20.169,0.915,3.585,0.1769,3.0,0.333,0.333,1.0,-1.2770000000000001,-20.588,-18.292,3.0,2.7163,0.253,1.0,idk,0.42772,,,1.0,3.0,0.05,1.0,,,,,0.0,2.0,24.4,1.0,1.0,24.4,-1.979,,4.0,1.0,0.0,0.0,1.0,1.0,1.0,0.862,2.0,1.0,0.0,3.0,4.0,0,0.05,1.0,0.321,,0.0,9.0,0.0,-1.154,0.12,0.184
44,0,1.0,0,0,0,2.0,2.0,2.0,2.0,1.0,1.0,0,3.0,0,0,1.0,0.0,2.0,1.0,0.0,0.0,0,0.0,0,3,0,0.0,0.0,0.0,1.0,0.0,0.0,0.0,0.0,0.0,0.0,1.0,0.0,2.0,1.0,1.0,0.0,0.0,1.0,2.0,0.0,2.0,2.0,2.0,0.0,0,0.0,1.0,0.0,0.0,1.0,1,1.0,0.0,0.0,0,0.0,1.0,1.0,0.0,2.0,0.0
,895,0.0,1.282,0.914,1.192,5.0,4.0,3.0,20.48,-11.812,16.032,0.2262,1.0,6.889,4.543,1.0,1.807,-24.76,-18.8,3.0,1.796,0.0822,0.0,0.8458,0.86459,0.3881,0.5793,2.0,5.0,0.05,0.0,2.38,0.0087,1.0,1.0,4.0,2.0,0.0,3.0,4.0,0.0,2.81,0.00283,0.0,0.0,2.0,1.0,1.0,1.0,0.0,0.054,0.0,5.0,0.0,2.0,1.0,0,0.05,0.0,2.25,0.0244,1.0,4.0,0.0,1.341,0.1842,0.2472
88,3,0.0,1,1,1,2.0,2.0,2.0,2.0,0.0,0.0,3,3.0,4,4,1.0,1.0,2.0,1.0,1.0,1.0,1,1.0,0,3,1,1.0,1.0,1.0,1.0,1.0,1.0,0.0,1.0,1.0,0.0,1.0,1.0,2.0,1.0,1.0,1.0,1.0,1.0,2.0,2.0,2.0,2.0,2.0,2.0,3,0.0,1.0,0.0,0.0,1.0,1,1.0,1.0,0.0,1,1.0,1.0,1.0,2.0,2.0,2.0
,133,1.0,2.287,0.438,1.5270000000000001,4.0,5.0,1.0,20.227,1.2349999999999999,3.245,0.3145,9.0,1/9,0.002057,1.0,1.2389999999999999,-28.415,-26.885,4.0,2.482,0.178,1.0,0.1746,0.39777,0.3489,0.4705,1.0,1.0,0.05,0.0,1.24,0.1075,1.0,0.0,0.0,4.0,0.0,0.0,2.0,0.0,2.455,0.016,4.0,1.0,1.0,0.0,1.0,2.0,2.0,0.184,0.0,3.0,0.0,3.0,3.0,0,0.05,0.0,2.65,0.008,0.0,3.0,0.0,1.476,0.045,0.865
64,0,1.0,1,1,1,0.0,2.0,0.0,2.0,1.0,1.0,0,3.0,0,0,1.0,0.0,2.0,1.0,1.0,1.0,0,1.0,4,3,0,0.0,1.0,1.0,1.0,1.0,1.0,0.0,0.0,1.0,1.0,0.0,1.0,1.0,1.0,1.0,0.0,0.0,1.0,2.0,2.0,2.0,2.0,2.0,0.0,3,0.0,1.0,0.0,0.0,1.0,1,1.0,1.0,0.0,1,0.0,1.0,1.0,2.0,2.0,0.0
,1308,1.0,13,0.0034,3.0284,0.0,5.0,1.0,20.416,0.196,3.7439999999999998,0.6861,6.0,0.333,19.221,1.0,1.401,-15.822,-14.777,1.0,1.931,0.0612,0.0,0.07942,,-0.0086,0.0116,0.0,0.0,0.05,1.0,,,2.0,1.0,4.0,2.0,0.0,1.0,2.0,0.0,0.4195,,0.0,2.0,1.0,2.0,0.0,2.0,2.0,1.919,2.0,3.0,5.6,2.0,0.0,5.6,0.05,0.0,-2.9290000000000003,0.0017,1.0,3.0,0.0,1.5550000000000002,-0.06209,0.00909
47,3,1.0,0,1,1,2.0,2.0,0.0,2.0,1.0,1.0,0,3.0,0,0,1.0,1.0,0.0,0.0,1.0,1.0,1,1.0,0,0,0,0.0,0.0,0.0,1.0,0.0,0.0,0.0,0.0,1.0,0.0,1.0,1.0,2.0,1.0,1.0,0.0,0.0,0.0,0.0,2.0,0.0,0.0,0.0,0.0,0,1.0,1.0,1.0,1.0,1.0,1,1.0,1.0,1.0,1,1.0,0.0,1.0,2.0,0.0,0.0
,2304,1.0,1.405,1.018,1.3780000000000001,5.0,5.0,1.0,20.042,1.143,4.077,0.0789,4.0,6.889,4.55,1.0,1.44,-24.832,-22.828,2.0,2.6310000000000002,0.013,1.0,0.1594,0.65093,0.1563,0.3283,3.0,3.0,0.05,0.0,1.5314999999999999,0.1301,0.0,0.0,1.0,1.0,0.0,4.0,2.0,0.0,2.831,0.003,0.0,1.0,2.0,1.0,1.0,0.0,0.0,0.254,1.0,3.0,5.4,5.0,0.0,5.4,0.05,0.0,-1.53,0.126,0.0,9.0,0.0,1.597,0.199,0.277
87,3,1.0,0,1,0,2.0,2.0,2.0,0.0,1.0,1.0,3,0.0,4,0,1.0,0.0,2.0,1.0,1.0,1.0,1,1.0,4,3,1,1.0,1.0,1.0,1.0,1.0,0.0,1.0,1.0,1.0,1.0,1.0,1.0,1.0,1.0,1.0,1.0,1.0,1.0,2.0,2.0,2.0,2.0,2.0,2.0,3,1.0,1.0,1.0,1.0,1.0,1,1.0,1.0,1.0,1,1.0,1.0,1.0,2.0,2.0,2.0
,,,,,,,,,,,,,,,,,,,,,,,,,,,,,,,,,,,,,,,,,,,,,,,,,,,,,,,,,,,,,,,,,,,
0,0,0.0,0,0,0,0.0,0.0,0.0,0.0,0.0,0.0,0,0.0,0,0,0.0,0.0,0.0,0.0,0.0,0.0,0,0.0,0,0,0,0.0,0.0,0.0,0.0,0.0,0.0,0.0,0.0,0.0,0.0,0.0,0.0,0.0,0.0,0.0,0.0,0.0,0.0,0.0,0.0,0.0,0.0,0.0,0.0,0,0.0,0.0,0.0,0.0,0.0,0,0.0,0.0,0.0,0,0.0,0.0,0.0,0.0,0.0,0.0
,,,,,,,,,,,,,,,,,,,,,,,,,,,,,,,,,,,,,,,,,,,,,,,,,,,,,,,,,,,,,,,,,,,
0,0,0.0,0,0,0,0.0,0.0,0.0,0.0,0.0,0.0,0,0.0,0,0,0.0,0.0,0.0,0.0,0.0,0.0,0,0.0,0,0,0,0.0,0.0,0.0,0.0,0.0,0.0,0.0,0.0,0.0,0.0,0.0,0.0,0.0,0.0,0.0,0.0,0.0,0.0,0.0,0.0,0.0,0.0,0.0,0.0,0,0.0,0.0,0.0,0.0,0.0,0,0.0,0.0,0.0,0,0.0,0.0,0.0,0.0,0.0,0.0
,884,1.0,2.151,1.213,1.752,5.0,3.0,0.0,20.544,1.068,3.112,0.1534,10.0,7,5,1.0,1.361,14.411,16.569,1.0,2.038,0.049,1.0,0.1264,1.0067,27.8706,31.4946,3.0,2.0,0.05,1.0,1.71,0.005,0.0,0.0,0.0,1.0,0.0,4.0,3.0,0.0,3.627,0.05,2.0,1.0,1.0,0.0,2.0,0.0,1.0,0.134,1.0,2.0,5.2,4.0,3.0,5.2,0.05,0.0,-1.53,0.127,0.0,9.0,1.0,1.5550000000000002,2.902,3.153
64,0,1.0,1,1,1,2.0,2.0,0.0,2.0,1.0,1.0,3,0.0,0,0,1.0,0.0,0.0,0.0,1.0,1.0,1,1.0,4,0,0,0.0,1.0,1.0,1.0,0.0,1.0,0.0,1.0,1.0,0.0,1.0,1.0,2.0,0.0,1.0,1.0,0.0,0.0,2.0,2.0,2.0,2.0,2.0,2.0,3,1.0,1.0,1.0,1.0,1.0,1,1.0,1.0,1.0,1,1.0,0.0,0.0,2.0,0.0,0.0
,1957,1.0,2.462,0.874,1.74,2.0,4.0,4.0,19.821,1.355,3.145,0.1719,3.0,6.667,5.556,1.0,1.292,-20.954,-17.606,0.0,2.343,0.0242,1.0,1,0.45505,0.4456,0.6054,4.0,1.0,0.05,0.0,1.9889999999999999,0.047,1.0,1.0,1.0,1.0,0.0,2.0,4.0,0.0,2.137,0.035,3.0,0.0,1.0,2.0,0.0,2.0,1.0,0.234,2.0,0.0,4.5,1.0,3.0,4.5,0.05,0.0,2.22,0.02644,1.0,3.0,0.0,1.51,0.116,0.181
76,0,1.0,0,1,1,2.0,2.0,2.0,2.0,1.0,1.0,3,3.0,0,0,1.0,0.0,2.0,1.0,1.0,1.0,1,1.0,0,3,1,1.0,0.0,0.0,1.0,1.0,1.0,1.0,1.0,1.0,1.0,1.0,1.0,1.0,0.0,1.0,1.0,0.0,1.0,2.0,2.0,0.0,2.0,2.0,2.0,3,1.0,1.0,1.0,1.0,1.0,1,1.0,1.0,0.0,1,1.0,1.0,1.0,2.0,2.0,2.0
,2541,1.0,1.4060000000000001,1.041,1.321,3.0,0.0,0.0,20.284,1.7349999999999999,3.705,0.1883,9.0,6.889,4.543,1.0,1.679,-25.969,-24.411,0.0,2.477,0.019,1.0,0.1374,0.79174,0.0995,0.2609,2.0,1.0,0.05,0.0,0.99,0.3222,0.0,0.0,2.0,2.0,0.0,5.0,3.0,0.0,3.058,0.001,0.0,1.0,1.0,2.0,0.0,1.0,0.0,0.204,0.0,0.0,4.9,3.0,3.0,4.9,0.05,0.0,-2.134,0.0328,1.0,7.0,0.0,1.311,0.131,0.187
100,3,1.0,1,1,1,2.0,2.0,2.0,2.0,1.0,1.0,3,3.0,4,4,1.0,1.0,2.0,1.0,1.0,1.0,1,1.0,4,3,1,1.0,1.0,1.0,1.0,1.0,1.0,1.0,1.0,1.0,1.0,1.0,1.0,1.0,1.0,1.0,1.0,1.0,1.0,2.0,2.0,2.0,2.0,2.0,2.0,3,1.0,1.0,1.0,1.0,1.0,1,1.0,1.0,1.0,1,1.0,1.0,1.0,2.0,2.0,2.0
,855,1.0,1.479,1.043,1.4097,1.0,2.0,6.0,20.32,1.01,3.03,0.223,9.0,0.688,3.733,0.0,1.175,21.76,25.559,0.0,2.26,0.031,2.0,0.1514,0.34112,0.2175,0.4283,3.0,4.0,0.05,0.0,1.19,0.234,,0.0,2.0,1.0,0.0,3.0,5.0,0.0,2.5300000000000002,0.006,3.0,1.0,0.0,0.0,1.0,1.0,2.0,0.13622,2.0,1.0,5.9,5.0,4.0,5.9,0.05,0.0,-2.37,0.01778,1.0,3.0,0.0,1.44,0.173,0.24
79,3,1.0,1,1,1,2.0,2.0,2.0,0.0,1.0,1.0,3,0.0,0,0,0.0,1.0,0.0,0.0,1.0,1.0,1,0.0,4,3,1,1.0,1.0,1.0,1.0,1.0,1.0,1.0,0.0,1.0,1.0,1.0,1.0,1.0,1.0,1.0,0.0,1.0,1.0,2.0,2.0,2.0,2.0,2.0,2.0,3,1.0,1.0,1.0,1.0,1.0,1,1.0,1.0,1.0,1,1.0,0.0,1.0,2.0,2.0,2.0
,862,1.0,11,0.007,2.953034,1.0,5.0,5.0,20.3633,0.8935,3.0865,Cannot do,10.0,0.037037,0.33,1.0,1.336,-26.902,-24.398,4.0,2.017,0.0516,1.0,0.175,0.49829,0.2228,0.4372,3.0,5.0,0.05,0.0,1.6,0.1096,0.0,0.0,5.0,2.0,0.0,4.0,4.0,0.0,0.441,0.32981,0.0,1.0,1.0,0.0,2.0,2.0,1.0,0.8004,2.0,5.0,5.2,5.0,3.0,5.2,0.05,1.0,-3.034,0.0037,1.0,5.0,0.0,1.514,0.0469,0.0908
72,3,1.0,0,1,0,2.0,0.0,2.0,2.0,1.0,1.0,0,0.0,0,0,1.0,1.0,2.0,1.0,1.0,1.0,1,1.0,4,3,1,1.0,1.0,1.0,1.0,1.0,1.0,1.0,1.0,1.0,0.0,1.0,1.0,2.0,1.0,1.0,0.0,0.0,0.0,2.0,2.0,2.0,2.0,0.0,2.0,0,1.0,1.0,1.0,1.0,1.0,1,1.0,0.0,1.0,1,1.0,0.0,1.0,2.0,2.0,2.0
,,,,,,,,,,,,,,,,,,,,,,,,,,,,,,,,,,,,,,,,,,,,,,,,,,,,,,,,,,,,,,,,,,,
0,0,0.0,0,0,0,0.0,0.0,0.0,0.0,0.0,0.0,0,0.0,0,0,0.0,0.0,0.0,0.0,0.0,0.0,0,0.0,0,0,0,0.0,0.0,0.0,0.0,0.0,0.0,0.0,0.0,0.0,0.0,0.0,0.0,0.0,0.0,0.0,0.0,0.0,0.0,0.0,0.0,0.0,0.0,0.0,0.0,0,0.0,0.0,0.0,0.0,0.0,0,0.0,0.0,0.0,0,0.0,0.0,0.0,0.0,0.0,0.0
,cannot do,1.0,1.23,1.1542,1.4504000000000001,3.0,3.0,3.0,20.045,0.6977,2.6423,0.1188,4.0,6.882,3.441,1.0,2.153,-25.7519,-18.7519,4.0,2.114,0.043,1.0,0.16762,0.112824,0.22186,0.45134,0.0,2.0,0.05,0.0,1.4,0.16152,0.0,0.0,0.0,2.0,0.0,2.0,4.0,0.0,2.412,0.00884,1.0,0.0,1.0,2.0,0.0,2.0,1.0,0.07078,1.0,5.0,5.8,0.0,0.0,5.8,0.05,0.0,-2.7640000000000002,0.0057,1.0,9.0,0.0,0.915,0.26189,0.33411
66,0,1.0,0,1,1,2.0,2.0,0.0,2.0,1.0,1.0,3,3.0,0,0,1.0,0.0,0.0,1.0,1.0,1.0,1,1.0,0,0,1,1.0,1.0,1.0,1.0,1.0,1.0,1.0,1.0,1.0,1.0,1.0,1.0,1.0,1.0,1.0,1.0,1.0,1.0,2.0,2.0,0.0,2.0,2.0,2.0,0,1.0,1.0,1.0,1.0,1.0,1,1.0,1.0,1.0,1,1.0,0.0,1.0,0.0,2.0,0.0
,1314,1.0,1.407,0.558,0.975,1.0,0.0,1.0,20.314,1.1360000000000001,3.064,0.0989,7.0,6.889,4.543,1.0,1.7429999999999999,-18.969,-15.051,0.0,1.8050000000000002,0.079,1.0,0.1678,0.82833,0.1196,0.2926,0.0,3.0,0.05,0.0,2.0,0.0455,1.0,1.0,5.0,2.0,0.0,0.0,1.0,0.0,1.893,0.033,4.0,0.0,1.0,1.0,0.0,2.0,1.0,0.049,3.0,4.0,5.9,4.0,5.0,5.9,0.05,0.0,-3.095,0.00198,1.0,2.0,0.0,1.341,0.255,0.328
100,3,1.0,1,1,1,2.0,2.0,2.0,2.0,1.0,1.0,3,3.0,4,4,1.0,1.0,2.0,1.0,1.0,1.0,1,1.0,4,3,1,1.0,1.0,1.0,1.0,1.0,1.0,1.0,1.0,1.0,1.0,1.0,1.0,1.0,1.0,1.0,1.0,1.0,1.0,2.0,2.0,2.0,2.0,2.0,2.0,3,1.0,1.0,1.0,1.0,1.0,1,1.0,1.0,1.0,1,1.0,1.0,1.0,2.0,2.0,2.0
,2486,1.0,1.412,1.565,2.022,2.0,3.0,2.0,20.261,0.749,2.6710000000000003,0.1819,5.0,6.889,4.543,1.0,2.43,-23.0937,-19.8063,4.0,2.017,0.053,0.0,0.136,0.28608,0.1654,0.3484,1.0,4.0,0.05,2.0,4.1379,0.0419,1.0,0.0,1.0,1.0,0.0,1.0,4.0,0.0,2.629,0.004,3.0,0.0,2.0,1.0,0.0,1.0,1.0,0.084,4.0,0.0,5.7,0.0,3.0,5.7,0.05,0.0,-2.225,0.026,1.0,1.0,0.0,1.439,0.128,0.19
94,3,1.0,1,1,1,0.0,2.0,2.0,2.0,1.0,1.0,3,3.0,4,4,1.0,1.0,2.0,1.0,1.0,1.0,1,1.0,4,3,1,1.0,0.0,0.0,1.0,1.0,0.0,1.0,1.0,0.0,1.0,1.0,1.0,1.0,1.0,1.0,1.0,1.0,1.0,2.0,2.0,2.0,2.0,2.0,2.0,3,1.0,1.0,1.0,1.0,1.0,1,1.0,1.0,1.0,1,1.0,1.0,1.0,2.0,2.0,2.0
,6765,1.0,8.258,53.03,69.546,4.0,3.0,5.0,20.512,1.229,1.7309999999999999,0.215,8.0,1.33,1.778,1.0,29.348,28.212,30.484,2.0,2.9953,0.05788,1.0,1.8542,0.50645,-45.1461,-44.8539,0.0,0.0,0.05,0.0,1.43,0.1527,0.0,2.0,4.0,1.0,0.0,5.0,1.0,0.0,1.8,0.07356,0.0,2.0,1.0,0.0,0.0,0.0,2.0,0.317,5.0,4.0,5.02,1.0,3.0,5.02,0.05,1.0,3.1478,0.00306,1.0,6.0,0.0,1.56,0.128,0.248
43,0,1.0,0,0,0,0.0,0.0,0.0,0.0,0.0,0.0,3,3.0,0,0,1.0,0.0,0.0,0.0,1.0,0.0,0,0.0,0,3,0,0.0,0.0,0.0,1.0,1.0,1.0,1.0,1.0,0.0,0.0,1.0,1.0,2.0,0.0,1.0,0.0,0.0,1.0,0.0,2.0,0.0,2.0,0.0,0.0,3,1.0,1.0,0.0,1.0,1.0,1,1.0,0.0,0.0,1,1.0,0.0,1.0,2.0,2.0,0.0
,8,1.0,11.6,0.003,1.799,2.0,5.0,2.0,20.286,307.103,308.897,0.1191,8.0,0.296,0.534,1.0,1.189,1.899,4.101,0.0,1.83,0.152,0.0,0.1746,0.34558,0.4076,0.5978,2.0,4.0,0.05,0.0,2.11,0.0349,1.0,1.0,1.0,2.0,29.8,1.0,1.0,29.8,3.328,0.001,4.0,0.0,1.0,1.0,1.0,1.0,1.0,0,4.0,3.0,5.4,4.0,3.0,5.4,0.05,0.0,-1.6035,0.1088,0.0,5.0,0.0,1.44,0.048,0.091
67,0,1.0,0,1,1,2.0,2.0,2.0,2.0,0.0,0.0,3,0.0,0,0,1.0,1.0,0.0,0.0,1.0,1.0,0,1.0,4,3,1,1.0,0.0,0.0,1.0,1.0,1.0,1.0,1.0,1.0,1.0,1.0,0.0,1.0,1.0,1.0,1.0,1.0,1.0,0.0,2.0,0.0,0.0,2.0,2.0,0,1.0,1.0,1.0,1.0,1.0,1,1.0,1.0,1.0,1,1.0,1.0,1.0,2.0,2.0,2.0
,678,1.0,2.151,0.829,1.5899999999999999,4.0,6.0,3.0,19.9,1.619,4.141,0.219,3.0,2,10,1.0,1.942,-22.787,-20.473,2.0,2.421,0.0396,0.0,0.1516,0.13304,0.3488,0.5264,0.0,5.0,0.05,0.0,1.87,0.0615,0.0,0.0,1.0,2.0,0.0,5.0,5.0,0.0,2.493,0.007,3.0,0.0,0.0,0.0,0.0,0.0,0.0,0.193,1.0,4.0,5.7,0.0,1.0,5.7,0.05,0.0,-3.354,0.0008,1.0,3.0,0.0,1.3719999999999999,0.174,0.238
77,0,1.0,1,1,1,2.0,2.0,2.0,2.0,1.0,1.0,3,3.0,0,0,1.0,1.0,2.0,1.0,1.0,1.0,0,0.0,4,3,1,1.0,1.0,1.0,1.0,1.0,1.0,1.0,1.0,1.0,1.0,1.0,1.0,1.0,1.0,1.0,1.0,1.0,0.0,2.0,0.0,0.0,2.0,0.0,0.0,3,1.0,1.0,1.0,1.0,1.0,1,1.0,1.0,1.0,1,1.0,0.0,1.0,2.0,2.0,2.0
,854,1.0,1.4051,0.974,1.306,1.0,5.0,3.0,20.541,0.718,3.722,0.0965,7.0,6.889,4.559,1.0,1.749,-27.145,-21.055,3.0,1.884,0.068,1.0,0.1664,0.83824,0.1885,0.4035,0.0,3.0,0.05,0.0,1.46,0.1454,0.0,0.0,2.0,2.0,0.0,2.0,5.0,0.0,3.16,0.001,2.0,0.0,1.0,2.0,0.0,1.0,1.0,0.047,1.0,1.0,5.6,0.0,3.0,5.6,0.05,0.0,-2.882,0.004,1.0,4.0,0.0,1.341,0.229,0.296
94,3,1.0,1,1,1,2.0,2.0,2.0,2.0,1.0,1.0,3,3.0,4,0,1.0,1.0,2.0,1.0,1.0,1.0,1,1.0,4,3,1,1.0,0.0,0.0,1.0,1.0,1.0,1.0,1.0,1.0,1.0,1.0,1.0,1.0,1.0,1.0,1.0,1.0,1.0,2.0,2.0,2.0,2.0,2.0,2.0,3,1.0,1.0,1.0,1.0,1.0,1,1.0,1.0,1.0,1,1.0,1.0,1.0,2.0,2.0,2.0
,,,,,,,,,,,,,,,,,,,,,,,,,,,,,,,,,,,,,,,,,,,,,,,,,,,,,,,,,,,,,,,,,,,
0,0,0.0,0,0,0,0.0,0.0,0.0,0.0,0.0,0.0,0,0.0,0,0,0.0,0.0,0.0,0.0,0.0,0.0,0,0.0,0,0,0,0.0,0.0,0.0,0.0,0.0,0.0,0.0,0.0,0.0,0.0,0.0,0.0,0.0,0.0,0.0,0.0,0.0,0.0,0.0,0.0,0.0,0.0,0.0,0.0,0,0.0,0.0,0.0,0.0,0.0,0,0.0,0.0,0.0,0,0.0,0.0,0.0,0.0,0.0,0.0
,1606,1.0,1.077,0.893,0.122,5.0,5.0,3.0,20.308,0.45,2.25,0.1645,6.0,6,5.33,1.0,2.115,-18.03,-14.83,1.0,1.823,0.076,0.0,0.133,0.20113,0.3725,0.5201,5.0,1.0,0.05,0.0,2.57,0.0102,1.0,1.0,1.0,2.0,0.0,2.0,0.0,0.0,3.9939999999999998,0.0,5.0,2.0,1.0,1.0,1.0,0.0,0.0,0.09,3.0,0.0,5.5,0.0,3.0,5.5,0.05,1.0,-2.636,0.0084,1.0,7.0,0.0,1.405,0.118,0.177
79,3,1.0,1,1,0,2.0,0.0,2.0,0.0,1.0,1.0,3,0.0,0,0,1.0,0.0,2.0,1.0,1.0,1.0,1,1.0,4,3,1,1.0,0.0,0.0,1.0,1.0,1.0,1.0,1.0,1.0,1.0,1.0,1.0,1.0,1.0,1.0,1.0,1.0,1.0,2.0,2.0,2.0,2.0,2.0,2.0,3,1.0,1.0,1.0,1.0,1.0,1,1.0,0.0,1.0,0,1.0,1.0,1.0,2.0,2.0,2.0
,1561,1.0,1.341,1.119,1.51,5.0,6.0,6.0,20.232,0.749,2.871,0.0952,11.0,6.889,4.543,1.0,1.215,-17.193,-14.907,0.0,1.9824000000000002,0.055,1.0,0.1662,0.37486,0.0971,0.2635,1.0,4.0,0.05,0.0,2.26,0.02382,1.0,0.0,1.0,2.0,0.0,4.0,1.0,0.0,3.763,0.003,3.0,1.0,0.0,0.0,1.0,2.0,1.0,0.075,0.0,1.0,5.1,3.0,4.0,5.1,0.05,1.0,-2.4321,0.0183,1.0,6.0,0.0,1.476,0.241,0.32
96,3,1.0,1,1,1,2.0,2.0,2.0,2.0,1.0,1.0,3,3.0,4,4,1.0,1.0,2.0,1.0,1.0,1.0,1,1.0,4,3,1,1.0,0.0,0.0,1.0,1.0,1.0,1.0,1.0,0.0,1.0,1.0,1.0,1.0,1.0,1.0,1.0,1.0,1.0,2.0,2.0,2.0,2.0,2.0,2.0,3,1.0,1.0,1.0,1.0,1.0,1,1.0,0.0,1.0,1,1.0,1.0,1.0,2.0,2.0,2.0
,2053,1.0,1.373,0.97,1.204,0.0,2.0,4.0,854.369,-54.518,58.418,0.0944,8.0,6.889,0,1.0,1.248,-26.326,-23.733,3.0,1.759,0.0874,1.0,0.1672,0.78109,0.0758,0.2699,5.0,5.0,0.05,0.0,1.79,0.0734,0.0,0.0,2.0,5.0,0.0,0.0,2.0,0.0,3.323,0.001,4.0,0.0,0.0,1.0,0.0,1.0,1.0,0.899,1.0,0.0,6.0,4.0,0.0,6,0.05,0.0,-3.082,0.002,1.0,7.0,0.0,1.311,0.244,0.314
84,3,1.0,1,1,1,2.0,2.0,2.0,0.0,0.0,0.0,3,3.0,4,0,1.0,0.0,2.0,1.0,1.0,1.0,1,0.0,4,3,1,1.0,1.0,1.0,1.0,1.0,1.0,1.0,1.0,1.0,0.0,0.0,1.0,2.0,1.0,1.0,1.0,1.0,1.0,2.0,2.0,2.0,0.0,2.0,2.0,0,1.0,1.0,1.0,1.0,1.0,1,1.0,1.0,1.0,1,1.0,1.0,1.0,2.0,2.0,2.0
,909,1.0,1.125,0.992,1.23,1.0,1.0,5.0,20.142,0.973,3.467,0.19704,3.0,6.889,4.545,1.0,1.367,-21.3162,-19.9038,1.0,2.588,0.0268,0.0,0.1396,0.33943,0.256,0.441,3.0,3.0,0.05,0.0,1.37,0.173,0.0,0.0,5.0,2.0,0.0,1.0,2.0,0.0,2.20126,0.01517,4.0,1.0,2.0,2.0,2.0,2.0,0.0,0.238,0.0,3.0,0.0,3.0,0.0,0,0.05,0.0,-3.04027,0.00118,1.0,2.0,0.0,1.44,0.1349,0.1973
85,3,1.0,1,1,1,2.0,2.0,2.0,2.0,0.0,0.0,0,3.0,4,4,1.0,1.0,2.0,1.0,1.0,1.0,0,1.0,4,3,1,1.0,1.0,1.0,1.0,1.0,1.0,1.0,1.0,1.0,1.0,1.0,1.0,1.0,1.0,1.0,1.0,1.0,1.0,2.0,2.0,0.0,0.0,0.0,2.0,3,0.0,1.0,0.0,0.0,1.0,1,1.0,1.0,1.0,1,1.0,1.0,1.0,2.0,2.0,2.0
,2226,1.0,1.554,0.775,1.089,4.0,1.0,0.0,20.147,0.418,2.721,0.1235,2.0,6,4,1.0,1.316,-21.95,-18.97,3.0,1.796,0.083,0.0,0.1768,0.43139,0.0631554,0.2644,1.0,4.0,0.05,1.0,2.19,0.0286,0.0,1.0,1.0,2.0,0.0,4.0,3.0,0.0,0.217,0.414,1.0,0.0,1.0,0.0,1.0,2.0,1.0,cannot do,2.0,0.0,5.2,1.0,0.0,5/2,0.05,0.0,-3.3,0.00096,1.0,2.0,0.0,1.514,0.055,0.103
76,3,1.0,0,1,1,2.0,2.0,2.0,0.0,1.0,1.0,3,3.0,0,0,1.0,0.0,2.0,1.0,1.0,1.0,1,1.0,4,0,1,1.0,1.0,1.0,1.0,0.0,1.0,1.0,0.0,1.0,0.0,1.0,1.0,2.0,1.0,1.0,0.0,0.0,0.0,2.0,2.0,2.0,2.0,2.0,2.0,0,1.0,1.0,1.0,1.0,1.0,0,1.0,1.0,1.0,1,1.0,1.0,1.0,2.0,2.0,2.0
,500,1.0,1.408,1.328,1.6400000000000001,0.0,6.0,3.0,20.235,1.055,2.8449999999999998,0.1699,4.0,6.593,176.978,1.0,1.217,18.679,19.741,0.0,2.099,0.042,0.0,0.93,0.085617,0.1015,0.2955,2.0,3.0,0.05,0.0,1.98,0.0239,0.0,6.0,5.0,0.0,0.0,4.0,2.0,0.0,2.17,0.016,3.0,0.0,0.0,1.0,0.0,1.0,1.0,0.22,1.0,5.0,5.7,2.0,2.0,5.7,0.05,0.0,-0.1223,0.54867,0.0,6.0,0.0,1.476,0.159,0.189
60,0,1.0,1,1,1,2.0,2.0,2.0,2.0,1.0,1.0,0,3.0,0,0,1.0,1.0,0.0,0.0,1.0,1.0,1,0.0,0,0,1,1.0,0.0,0.0,1.0,1.0,1.0,0.0,0.0,0.0,1.0,0.0,1.0,1.0,0.0,1.0,0.0,1.0,1.0,2.0,0.0,2.0,2.0,2.0,2.0,3,1.0,1.0,1.0,1.0,1.0,1,1.0,1.0,0.0,0,1.0,0.0,1.0,2.0,2.0,0.0
,2500,1.0,1.958,1.125,1.565,0.0,1.0,1.0,19.977,1.022,3.238,0.2234,4.0,6.889,4.542,1.0,1.334,-20.772,-17.088,3.0,2.113,0.0408,0.0,0.1482,0.49088,0.0653,0.2501,1.0,4.0,0.05,0.0,1.71,0.08726,0.0,0.0,5.0,2.0,0.0,1.0,5.0,0.0,2.107,0.019,5.0,0.0,1.0,0.0,1.0,2.0,1.0,0.184,0.0,2.0,5.3,5.0,1.0,5.3,0.05,0.0,-3.00463,0.00266,1.0,7.0,0.0,1.514,0.164,0.235
94,3,1.0,1,1,1,2.0,2.0,0.0,2.0,0.0,0.0,3,3.0,4,4,1.0,1.0,2.0,1.0,1.0,1.0,1,1.0,4,3,1,1.0,0.0,0.0,1.0,1.0,1.0,1.0,1.0,1.0,1.0,1.0,1.0,1.0,1.0,1.0,1.0,1.0,1.0,2.0,2.0,2.0,2.0,2.0,2.0,3,1.0,1.0,1.0,1.0,1.0,1,1.0,1.0,1.0,1,1.0,1.0,1.0,2.0,2.0,2.0
,,,,,,,,,,,,,,,,,,,,,,,,,,,,,,,,,,,,,,,,,,,,,,,,,,,,,,,,,,,,,,,,,,,
0,0,0.0,0,0,0,0.0,0.0,0.0,0.0,0.0,0.0,0,0.0,0,0,0.0,0.0,0.0,0.0,0.0,0.0,0,0.0,0,0,0,0.0,0.0,0.0,0.0,0.0,0.0,0.0,0.0,0.0,0.0,0.0,0.0,0.0,0.0,0.0,0.0,0.0,0.0,0.0,0.0,0.0,0.0,0.0,0.0,0,0.0,0.0,0.0,0.0,0.0,0,0.0,0.0,0.0,0,0.0,0.0,0.0,0.0,0.0,0.0
,,,,,,,,,,,,,,,,,,,,,,,,,,,,,,,,,,,,,,,,,,,,,,,,,,,,,,,,,,,,,,,,,,,
0,0,0.0,0,0,0,0.0,0.0,0.0,0.0,0.0,0.0,0,0.0,0,0,0.0,0.0,0.0,0.0,0.0,0.0,0,0.0,0,0,0,0.0,0.0,0.0,0.0,0.0,0.0,0.0,0.0,0.0,0.0,0.0,0.0,0.0,0.0,0.0,0.0,0.0,0.0,0.0,0.0,0.0,0.0,0.0,0.0,0,0.0,0.0,0.0,0.0,0.0,0,0.0,0.0,0.0,0,0.0,0.0,0.0,0.0,0.0,0.0
,,,,,,,,,,,,,,,,,,,,,,,,,,,,,,,,,,,,,,,,,,,,,,,,,,,,,,,,,,,,,,,,,,,
0,0,0.0,0,0,0,0.0,0.0,0.0,0.0,0.0,0.0,0,0.0,0,0,0.0,0.0,0.0,0.0,0.0,0.0,0,0.0,0,0,0,0.0,0.0,0.0,0.0,0.0,0.0,0.0,0.0,0.0,0.0,0.0,0.0,0.0,0.0,0.0,0.0,0.0,0.0,0.0,0.0,0.0,0.0,0.0,0.0,0,0.0,0.0,0.0,0.0,0.0,0,0.0,0.0,0.0,0,0.0,0.0,0.0,0.0,0.0,0.0
,,,,,,,,,,,,,,,,,,,,,,,,,,,,,,,,,,,,,,,,,,,,,,,,,,,,,,,,,,,,,,,,,,,
0,0,0.0,0,0,0,0.0,0.0,0.0,0.0,0.0,0.0,0,0.0,0,0,0.0,0.0,0.0,0.0,0.0,0.0,0,0.0,0,0,0,0.0,0.0,0.0,0.0,0.0,0.0,0.0,0.0,0.0,0.0,0.0,0.0,0.0,0.0,0.0,0.0,0.0,0.0,0.0,0.0,0.0,0.0,0.0,0.0,0,0.0,0.0,0.0,0.0,0.0,0,0.0,0.0,0.0,0,0.0,0.0,0.0,0.0,0.0,0.0
,,,,,,,,,,,,,,,,,,,,,,,,,,,,,,,,,,,,,,,,,,,,,,,,,,,,,,,,,,,,,,,,,,,
0,0,0.0,0,0,0,0.0,0.0,0.0,0.0,0.0,0.0,0,0.0,0,0,0.0,0.0,0.0,0.0,0.0,0.0,0,0.0,0,0,0,0.0,0.0,0.0,0.0,0.0,0.0,0.0,0.0,0.0,0.0,0.0,0.0,0.0,0.0,0.0,0.0,0.0,0.0,0.0,0.0,0.0,0.0,0.0,0.0,0,0.0,0.0,0.0,0.0,0.0,0,0.0,0.0,0.0,0,0.0,0.0,0.0,0.0,0.0,0.0
,,,,,,,,,,,,,,,,,,,,,,,,,,,,,,,,,,,,,,,,,,,,,,,,,,,,,,,,,,,,,,,,,,,
0,0,0.0,0,0,0,0.0,0.0,0.0,0.0,0.0,0.0,0,0.0,0,0,0.0,0.0,0.0,0.0,0.0,0.0,0,0.0,0,0,0,0.0,0.0,0.0,0.0,0.0,0.0,0.0,0.0,0.0,0.0,0.0,0.0,0.0,0.0,0.0,0.0,0.0,0.0,0.0,0.0,0.0,0.0,0.0,0.0,0,0.0,0.0,0.0,0.0,0.0,0,0.0,0.0,0.0,0,0.0,0.0,0.0,0.0,0.0,0.0
