Total,5811293,5811096,,,,5810989,,,5810965,,,5788012,5806181,5784980,,5810956,,,,5810963,,,,5723574,5723577,5810958,,5810957,,,,,,,,5810955,,,,,,,,,5810935,,,,,,5810954,5810933,,,,,,,,,,,,5810927,,,
,3,1,1,1,1,2,2,2,2,1,1,3,3,4,4,1,1,2,1,1,1,1,1,4,3,1,1,1,1,1,1,1,1,1,1,1,1,1,1,1,1,1,1,1,2,2,2,2,2,2,3,1,1,1,1,1,1,1,1,1,1,1,1,1,2,2,2
,,,,,,,,,,,,,,,,,,,,,,,,,,,,,,,,,,,,,,,,,,,,,,,,,,,,,,,,,,,,,,,,,,,
,,,,,,,,,,,,,,,,,,,,,,,,,,,,,,,,,,,,,,,,,,,,,,,,,,,,,,,,,,,,,,,,,,,
0,0,0,0,0,0,0,0,0,0,0,0,0,0,0,0,0,0,0,0,0,0,0,0,0,0,0,0,0,0,0,0,0,0,0,0,0,0,0,0,0,0,0,0,0,0,0,0,0,0,0,0,0,0,0,0,0,0,0,0,0,0,0,0,0,0,0,0
,855,1,1.227,0.951,1.172,5,3,4,20.149,127.189,129.851,0.0921,3,1,35,1,2.054,-23.94,-21.04,2,2.714,0.011,1,0.1586,0.19181,0.074,0.2812,5,1,0.05,1,1.08,0.1401,0,0,1,1,0,0,1,0,3.653,0.0001,3,0,2,1,1,1,2,0.799,0,3,5.8,4,0,5.8,0.05,0,-3.186,0.0014,1,1,0,1.405,0.204,0.273
70,3,1,0,1,1,0,2,0,2,0,0,0,3,0,0,1,0,2,1,1,1,1,1,4,3,1,1,3,1,1,0,1,0,1,1,1,1,1,1,0,1,0,0,0,2,2,2,0,2,0,0,1,1,1,1,1,1,1,1,1,1,1,1,1,2,2,2
,697,1,1.653,1.1552,1.591,3,6,6,20.156,1.098,2.282,0.2064,2,6.5666,4.56,1,2.735,18.0126,22.5674,4,1.9583,0.0568,0,0.1412,,0.0798,0.2361,2,2,0.05,0,1.56,0.05938,0,0,3,1,0,4,0,0,1.736,0.0419,5,1,2,1,0,0,1,0.0629,5,2,5.7,5,0,5.7,0.05,0,-1.5542,0.12014,0,6,0,1.44,0.137,0.199
69,3,1,1,1,1,2,2,2,0,0,0,0,0,0,0,1,1,0,0,1,1,1,1,4,0,0,0,1,1,1,1,1,0,1,1,0,1,1,2,0,1,0,0,0,2,2,2,2,2,2,3,1,1,1,1,1,1,1,1,1,1,1,1,1,2,2,2
,1534,1,1.229,1.341,1.759,0,4,1,20.045,0.452,3.388,0.0751,11,6.889,4.531,1,1.258,-25.768,-24.472,1,2.058,0.047,1,0.1586,0.39741,0.0471,0.2633,2,0,0.05,0,2.22,0.0264,1,1,2,2,0,3,0,0,3.063,0.001,0,2,0,1,2,1,0,0.201,4,5,5.2,3,0,5.2,0.05,0,-3.155,0.0016,1,3,0,1.48,0.212,0.288
87,3,1,0,1,1,2,2,2,2,1,1,3,3,4,0,1,0,0,0,1,1,1,1,4,3,1,1,1,1,1,1,1,1,1,1,0,1,1,2,1,1,0,1,1,2,2,2,0,2,2,3,1,1,1,1,1,1,1,1,1,1,1,0,1,2,2,2
,1691,1,1.055,1.14,1.31,3,5,6,20.589,1.048,3.152,0.1052,9,6.885,4.453,1,2.271,-27.717,-24.863,2,2.588,0.014,0,0.1688,0.25382,0.3158,0.4992,2,5,0.05,0,2.77,0.0056,1,1,4,2,0,5,0,0,3.302,0.001,5,1,1,1,0,2,0,0.108,5,4,5.9,2,2,5.9,0.05,0,-2.2,0.0277,1,5,0,1.405,0.251,0.327
92,3,1,1,1,1,2,2,2,2,1,1,3,3,4,0,1,0,2,1,1,1,1,1,4,3,0,0,3,1,1,1,1,1,1,1,1,1,1,1,1,1,1,1,1,2,2,2,2,2,2,0,1,1,1,1,1,1,1,1,1,1,1,1,1,2,2,2
,1485,1,2.17,0.495,1.028,0,1,2,19.947,1.521,3.299,0.0797,6,6.889,4.542,1,2.053,-18.583,-12.957,1,1.9,0.0652,1,0.1616,0.14643,0.215,0.4142,2,1,0.05,0,2.09,0.0364,1,1,4,2,0,2,5,0,0.325,0.373,0,1,0,1,2,1,0,0.061,0,5,5.5,0,3,5.5,0.05,0,-2.78,0.0055,1,8,0,1.372,0.229,0.301
90,3,1,0,1,1,0,2,2,2,1,1,3,0,4,4,1,0,2,1,1,1,1,1,4,3,1,1,1,1,1,1,1,1,1,1,1,1,1,1,1,1,0,0,0,2,2,2,2,2,2,3,1,1,1,1,1,1,1,1,1,1,1,1,1,2,2,2
,1300,1,1.51737,0.5158983,1.108198,2,2,3,20.34263,28.08385,30.48385,0.225002,2,12.22222,idk,1,2.282175,-24.91947,-19.46053,0,1.786486,0.0838,0,0.1514,0.23743,0.3853001,0.5628999,0,0,0.05,0,2.39,0.01791069,1,1,0,2,0,2,3,0,2.925,0.002003551,5,1,1,2,0,1,0,0.0736,3,4,5.1,2,1,5.1,0.05,0,-1.926208,0.0540784,0,2,0,1.405072,0.189242,0.2591566
87,3,1,1,1,1,2,2,0,2,0,0,3,3,0,0,1,0,2,1,1,1,1,1,4,3,1,1,1,1,1,1,1,1,1,1,1,1,1,1,1,1,1,1,1,2,2,2,2,2,2,3,1,1,1,1,1,1,1,1,1,1,1,1,1,2,2,2
,43,1,-1.386,139.21,152.79,2,3,2,19.975,2.4399,2.4401,,,,,1,-1.911,19.364,24.356,0,1.955,0.08984,0,1.857,0.061674,,,0,2,0.05,1,1.955,0.03144,1,0,0,1,0,3,5,0,0.185,0.427,3,1,0,1,0,0,1,0.202,2,4,5.8,2,2,5.8,0.05,0,2.07703,0.0378,1,7,0,-1.37,1.969,2.031
44,0,1,1,0,0,2,2,0,2,0,0,0,0,0,0,1,0,0,0,1,1,0,0,0,0,0,0,1,1,1,0,0,0,0,1,0,1,1,2,0,1,0,0,0,2,0,2,2,2,2,0,1,1,1,1,1,1,1,1,0,1,1,1,1,2,0,0
,5254,1,1.101,1.106,1.318,3,6,0,20.293,0.298,3.482,0.1877,9,6.889,4.54,1,2.144,-29.51,-22.95,1,2.316,0.02758,1,0.1378,0.19664,0.4798,0.6384,1,2,0.05,0,1.2,0.2301,1,0,5,1,0,5,0,0,0.477,0.317,2,1,0,0,2,0,1,0.118,3,4,5.4,2,0,5.4,0.05,0,-2.306,0.02112,1,4,0,1.405,0.815,0.873
78,0,1,1,1,1,2,2,0,2,1,1,0,3,4,4,1,1,2,1,1,1,1,1,4,3,1,1,1,1,1,1,1,1,0,1,0,1,1,2,0,1,0,0,0,2,2,2,2,0,2,0,1,1,1,1,1,1,1,1,1,1,1,1,1,2,0,0
,7682,1,14.9,60.911,61.086,0,5,5,20.109,1.262,3.218,cannot do,3,4.33,0,1,-1.249,-22.62,-20.54,2,2.437,0.019,1,0.1282,0.41301,-0.2897,1.1719,1,0,0.05,0,0.773,0.4395,0,0,1,2,0,2,3,0,2.585,0.007,2,0,1,2,0,1,1,0.289,5,5,5.9,1,3,5.9,0.05,0,-1.581,0.11388,0,1,0,1.467,0.097,0.125
69,0,1,0,0,0,2,2,0,2,1,1,0,3,0,0,1,0,2,1,1,1,1,1,4,3,0,0,1,1,1,1,0,0,1,1,1,1,1,1,1,1,0,1,0,2,2,2,2,2,2,0,1,1,1,1,1,1,1,1,1,1,1,1,1,2,2,0
,4445,1,11.2,0.002,2.088,3,5,4,20.205,0.205,2.875,0.1351,10,1.998,3.556,1,-38.889,-40.496,-0.476,2,2.631,0.012,1,0.1116,0.58578,0.2895,0.5115,0,4,0.05,1,1.76,0.0392,1,1,4,1,0,0,4,0,2.169,0.016,0,0,0,1,0,1,1,0.145,1,0,5.8,4,0,5.8,0.05,0,-2.106,0.0352,1,2,0,-1.555,0.07,0.124
67,0,1,0,1,1,2,2,2,2,1,1,3,0,0,0,1,0,0,0,1,1,1,1,0,3,1,1,1,1,1,0,1,0,0,0,0,1,1,2,0,1,1,1,1,2,0,2,2,2,2,0,1,1,1,1,1,1,1,1,1,1,1,1,1,2,2,2
,1629,1,1.313,1.331,1.584,0,6,5,20.386,1.41,3.21,0.1112,5,6.889,4.543,1,1.472,-22.984,-20.302,2,2.119,0.08,1,0.171,0.65371,0.0863,0.2791,1,0,0.05,0,1.6601,0.0969,0,0,5,2,0,5,4,0,2.539,0.016,4,2,1,2,0,1,1,0.158,0,2,0,5,0,0,0.05,0,-3.333,0.00086,1,5,0,1.598,0.268,0.299
84,3,1,1,1,1,2,2,2,2,1,1,3,0,4,4,1,1,0,1,1,1,0,1,4,3,1,1,1,1,1,1,1,1,1,1,1,1,1,1,1,1,1,0,1,2,2,0,2,2,2,3,0,1,0,0,1,1,1,1,1,1,1,1,1,2,0,0
,67,1,1.960136,0.421385,0.805415,1,6,0,20.3567,0.4012488,2.4787512,0.1527644,8,0.1111111,0.001828989,1,1.221663,-15.44136,-13.55864,0,1.755,0.08776734,1,0.1188525,0.37453,0.146729,0.327071,2,2,0.05,0,2.59016,0.009593138,1,1,1,4,0,1,3,0,0.5413828,0.5886565,2,2,1,0,1,1,0,0.07061739,0,3,5.7,1,2,5.7,-1.801906,0,-1.801906,0.07156025,0,4,0,1.475791,0.07247287,0.12347308
75,0,1,1,0,0,2,2,2,2,1,1,3,3,0,0,1,1,2,1,1,1,1,1,0,3,1,1,0,1,1,1,0,0,1,1,0,0,1,2,1,1,0,0,0,2,2,2,2,2,2,3,1,1,1,1,1,1,0,1,1,1,1,1,1,2,2,2
,2212,1,1.752,1.03676,1.30703,5,4,2,20.0889,0.82412,3.1959,0.101555,2,6.885,104.1523,1,1.677,-21.8081,-20.0519,2,1.7812,0.085,0,0.1698,0.81524,0.17281,0.41459,0,1,0.05,0,1.69,0.09102,0,2,2,2,0,4,2,0,2.995,0.00171,0,0,0,1,0,1,1,0.08078,4,5,5.6,3,2,5.6,0.05,0,-2.5131,0.01196,1,9,0,1.311,0.25534,0.32486
93,3,1,1,1,1,2,2,2,2,1,1,3,3,4,0,1,1,2,1,1,1,1,1,4,3,1,1,1,1,1,1,1,1,1,0,1,1,1,1,1,1,1,1,1,2,2,2,0,2,2,3,1,1,1,1,1,1,1,1,1,1,1,1,1,2,2,2
,2433,1,1.488,0.801,1.119,2,6,5,20.441,0.945,3.295,0.1305,8,6.889,4.556,1,1.56,-27.726,-23.394,0,1.883,0.068,0,0.1764,0.74685,0.0849,0.3515,4,3,0.05,0,1.44,0.1498,0,0,4,2,0,1,5,0,2.778,0.003,4,1,2,0,1,0,1,0.072,1,5,5.4,1,0,5.4,0.05,0,-1.85,0.0644,0,3,0,1.31,0.054,0.094
89,3,1,1,1,1,2,2,2,0,1,1,3,0,4,0,1,0,2,1,1,1,1,1,4,3,1,1,1,1,1,1,1,0,1,1,0,1,1,2,1,1,1,1,1,2,2,2,2,2,2,3,1,1,1,1,1,1,1,1,1,1,1,1,1,2,2,2
,909,1,28,1.053,1.423,2,3,0,19.9,0.397,3.023,0.1314,11,6.889,4.543,1,2.247,-18.571,-16.769,3,2.02,0.05,0,0.1766,0.25613,0.2199,0.4223,0,0,0.05,0,2.16,0.0154,1,1,5,1,0,2,0,0,3.983,0,4,1,0,1,1,0,2,0.093,2,4,5.5,5,3,5.5,0.05,0,0.86,0.391,0,7,0,1.405,0.051,0.093
95,3,1,0,1,1,2,2,2,2,1,1,3,3,4,4,1,0,2,1,1,1,1,1,4,3,1,1,1,1,1,1,1,0,1,1,1,1,1,1,1,1,1,1,1,2,2,2,2,2,2,3,1,1,1,1,1,1,1,1,0,1,1,0,1,2,2,2
,1748,1,1.815,1.237,1.612,0,5,4,20.471,1.074,3.166,0.1635,10,6.889,4.543,1,1.371,-25.9493,-23.4507,0,2.098,0.044,1,0.129,0.5366,0.1317,0.3259,1,3,0.05,0,1.76,0.0784,0,0,2,2,0,3,5,0,3.13,0.001,4,1,2,0,2,1,1,0.208,4,1,5.9,5,0,5.9,0.05,0,-3.38,0.00072,1,7,0,1.555,0.848,0.907
93,3,1,1,1,1,2,2,2,2,1,1,3,3,4,4,1,1,2,1,1,1,1,1,4,3,1,1,1,1,1,1,1,1,1,1,1,1,1,1,1,1,1,1,1,2,2,2,0,2,2,3,1,0,1,1,1,1,1,1,1,1,1,1,1,2,0,0
,1453,1,7.9,0.006,2.126,3,4,3,20.202,-0.048,2.748,0.1031,3,6.556,9.025,1,-1.238,-26.6105,-22.8295,4,1.693,0.1002,1,0.167,0.42031,0.2618,0.4654,0,0,0.05,0,1.16,0.24604,0,1,4,1,0,1,1,0,2.954,0.004,5,1,0,1,0,0,1,0.204,0,2,5.2,1,0,5.2,0.05,0,-2.43,0.0151,1,9,0,1.476,0.229,0.304
77,3,1,0,1,1,2,0,2,2,1,1,3,0,0,0,1,0,2,1,0,1,1,0,4,3,1,1,0,1,1,1,1,1,1,0,1,1,1,1,0,1,1,1,0,2,0,2,2,2,2,3,1,1,1,1,1,1,1,1,1,1,1,1,1,2,2,2
,,1,1.409,-20.713,22.312,3,6,5,19.971,1.063,2.957,0.1053,1,,,1,-32.1591,-22.214,-20.626,4,1.839,0.0758,0,0.1706,0.73323,,,2,1,0.05,0,,,,,0,2,0,0,4,0,3.25,0.001,3,2,1,1,0,1,0,0.747,3,3,0,2,1,0,0.05,1,1.282,0.101,,,0,1.282,,
60,0,1,1,0,0,2,2,2,2,0,0,3,3,0,0,1,0,0,0,1,1,1,1,4,3,0,0,1,1,1,1,0,0,0,0,0,1,1,2,1,1,1,1,1,2,2,2,2,2,2,0,0,1,0,0,1,1,1,0,0,0,0,0,1,2,0,0
,,,,,,,,,,,,,,,,,,,,,,,,,,,,,,,,,,,,,,,,,,,,,,,,,,,,,,,,,,,,,,,,,,,
0,0,0,0,0,0,0,0,0,0,0,0,0,0,0,0,0,0,0,0,0,0,0,0,0,0,0,0,0,0,0,0,0,0,0,0,0,0,0,0,0,0,0,0,0,0,0,0,0,0,0,0,0,0,0,0,0,0,0,0,0,0,0,0,0,0,0,0
,702,1,1.12,0.8881,1.1847,4,5,5,20.136,0.868,2.772,0.084,8,6.889,4.543,1,3.216,-28.514,-21.306,4,1.769,0.086,1,0.1612,0.068488,0.0621,0.2707,2,4,0.05,0,1.548,0.122,1,0,4,2,0,1,4,0,3.141,0.001,4,2,0,1,0,0,1,0.0718,0,5,5.8,3,4,5.8,0.05,0,-2.6712,0.00756,1,0,0,1.598,0.205,0.284
89,3,1,1,1,1,2,2,2,0,1,1,3,3,4,4,1,0,2,1,1,1,1,0,4,0,1,1,2,1,1,1,0,0,1,0,0,1,1,2,1,1,1,1,1,2,0,2,2,2,2,3,1,1,1,1,1,1,1,1,1,1,1,1,1,2,2,2
,,,,,,,,,,,,,,,,,,,,,,,,,,,,,,,,,,,,,,,,,,,,,,,,,,,,,,,,,,,,,,,,,,,
0,0,0,0,0,0,0,0,0,0,0,0,0,0,0,0,0,0,0,0,0,0,0,0,0,0,0,0,0,0,0,0,0,0,0,0,0,0,0,0,0,0,0,0,0,0,0,0,0,0,0,0,0,0,0,0,0,0,0,0,0,0,0,0,0,0,0,0
,2238,1,,1.183,1.395,0,4,2,19.76,1.367,3.153,0.1558,9,6,5.333,1,1.405,-18.273,-14.767,1,2.138,0.04,1,0.133,0.61117,0.1291,0.3049,4,4,0.05,0,2.03,0.154,0,0,2,1,0,3,2,0,3.684,0,4,1,0,2,1,0,1,0.208,1,1,5.2,4,0,5.2,0.05,0,-2.27,0.0232,1,1,0,2.576,0.077,0.177
71,0,1,0,1,1,2,2,2,0,1,1,3,0,0,0,1,0,2,1,1,0,1,1,0,3,1,1,1,1,1,1,1,0,0,0,0,1,1,2,1,1,0,1,1,2,2,2,2,2,2,3,1,1,1,1,1,1,1,1,1,1,1,1,1,0,2,2
,1996,1,11.3,1.114,1.51,4,5,2,19.894,0.585,2.795,0.2613,5,6.889,4.549,1,1.706,-23,-20.46,0,2.315,0.0278,1,0.1482,0.85166,0.1345,0.3077,0,1,0.05,0,1.59,0.0559,0,0,4,2,0,3,5,0,3.247,0.0058,3,1,1,1,2,0,0,0.175,2,0,5.3,0,5,5.3,0.05,0,2.238,0.0252,1,7,0,1.341,0.176,0.24
73,0,1,0,0,0,2,2,0,2,0,0,0,0,4,0,1,0,0,0,1,1,1,1,4,3,1,1,1,1,1,1,1,0,1,1,0,1,1,2,1,1,0,1,1,2,2,2,2,2,2,3,1,1,1,1,1,1,1,1,0,1,1,1,1,2,2,2
,1024,1,1.557,0.936,1.28,4,3,5,20.458,1.592,3.528,0.2285,8,6.889,4.543,1,1.64,-27.358,-24.582,4,2.235,0.032,0,0.1558,0.77762,0.0749,0.2723,0,0,0.05,0,1.54,0.1236,0,0,2,2,0,0,0,0,3.299,0.001,1,1,0,2,1,0,1,0.215,5,5,5.4,4,0,5.4,0.05,0,-3.177,0.0015,1,8,0,1.31,0.19,0.252
97,3,1,1,1,1,2,2,2,2,1,1,3,0,4,4,1,1,2,1,1,1,1,1,4,3,1,1,1,1,1,1,1,1,1,1,1,1,1,1,1,1,1,1,1,2,2,2,2,2,2,3,1,1,1,1,1,1,1,1,1,1,1,1,1,2,2,2
,1862,1,1.955,0.965,1.258,5,2,1,20.288,1.326,3.454,0.0981,3,6.889,4.543,1,1.368,-24.228,-19.992,1,2.481,0.0192,0,0.1,0.52331,0.3634,0.5752,3,4,0.05,0,1.69,0.091,0,0,2,2,0,4,1,0,2.554,0.006,5,0,1,0,1,2,1,0.276,3,0,5.6,4,2,5.6,0.05,0,-1.7545,0.07934,0,3,0,1.555,0.241,0.324
94,3,1,1,1,1,2,2,2,2,1,1,3,3,4,4,1,1,2,1,1,1,1,1,0,3,0,0,1,1,1,1,1,1,1,1,1,1,1,1,1,1,1,1,1,2,2,2,2,2,2,3,1,1,1,1,1,1,1,1,1,1,1,1,1,2,2,2
,cannot do,1,1.649,0.656,1.077,0,2,4,19.814,0.853,3.367,0.1742,8,6.884,4.565,1,1.872,-18.596,-14.484,3,1.748,0.088,0,0.1346,0.11347,0.0994,0.252,2,2,0.05,0,2.48,0.0066,1,1,1,2,0,4,4,0,0.324,0.373,3,0,2,1,1,2,2,0.055,5,0,5.4,1,0,5.4,0.05,0,-2.8925,0.0038,1,9,0,1.372,0.113,0.168
84,0,1,0,1,1,2,2,2,2,1,1,3,3,4,0,1,1,2,1,1,1,1,1,4,3,1,1,1,1,1,1,1,0,1,1,1,1,1,1,1,1,0,0,0,2,0,2,2,0,2,3,1,1,1,1,1,1,1,1,1,1,1,1,1,2,2,2
,2226,1,13.1,0.001,2.79,3,3,1,20.165,1.243,3.357,0.0195,3,1,,1,-1.42,-21.887,-19.353,3,2.204,0.033,1,0.1768,0.58958,0.2031,0.4309,0,3,0.05,0,1.91,0.0281,1,0,4,2,0,3,2,0,2.416,0.059,4,0,2,1,2,2,1,0.532,0,5,0,3,0,0,0.05,1,3.35,0.00158,1,3,0,1.598,0.054,0.104
64,3,1,0,1,1,2,2,2,2,1,1,0,0,0,0,1,0,2,1,1,1,1,1,4,3,1,1,1,1,1,1,1,0,0,1,1,1,1,1,1,1,1,0,1,0,0,2,0,0,2,0,0,1,0,0,1,1,1,0,0,1,1,0,1,2,2,2
,3380,1,1.884,0.775,1.172,2,2,5,20.078,0.082,2.618,0.1299,2,6,4.667,1,1.209,-22.499,-21.341,2,1.707,0.095,1,0.1788,0.3709,0.4504,0.6136,5,0,0.05,0,1.54,0.1236,0,0,3,1,0,2,3,0,2.479,0.007,4,1,2,0,0,1,1,0.298,3,0,5.6,3,3,5.6,0.05,0,-3.21,0.0013,1,2,0,1.476,0.062,0.111
83,0,1,1,1,1,2,2,2,0,1,1,3,3,0,0,1,0,2,1,1,1,1,1,4,3,0,0,1,1,1,1,1,1,1,1,1,1,1,1,1,1,0,1,1,2,2,2,2,2,2,3,1,1,1,1,1,1,1,1,1,1,1,1,1,2,2,2
,,,,,,,,,,,,,,,,,,,,,,,,,,,,,,,,,,,,,,,,,,,,,,,,,,,,,,,,,,,,,,,,,,,
0,0,0,0,0,0,0,0,0,0,0,0,0,0,0,0,0,0,0,0,0,0,0,0,0,0,0,0,0,0,0,0,0,0,0,0,0,0,0,0,0,0,0,0,0,0,0,0,0,0,0,0,0,0,0,0,0,0,0,0,0,0,0,0,0,0,0,0
,1678,1,1.408,1.243,1.55,2,4,0,19.918,0.952,3.388,0.1879,4,6.889,4.543,1,1.396,-0.049,1.109,4,2.066,0.0454,0,0.1374,0.58545,0.0678,0.2476,5,5,0.05,0,2.56,0.0104,1,1,1,2,0,5,3,0,2.135,0.017,0,0,1,1,0,1,2,0.124,0,4,5.7,5,2,5.7,0.05,0,-3.1547,0.0016,1,7,0,1.555,0.124,0.189
97,3,1,1,1,1,2,2,2,2,1,1,3,3,4,4,1,1,0,0,1,1,1,1,4,3,1,1,1,1,1,1,1,1,1,1,1,1,1,1,1,1,1,1,1,2,2,2,2,2,2,3,1,1,1,1,1,1,1,1,1,1,1,1,1,2,2,2
,1225,1,1.444,0.5638,0.984,0,4,3,20.097,1.603,2.437,0.1252,1,6.929,156.567,1,1.539,-21.835,-19.985,4,1.909,cannot do,2,0.1768,cannot do,cannot do,cannot do,0,3,0.05,0,2.523,0.01164,1,1,3,2,0,0,2,0,2.591,0.005,5,1,0,1,0,1,2,0.078,0,0,5.7,1,5,5.7,0.05,0,-3.072,0.002,1,5,0,1.598,0.051,0.098
80,3,1,1,1,1,2,0,2,2,0,0,3,3,0,0,1,0,2,1,1,1,0,0,4,0,0,0,1,1,1,1,1,1,1,1,1,1,1,1,1,1,1,1,1,2,2,2,2,2,2,3,1,1,1,1,1,1,1,1,1,1,1,1,1,2,2,2
,1678,1,2.467,0.983,1.687,5,1,0,20.175,1.267,3.133,0.133,10,6.889,4.543,1,1.435,-25.489,-23.291,3,2.097,0.044,1,0.1786,0.60383,0.1117,0.3489,5,1,0.05,0,1.62,0.1047,0,0,4,1,0,1,0,0,3.092,0.001,0,1,2,1,1,0,0,0.112,5,2,4.9,0,3,4.9,0.05,0,-1.941,0.0522,0,8,0,1.598,0.057,0.107
98,3,1,1,1,1,2,2,2,2,1,1,3,3,4,4,1,1,2,1,1,1,1,1,4,3,0,0,1,1,1,1,1,1,1,1,1,1,1,1,1,1,1,1,1,2,2,2,2,2,2,3,1,1,1,1,1,1,1,1,1,1,1,1,1,2,2,2
,1320,1,1.443,1.04,1.257,1,6,5,20.483,1.643,3.917,0.2173,10,6.889,200.543,1,-68.272,-26.105,-24.675,4,2.254,0.031,0,0.1534,0.14729,0.2336,0.4394,3,2,0.05,0,1.48,0.1389,0,0,4,2,0,5,2,0,3.157,0.001,4,0,1,0,1,2,1,0.215,0,4,5.6,4,3,5.6,0.05,0,-2.021,0.04328,1,8,0,1.372,0.192,0.259
92,3,1,1,1,1,2,2,2,2,1,1,3,3,4,0,1,0,2,1,1,1,1,1,4,3,1,1,1,1,1,1,1,1,1,1,1,1,1,1,1,1,1,1,1,2,2,2,2,2,2,0,1,1,1,1,1,1,1,1,1,1,1,1,1,2,2,2
,1862,1,-2.147,1.139,1.488,4,4,2,20.45,0.69,2.63,0.0909,11,6.882,214.154,1,-2.132,-29.397,-22.323,1,2.06,0.0468,1,0.1662,0.19413,0.3098,0.5078,3,4,0.05,0,1.88,0.0301,1,0,4,2,0,1,1,0,3.366,0.001,3,0,2,2,1,1,2,0.149,1,3,5.4,5,1,5.4,0.05,0,-2.878,0.004,1,2,0,-1.405,0.242,0.316
85,3,1,1,1,1,2,2,2,2,1,1,3,3,0,0,1,0,2,1,1,1,1,1,4,3,1,1,1,1,1,1,1,0,0,1,1,1,1,1,1,1,1,1,1,2,0,2,2,2,0,3,1,1,1,1,1,1,1,1,1,1,1,1,1,2,2,2
,2327,1,8.8,0.0005,1.882,1,5,0,20.032,1.09,3.19,0.2025,3,0,0,1,2.439,-26.19,-22.13,3,2.642,0.0064,1,0.9289,0.27167,0.3593,0.5476,5,2,0.05,0,1.89,0.0591,0,0,3,2,0,3,0,0,5.467,0,1,2,1,1,0,1,0,not normal,4,0,5.3,1,5,5.3,0.05,0,-2.4044,0.0162,1,8,0,1.44,0.139,0.201
78,3,1,0,1,1,2,2,0,2,1,1,3,3,0,0,1,1,2,1,1,1,0,1,0,3,0,0,1,1,1,1,1,1,1,1,1,1,1,1,1,1,0,1,1,2,2,2,2,2,2,0,1,1,1,1,1,1,1,1,1,1,1,1,1,2,2,2
,1030,1,1.211,0.787,1.074,1,2,0,20.185,0.842,3.078,0.1191,2,6.888,3.536,1,1.692,-23.808,-18.052,2,1.753,0.0898,0,0.1748,0.80896,0.4487,0.6825,5,5,0.05,2,idk,0.028,1,1,3,2,0,0,5,0,2.723,0.004,1,1,2,0,0,1,1,0.057,1,1,6,0,3,6,0.05,0,-1.696,0.09,0,3,0,1.31,4.66,8.36
84,3,1,1,1,1,0,2,0,0,1,1,3,3,4,0,1,1,2,1,1,1,1,1,4,3,1,1,1,1,1,0,0,1,1,1,1,1,1,1,1,1,1,1,1,2,2,2,2,2,2,3,1,1,1,1,1,1,1,1,1,1,1,1,1,2,0,0
,31,1,1.444,idk,idk,1,0,2,20.369,1.338,3.742,0.1453,11,idk,idk,1,-34.46,25.712,27.248,2,0.99,,1,0.122,0.053179,0.2031,0.4153,2,2,0.05,1,1.31,0.0951,0,0,3,1,0,4,0,0,-3.474,0.00036,2,1,0,0,1,2,0,0.324,5,5,0,4,3,0,0.05,1,-2.0322,0.02368,1,5,0,1.341,0.083,0.1342
53,0,1,1,0,0,2,2,0,2,1,1,3,0,0,0,1,0,0,0,1,0,0,0,4,0,1,1,1,1,1,0,1,0,1,1,1,1,1,1,0,1,0,1,0,2,2,2,2,0,0,0,0,1,0,0,1,1,1,0,1,0,1,1,1,2,2,0
,913,1,1.408,0.512,0.887,2,3,2,20.457,0.545,2.815,0.2205,7,6.89,4.54,1,-24.527,-27.667,-24.813,1,1.812,0.0784,1,0.1478,0.49267,0.1466,0.3182,1,5,0.05,0,2.05,0.0406,1,1,0,2,0,4,3,0,3.55,0,3,2,0,0,2,1,1,0.069,1,3,0,4,0,0,0.05,0,-3.277,0.001,1,9,0,1.514,0.163,0.233
87,3,1,1,1,1,2,2,0,2,1,1,3,3,4,4,1,0,0,0,1,1,1,1,4,3,0,0,1,1,1,1,1,1,1,1,0,1,1,2,1,1,1,1,1,2,2,2,0,2,2,3,0,1,0,0,1,1,1,1,1,1,1,1,1,2,2,2
,967,1,1.561,0.788,1.1148,5,4,3,20.254,0.1185,3.041,0.1249,1,6.889,,1,1.216,-3.4639,-2.536,4,1.843,0.0752,0,0.1774,0.37972,0.1243427,0.3356573,1,1,0.05,0,2.05,0.04036,1,1,3,2,0,2,1,0,2.653,0.00446,0,0,1,0,0,1,1,0.906,0,5,6,0,2,6,0.05,1,-3.185,0.00316,1,2,0,1.47579,0.05588,0.1027
85,3,1,1,1,1,2,2,2,2,0,0,3,3,4,0,1,1,0,0,1,1,1,1,4,3,1,1,1,1,1,1,1,1,1,1,1,1,1,1,1,1,1,1,1,2,2,2,0,2,2,0,1,1,1,1,1,1,1,0,1,1,1,1,1,2,2,2
,2211,1,1.311,1.377,1.606,2,5,0,20.175,0.848,2.632,0.1272,11,6.889,4.543,1,1.194,-16.865,-13.555,3,1.982,0.055,0,0.1768,0.34529,0.3788,0.5696,3,5,0.05,0,1.92,0.0549,0,0,1,1,0,2,0,0,3.59,0,2,2,0,1,1,0,1,0.136,2,5,5.2,5,4,5.2,0.05,0,-2.682,0.007,1,4,0,1.44,0.057,0.103
98,3,1,1,1,1,2,2,2,2,1,1,3,3,4,4,1,1,2,1,1,1,1,1,4,0,1,1,3,1,1,1,1,1,1,1,1,1,1,1,0,1,1,1,1,2,2,2,2,2,2,3,1,1,1,1,1,1,1,1,1,1,1,1,1,2,2,2
,67,1,1.312,1.225,1.523,0,0,3,20.029,1.384,3.196,0.1713,9,6.882,145.334,1,1.46,-25.757,-24.703,2,2.125,0.082,1,0.1356,0.65004,0.0866,0.291,0,0,0.05,0,1.97,0.0488,1,1,0,2,0,2,4,0,3.175,0.001,1,0,0,1,1,2,2,0.644,4,1,5.6,0,1,5.6,0.05,0,-1.562,0.1183,0,3,0,1.598,0.116,0.183
80,0,1,1,1,1,2,2,2,2,1,1,3,0,0,0,1,1,2,1,1,1,0,1,4,3,1,1,1,1,1,1,1,1,1,1,1,1,1,1,1,1,1,1,1,2,2,2,2,0,2,0,1,1,1,1,1,1,1,1,1,1,1,1,1,2,2,2
,2976,1,1.479,0.633,1.094,3,1,0,19.814,0.945,3.455,0.1532,0,52.444,1756.373,1,-1.641,-19.443,-17.557,3,1.922,0.064,3,0.1256,0.7652,0.2181,0.3917,0,4,0.05,0,1.31,0.1902,0,0,4,2,0,3,5,0,2.254,0.013,3,0,1,2,2,1,1,0.077,1,0,0,2,2,0,0.05,0,-1.592,0.1169,0,1,0,-1.311,0.087,0.134
80,3,1,1,0,0,2,2,0,2,1,1,3,3,0,0,1,0,2,1,1,1,1,0,4,3,1,1,1,1,1,1,1,1,1,1,1,1,1,1,1,1,1,1,1,2,2,0,2,2,2,0,1,1,0,1,1,1,1,1,1,1,1,1,1,2,2,2
,,,,,,,,,,,,,,,,,,,,,,,,,,,,,,,,,,,,,,,,,,,,,,,,,,,,,,,,,,,,,,,,,,,
0,0,0,0,0,0,0,0,0,0,0,0,0,0,0,0,0,0,0,0,0,0,0,0,0,0,0,0,0,0,0,0,0,0,0,0,0,0,0,0,0,0,0,0,0,0,0,0,0,0,0,0,0,0,0,0,0,0,0,0,0,0,0,0,0,0,0,0
,3414,1,1.2,1.244,1.313,4,6,6,20.121,1.79,3.57,0.158,9,54,0,1,1.668,-19.1971,-16.7229,2,2.311,0.01407,1,0.9543,0.82172,0.1259,0.3209,5,1,0.05,1,0.387,0.3494,0,0,0,1,0,5,1,0,0.724,0.235,1,1,0,1,1,0,2,cannot do,5,3,5.6,4,3,5.6,0.05,1,-2.848,0.00328,1,6,0,1.311,0.097,0.146
64,0,1,1,0,0,2,2,0,2,1,1,3,3,0,0,1,0,0,0,1,1,0,1,0,3,1,1,1,1,1,0,0,0,1,1,0,1,1,2,0,1,0,0,0,2,2,2,2,2,2,0,1,1,1,1,1,1,1,0,1,0,1,1,1,2,2,2
,2097,1,1.311,1.307,1.547,1,6,4,20.485,0.98,3.1,0.0917,6,6.889,4.543,1,1.398,-26.126,-22.594,1,1.984,0.0556,0,0.166,0.58185,0.1225,0.3129,2,4,0.05,0,2.2,0.0278,1,1,4,2,0,0,2,0,3.142,0.00105,0,2,0,0,1,1,1,0.126,5,0,5.1,1,0,5.1,0.05,0,-1.621,0.10502,0,4,0,1.555,0.233,0.314
96,3,1,1,1,1,2,2,0,2,0,0,3,3,4,4,1,1,2,1,1,1,1,1,4,3,1,1,1,1,1,1,1,1,1,1,1,1,1,1,1,1,1,1,1,2,2,2,2,2,2,3,1,1,1,1,1,1,1,1,1,1,1,1,1,2,2,2
,2991,1,2.17,0.876,1.448,2,3,4,19.978,1.301,3.859,0.0904,4,6.889,4.543,1,1.75,-1.258,1.682,3,2.129,0.0392,0,0.1634,0.85699,0.192,0.3743,4,2,0.05,1,1.03,0.303,0,0,5,1,0,1,2,0,2.436,0.008,1,1,1,0,0,1,2,0.177,3,4,5.8,1,5,5.8,0.05,0,2.403,0.0164,1,5,0,1.34,0.222,0.29
87,0,1,0,1,1,2,2,2,2,0,0,3,3,4,4,1,0,0,0,1,1,1,1,4,3,1,1,1,1,1,0,1,1,1,1,1,1,1,1,0,1,1,1,1,2,2,2,2,2,2,3,1,1,1,1,1,1,1,1,0,1,1,1,1,2,2,2
,1225,1,-1.101,0.902,1.13,5,6,5,20.139,1.189,2.931,0.0948,9,10,37.586,1,-1.194,-18.325,-15.195,2,2.334,0.0252,0,0.1658,0.32584,0.2944,0.4944,4,2,0.05,0,1.61,0.1074,0,0,3,2,0,0,4,0,3.746,0,2,2,0,1,1,1,2,0.138,1,4,5.6,3,2,5.6,0.05,0,-1.66,0.09692,0,8,0,-1.44,0.236,0.312
84,3,1,1,1,1,2,2,0,2,1,1,3,3,0,0,1,0,2,1,1,1,1,1,4,3,1,1,1,1,1,1,1,1,1,1,1,1,1,1,1,1,1,1,1,0,2,2,2,2,2,0,1,1,1,1,1,1,1,1,1,1,1,1,1,2,2,2
,5618,1,1.18,1.14,1.516,1,5,6,20.258,2.046,2.494,0.141,4,6.889,4.543,1,-1.402,-21.662,-19.578,3,2.15,0.037,1,0.1218,0.583299,0.1851,0.3879,3,0,0.05,0,2.37,0.0211,1,1,4,1,0,0,2,0,2.392,0.019,0,0,1,1,2,0,1,0.835,2,1,0,0,5,0,0.05,0,-2.32,0.02034,1,5,0,1.555,0.066,0.117
85,0,1,1,1,1,2,2,0,2,0,0,3,3,4,4,1,0,2,1,1,1,1,1,4,3,1,1,1,1,1,1,1,1,1,1,1,1,1,1,0,1,1,0,0,2,2,2,2,2,2,0,1,1,0,1,1,1,1,1,1,1,1,1,1,2,2,2
,999.376,1,1.625,1.146,1.395,0,3,5,20.091,0.914,4.406,0.0768,11,6.889,4.543,,1.933,-9.883,-6.757,0,2.142,0.0388,0,0.1839,0.12475,-0.0423,0.0209,3,0,0.05,0,1.59,0.1118,0,2,0,2,0,5,5,0,0.356,0.361,0,0,0,1,1,1,2,0.131,2,0,4.9,1,2,4.9,0.03,0,-2.14,0.032,1,0,0,1.372,0.22,0.29
75,0,1,1,1,1,2,2,0,2,1,1,3,0,4,4,0,0,0,0,1,1,1,1,0,3,0,0,0,1,1,1,1,1,1,0,0,1,1,2,1,1,0,0,0,2,2,2,2,2,2,3,1,1,1,1,1,1,0,1,1,1,1,1,1,2,2,2
,1524,1,1.479,0.646,0.974,2,0,0,20.207,0.622,2.602,0.2019,7,6,15.684,1,1.223,-20.96,-20.6,1,1.856,0.0736,1,0.1448,0.38286,0.5159,0.6473,2,0,0.05,1,2.44,0.0147,0,0,1,1,0,3,5,0,2.587,0.005,5,1,1,2,0,1,0,0.099,2,0,5,3,2,5,0.05,0,-2.089,0.0367,1,0,0,1.476,0.16,0.229
75,3,1,1,1,1,2,2,0,0,0,0,3,0,0,0,1,1,0,0,1,1,1,1,4,3,1,1,3,1,1,0,1,1,0,0,1,1,1,1,1,1,1,1,1,2,0,2,2,2,0,3,1,1,1,1,1,1,1,1,1,1,1,1,1,2,2,2
,714,0,1.227,0.848,1.066,2,4,1,20.398,0.41,2.49,0.1426,8,6.889,4.543,1,1.257,-1.563,0.103,1,1.735,0.092,0,0.1242,0.43919,0.3884,0.5584,3,3,0.05,0,1.41,0.158,0,0,4,2,0,2,2,0,3.107,0.001,4,1,1,0,2,0,1,0.332,3,5,5.5,5,3,5.5,0.05,0,-3.302,0.001,1,8,0,1.514,0.079,0.133
94,3,0,1,1,1,2,2,2,2,1,1,3,3,4,4,1,0,0,0,1,1,1,1,4,3,1,1,1,1,1,1,1,1,1,1,1,1,1,1,1,1,0,1,1,2,2,2,2,2,2,3,1,1,1,1,1,1,1,1,1,1,1,1,1,2,2,2
,625,1,1.557,0.927,1.247,0,3,4,20.574,0.656,3.264,0.0828,8,6.889,4.543,1,2.444,-24.421,-21.379,2,1.706,0.097,0,0.161,0.87255,0.1362,0.3198,3,2,0.05,0,0.66,0.5096,0,0,0,2,0,1,2,0,3.521,0,4,1,1,0,0,1,2,0.304,1,1,5.3,1,0,5.3,0.05,0,-2.807,0.005,1,4,0,1.341,0.212,0.278
95,0,1,1,1,1,2,2,0,2,1,1,3,3,4,4,1,1,2,1,1,1,1,1,4,3,1,1,1,1,1,1,1,1,1,1,1,1,1,1,1,1,1,1,1,2,2,2,2,2,2,3,1,1,1,1,1,1,1,1,1,1,1,1,1,2,2,2
,2432,1,1.174,1.307,1.573,0,4,6,20.297,1.003,3.257,0.1876,4,6.889,4.543,1,1.362,-23.404,-22.036,2,2.126,0.0416,0,0.135,0.52397,0.1273,0.3199,1,0,0.05,0,1.81,0.0702,0,0,0,1,0,4,5,0,2.81,0.003,4,0,1,1,0,1,0,0.215,5,1,5.6,2,0,5.6,0.05,0,-2.722,0.0066,1,0,0,1.555,0.116,0.181
98,3,1,1,1,1,2,2,2,2,1,1,3,3,4,4,1,1,2,1,1,1,1,1,4,3,1,1,1,1,1,1,1,1,1,1,1,1,1,1,1,1,1,1,1,2,2,2,0,2,2,3,1,1,1,1,1,1,1,1,1,1,1,1,1,2,2,2
,1296,1,1.441,0.95,1.269,1,0,2,20.045,-26.285,31.445,0.3415,3,2,40,1,1.584,-23.134,-21.2145,1,2.288,0.0588,0,0.1638,0.75082,0.3361,0.5143,2,5,0.05,0,0.99,0.1611,0,0,2,2,0,2,3,0,2.136,0.017,4,2,1,2,1,0,1,0.183,0,0,0,0,0,0,0.05,1,-3.427,0.0013,,2,0,1.311,0.319,0.393
72,3,1,1,1,1,2,2,2,2,0,0,0,3,0,0,1,1,2,0,1,1,0,0,4,3,1,1,1,1,1,1,1,0,1,1,1,1,1,1,1,1,1,1,1,0,2,2,2,2,2,3,0,1,0,0,1,1,1,0,1,1,0,1,1,2,0,0
,,,,,,,,,,,,,,,,,,,,,,,,,,,,,,,,,,,,,,,,,,,,,,,,,,,,,,,,,,,,,,,,,,,
0,0,0,0,0,0,0,0,0,0,0,0,0,0,0,0,0,0,0,0,0,0,0,0,0,0,0,0,0,0,0,0,0,0,0,0,0,0,0,0,0,0,0,0,0,0,0,0,0,0,0,0,0,0,0,0,0,0,0,0,0,0,0,0,0,0,0,0
,2430,1,1.255,0.539,0.799,4,0,1,20.085,0.862,2.918,0.1484,7,6.889,4.543,1,1.404,-27.593,-22.707,1,1.877,0.069,1,0.1242,0.56773,0.1787,0.3559,2,5,0.05,0,1.9,0.0577,0,0,0,2,0,2,3,0,3.295,0.001,3,0,1,2,1,0,1,0.097,1,1,5.7,3,4,5.7,0.05,0,-2.089,0.029,1,6,0,1.555,0.075,0.129
98,3,1,1,1,1,2,2,2,2,1,1,3,3,4,4,1,1,2,1,1,1,1,1,4,3,1,1,0,1,1,1,1,1,1,1,0,1,1,2,1,1,1,1,1,2,2,2,2,2,2,3,1,1,1,1,1,1,1,1,1,0,1,1,1,2,2,2
,,1,1.254,1.251,1.515,0,2,6,20.042,1.18,3.28,,5,,,1,1.468,-21.391,-19.889,4,2.043,0.048,0,0.1266,,0.0727,0.2567,2,2,0.05,0,1.97,,1,0,0,2,0,5,1,0,2.244,0.013,1,0,1,2,0,1,2,,3,3,5.5,5,4,5.5,0.05,0,2.817,0.00242,1,2,0,1.598,0.085,0.143
68,0,1,1,1,1,2,2,2,2,1,1,0,3,0,0,1,1,2,0,0,1,1,1,4,0,1,1,1,1,1,1,1,0,1,0,0,1,1,2,1,1,1,1,0,0,2,0,2,2,2,0,1,0,1,1,1,1,1,1,0,0,1,1,1,2,2,2
,2653,1,1.812,87.541,89.08,3,1,4,20.277,1.343,3.177,0.2364,7,0.111,0.654,1,1.795,-28.049,-23.811,3,1.866,0.0704,0,0.9224,0.88449,0.133,0.3006,0,5,0.05,0,1.58,0.0571,0,0,5,1,0,1,4,0,3.473,0.00035,3,2,1,1,1,0,0,0.304,5,5,0,3,3,0,0.05,0,2.7902,0.00263,1,8,0,1.341,0.194,0.259
69,3,1,1,0,0,2,2,2,2,1,1,3,3,0,0,1,1,2,1,1,1,1,1,0,3,0,0,1,1,1,1,1,0,1,1,1,1,1,1,0,1,1,1,0,0,2,2,2,0,2,0,0,1,0,0,1,1,1,1,0,0,1,1,1,2,2,2
,2538,1,2.283,1.278,1.77,2,5,0,19.916,0.752,3.188,0.1892,11,6.889,4.543,1,1.333,-18.36,-14.88,1,1.975,0.0556,0,0.136,0.51723,0.0572,0.2638,1,0,0.05,1,1.51,1.131,0,0,5,2,0,1,5,0,3.816,0,4,0,1,0,1,2,1,0.064,0,4,6,4,1,6,0.05,0,-1.871,0.06134,0,9,0,1.555,0.119,0.184
92,0,1,1,1,1,2,2,0,2,1,1,3,3,4,4,1,1,2,1,1,1,1,0,4,3,1,1,1,1,1,0,1,0,1,1,0,1,1,2,1,1,1,1,1,2,2,2,2,2,2,3,1,1,1,1,1,1,1,1,1,1,1,1,1,2,2,2
,1600,1,1.88,1.11,1.406,4,2,3,19.63,1.867,3.593,0.2095,9,6.222,4.617,1,1.9,-19.775,-14.865,3,2.188,0.0348,1,0.1504,0.140484,0.2786,0.468,5,2,0.05,0,1.69,0.193,0,0,5,2,0,3,0,0,3.775,0,2,1,0,2,1,0,1,0.19,0,0,5.4,3,0,5.4,0.05,0,-2.357,0.018,1,5,0,1.37,0.233,0.303
70,0,1,0,0,0,2,2,0,0,1,1,3,0,0,0,1,0,2,1,1,1,1,1,4,3,0,0,0,1,1,1,1,0,1,1,0,1,1,2,1,1,1,1,1,2,2,2,2,2,2,3,1,1,1,1,1,1,1,1,1,1,1,1,1,2,0,0
,,,,,,,,,,,,,,,,,,,,,,,,,,,,,,,,,,,,,,,,,,,,,,,,,,,,,,,,,,,,,,,,,,,
0,0,0,0,0,0,0,0,0,0,0,0,0,0,0,0,0,0,0,0,0,0,0,0,0,0,0,0,0,0,0,0,0,0,0,0,0,0,0,0,0,0,0,0,0,0,0,0,0,0,0,0,0,0,0,0,0,0,0,0,0,0,0,0,0,0,0,0
,,,,,,,,,,,,,,,,,,,,,,,,,,,,,,,,,,,,,,,,,,,,,,,,,,,,,,,,,,,,,,,,,,,
0,0,0,0,0,0,0,0,0,0,0,0,0,0,0,0,0,0,0,0,0,0,0,0,0,0,0,0,0,0,0,0,0,0,0,0,0,0,0,0,0,0,0,0,0,0,0,0,0,0,0,0,0,0,0,0,0,0,0,0,0,0,0,0,0,0,0,0
,,,,,,,,,,,,,,,,,,,,,,,,,,,,,,,,,,,,,,,,,,,,,,,,,,,,,,,,,,,,,,,,,,,
0,0,0,0,0,0,0,0,0,0,0,0,0,0,0,0,0,0,0,0,0,0,0,0,0,0,0,0,0,0,0,0,0,0,0,0,0,0,0,0,0,0,0,0,0,0,0,0,0,0,0,0,0,0,0,0,0,0,0,0,0,0,0,0,0,0,0,0
,,,,,,,,,,,,,,,,,,,,,,,,,,,,,,,,,,,,,,,,,,,,,,,,,,,,,,,,,,,,,,,,,,,
0,0,0,0,0,0,0,0,0,0,0,0,0,0,0,0,0,0,0,0,0,0,0,0,0,0,0,0,0,0,0,0,0,0,0,0,0,0,0,0,0,0,0,0,0,0,0,0,0,0,0,0,0,0,0,0,0,0,0,0,0,0,0,0,0,0,0,0
,,,,,,,,,,,,,,,,,,,,,,,,,,,,,,,,,,,,,,,,,,,,,,,,,,,,,,,,,,,,,,,,,,,
0,0,0,0,0,0,0,0,0,0,0,0,0,0,0,0,0,0,0,0,0,0,0,0,0,0,0,0,0,0,0,0,0,0,0,0,0,0,0,0,0,0,0,0,0,0,0,0,0,0,0,0,0,0,0,0,0,0,0,0,0,0,0,0,0,0,0,0
,,,,,,,,,,,,,,,,,,,,,,,,,,,,,,,,,,,,,,,,,,,,,,,,,,,,,,,,,,,,,,,,,,,
0,0,0,0,0,0,0,0,0,0,0,0,0,0,0,0,0,0,0,0,0,0,0,0,0,0,0,0,0,0,0,0,0,0,0,0,0,0,0,0,0,0,0,0,0,0,0,0,0,0,0,0,0,0,0,0,0,0,0,0,0,0,0,0,0,0,0,0
,,,,,,,,,,,,,,,,,,,,,,,,,,,,,,,,,,,,,,,,,,,,,,,,,,,,,,,,,,,,,,,,,,,
0,0,0,0,0,0,0,0,0,0,0,0,0,0,0,0,0,0,0,0,0,0,0,0,0,0,0,0,0,0,0,0,0,0,0,0,0,0,0,0,0,0,0,0,0,0,0,0,0,0,0,0,0,0,0,0,0,0,0,0,0,0,0,0,0,0,0,0
,,,,,,,,,,,,,,,,,,,,,,,,,,,,,,,,,,,,,,,,,,,,,,,,,,,,,,,,,,,,,,,,,,,
0,0,0,0,0,0,0,0,0,0,0,0,0,0,0,0,0,0,0,0,0,0,0,0,0,0,0,0,0,0,0,0,0,0,0,0,0,0,0,0,0,0,0,0,0,0,0,0,0,0,0,0,0,0,0,0,0,0,0,0,0,0,0,0,0,0,0,0
,,,,,,,,,,,,,,,,,,,,,,,,,,,,,,,,,,,,,,,,,,,,,,,,,,,,,,,,,,,,,,,,,,,
0,0,0,0,0,0,0,0,0,0,0,0,0,0,0,0,0,0,0,0,0,0,0,0,0,0,0,0,0,0,0,0,0,0,0,0,0,0,0,0,0,0,0,0,0,0,0,0,0,0,0,0,0,0,0,0,0,0,0,0,0,0,0,0,0,0,0,0
,,,,,,,,,,,,,,,,,,,,,,,,,,,,,,,,,,,,,,,,,,,,,,,,,,,,,,,,,,,,,,,,,,,
0,0,0,0,0,0,0,0,0,0,0,0,0,0,0,0,0,0,0,0,0,0,0,0,0,0,0,0,0,0,0,0,0,0,0,0,0,0,0,0,0,0,0,0,0,0,0,0,0,0,0,0,0,0,0,0,0,0,0,0,0,0,0,0,0,0,0,0
