Total,5713052,,5713057,5713063,5713158,5713329,,5772114,5713387,,,,,,,,5713426,,,,,,,,,,,,5713447,,,,5713466,,,,,
,3,3,8,6,6,3,3,8,2,2,2,2,2,2,2,2,2,2,2,2,2,2,2,2,2,2,2,2,2,2,2,2,2,2,2,2,2,2
,,,,,,,,,,,,,,,,,,,,,,,,,,,,,,,,,,,,,,
,0.84,0.1983,4,0.916,1,1.812,127,109,0,1,1,0,1,0,1,1,4,0,0.0408,5,0,0.0408,0.05,0,3.3915,0.0007,1,0,2,1.911,-5.59,-2.4,41,11,1,3.104,-46.8,128.8
92,3,3,8,6,6,3,3,0,2,2,2,2,2,2,2,2,2,2,2,2,2,2,2,2,2,2,2,2,2,2,2,2,2,2,2,2,2,2
,1.08151,0.86026,5,0.001,2,1.058,129,106,0,1,1,1,0,1,1,0,4,2,0.0363,4,2,0.0363,0.05,0,1.91961,0.97255,0,2,2,1.372,-10.25,-5.75,34,1,2,1.061,11.3,56.7
77,3,0,8,0,0,3,3,8,2,2,2,2,2,2,2,2,2,2,2,2,2,2,2,2,2,0,2,2,2,2,0,0,2,2,2,0,2,2
,0.81,0.2094,3,0.9,4,1.44,198,6,0,1,1,1,0,1,0,1,3,0,0.0381,4,4,0.0381,0.05,0,2.508,0.0122,1,3,2,1.579,-9.75,-8.25,19,11,1,1.96,-10.4,48.4
90,3,3,8,6,6,3,3,0,2,2,2,2,2,2,2,2,2,2,2,2,2,2,2,2,2,2,2,2,2,2,2,2,2,2,2,0,2,2
,,,0,,2,1.476,143.5,,1,0,1,1,1,0,1,0,0,5,0.0334,2,0,0.0334,0.05,0,-0.401,0.3442,0,2,2,0.94,,,98,8,1,0.925,-62.8,258.3
42,0,0,0,0,0,3,3,0,2,2,2,0,2,0,2,2,2,2,2,2,2,2,2,2,0,0,2,0,2,0,0,0,2,0,2,0,0,0
,0.85,0.1982,4,0.983,4,1.812,127,151,0,1,1,0,0,1,1,1,4,0,0.0408,5,0,0.0408,0.05,0,-2.647,0.0081,1,0,2,1.912,-5.6,-2.4,41,11,1,0.78,-46.8,128.8
74,3,3,8,0,6,3,3,0,2,2,2,2,0,0,2,2,2,2,2,2,2,2,2,2,0,2,2,2,2,2,2,2,2,2,2,0,0,0
,0,0,1,1.36,5,1.751,51,92,1,0,0,1,1,1,0,1,3,2,0.0303,5,3,0.0303,0.05,0,2.155,0.98442,0,5,2,1.412,-8.23,-7.77,74,11,2,2.282,-48.5,196.5
76,3,0,8,0,0,3,0,8,2,2,2,2,0,2,0,2,2,2,2,2,2,2,2,2,2,0,2,2,2,2,2,2,2,2,2,2,2,2
,cannot do,cannot do,4,,3,1.476,156,1384,1,0,0,1,1,0,1,1,2,5,0.0326,4,0,0.0326,0.05,1,,,1,1,2,1.411,-9.59,-8.41,101,10,2,2.92,71.9,130.1
52,0,0,8,0,0,3,3,0,2,2,0,2,0,2,2,2,2,2,2,2,2,2,2,0,0,0,2,0,2,2,0,0,2,0,2,2,0,0
,1.19,0.1165,0,0.929,2,-2.326,623.099,92,1,0,1,0,1,1,1,0,1,5,0.0332,4,0,0.0332,0.05,0,1.3895,0.16468,0,2,2,-2.346,-17.58,-16.42,62,8,0,-2.19,0.04464,124
89,3,3,8,6,6,0,3,8,2,2,2,2,2,2,0,0,2,2,2,2,2,2,2,2,2,2,2,2,2,2,0,0,2,2,2,2,2,2
,cannot do,cannot do,4,5,5,-1.372,177.221,455,0,1,1,0,1,1,1,0,1,3,0.0305,4,1,0.0305,0.05,0,2.365,0.018,1,4,2,-1.483,-3.3,-2.69,168,10,0,-2.496,-43.8,379.8
74,0,0,8,0,0,3,3,0,2,2,2,2,2,2,2,2,2,2,2,2,2,2,2,2,2,2,2,2,2,2,2,2,2,2,2,2,2,2
,0.84,0.2005,2,0.5,1,1.96,185,98,1,0,1,0,1,0,1,0,0,2,0.0282,1,5,0.0282,0.05,0,5.934,0,1,0,2,1.522,-12.18,-11.82,36,1,1,2.027,5.6,66.4
90,3,3,8,0,6,3,3,8,2,2,2,2,2,2,2,0,2,2,2,2,2,2,2,2,0,2,2,2,2,2,2,2,2,2,2,2,2,2
,-1.14,0.8728,4,0.02,5,-1.227,209.1,1025,0,1,1,1,0,1,0,1,1,2,0,3,1,0,0.05,0,0.0486,0.0743,1,5,2,0.055,-6.94,-5.06,68,0,0,0.07,67.3,68.7
55,0,3,8,0,6,3,3,0,2,2,2,0,0,2,2,2,2,2,0,2,2,0,2,2,0,0,0,0,2,0,0,0,2,2,2,0,0,0
,1.23,0.1094,8,0.02,2,1.812,205.2755903,100,0,1,0,1,1,0,1,1,1,4,0.0323,0,0,0.0323,0.05,0,2.7474,0.006,0,4,2,1.606,-4.86,-1.14,86,6,1,2.157,-29,201
78,3,3,0,0,6,3,3,8,2,2,2,2,2,2,2,2,2,2,2,2,2,2,2,2,2,2,0,2,2,2,2,2,2,2,2,0,0,0
,0.815083,0.20751,1,0.75,2,1.126,269,cannot do,1,0,1,0,1,0,0,0,1,3,0.0351,1,1,0.0351,0.05,0,1.2916,0.1965,0,6,2,2.249,-21.5808,-12.4192,98,10,1,2.19,-0.622973,196.623
72,3,3,8,0,0,3,3,0,2,2,0,0,2,2,0,0,2,2,2,2,2,2,2,2,2,2,2,2,2,2,2,2,2,2,2,2,2,2
,1.14,0.1271,3,0.929,3,1.555,125,106,0,1,1,1,0,1,1,0,5,0,0.0361,0,0,0.0361,0.05,0,2.087,0.037,1,7,2,1.412,-10.68,-9.32,90,11,0,1.604,19.6,160.4
98,3,3,8,6,6,3,3,8,2,2,2,2,2,2,2,2,2,2,2,2,2,2,2,2,2,2,2,2,2,2,2,2,2,2,2,0,2,2
,0.77,0.2207,1,0.917,0,-2.17,280,101,0,1,1,1,0,1,0,0,3,5,0.0339,0,2,0.0339,0.05,0,1.8269,0.06771,0,6,2,1.346,-6.01,-7.99,79,1,2,-3.578,-49.1,207.1
88,3,3,8,6,0,3,3,8,2,2,2,2,2,2,2,0,2,2,2,2,2,2,2,2,2,2,2,2,2,2,0,0,2,2,2,2,2,2
,1.45,0.95,0,0.95,1,1.103,1,44,0,1,1,0,1,1,1,1,2,2,0,1,2,0,0.05,1,-0.69,0.24388,0,5,0,0.07,0.54,1.58,50,5,1,0.055,40,50
33,0,0,8,0,0,3,0,0,2,2,2,2,2,2,2,0,0,2,0,0,0,0,2,0,0,0,2,0,0,0,0,0,2,0,0,0,0,0
,1.15,0.8752,2,,2,1.341,176,41835,0,1,0,1,1,0,0,0,1,0,0.0315,0,2,0.0315,0.05,0,0.714853,0.76265,0,4,0,,,,146,8,2,9.92,136.08,155.9
53,3,0,0,0,6,3,3,0,2,2,0,2,2,2,2,0,2,2,2,2,2,2,2,2,0,0,2,0,0,0,0,0,2,2,2,2,0,0
,0.98,0.163,2,0.875,2,1.44,197,92,0,1,0,0,1,1,1,1,1,0,0.0486,0,2,0.0486,0.05,1,1.8476,0.06466,0,2,2,-19,-19.37,-18.63,32,3,2,5.642,-52.7,116.7
86,3,3,8,6,0,3,3,8,2,2,2,2,2,2,2,2,2,2,2,2,2,2,2,0,2,2,2,2,2,0,0,0,2,2,2,2,2,2
,0.62,0.2676,3,0.875,2,1.555,160,104,0,1,0,1,1,1,1,0,0,2,0.0496,2,0,0.0496,0.05,0,2.107,0.0349,1,5,2,1.415,-9.09,-4.91,21,4,1,3.578,-36.8,78.8
100,3,3,8,6,6,3,3,8,2,2,2,2,2,2,2,2,2,2,2,2,2,2,2,2,2,2,2,2,2,2,2,2,2,2,2,2,2,2
,0.5,0.3085,2,0.875,2,1.595,133,102,0,1,0,1,0,1,1,0,1,5,0.0232,2,3,0.0232,0.05,0,1.806,0.0708,0,1,2,1.341,-4.94,-3.06,49,11,2,2.62,-35.7,133.7
94,3,3,8,6,6,3,3,8,2,2,0,0,2,2,2,0,2,2,2,2,2,2,2,2,2,2,2,2,2,2,2,2,2,2,2,2,2,2
,0.9116,0.09045,5,0.92857,0,1.645,293,,0,1,1,1,1,0,1,1,4,1,0.0336,0,1,0.0336,0.05,0,1.358,0.43615,0,0,2,2.187,-5.71149,-2.2885,90,11,0,1.751,134.36,45.641
69,3,0,8,6,0,3,3,0,2,2,0,2,2,2,2,2,2,2,2,2,2,2,2,2,2,0,2,0,2,2,2,2,2,2,0,0,0,0
,0,0.5,2,0.875,6,1.751,257.19,99,1,0,0,0,1,0,1,1,4,2,0.0348,2,0,0.0348,0.05,0,3.03,0.0024,1,0,2,1.76,-1.47,-0.53,66,2,1,4.849,-225.2,357.2
92,3,3,8,6,0,3,3,8,2,2,0,2,2,2,2,2,2,2,2,2,2,2,2,2,2,2,2,2,2,2,2,2,2,2,2,2,2,2
,cannot do,cannot do,2,0.477,1,cannot do,cannot do,cannot do,0,1,1,1,1,0,1,0,1,5,0.0478,5,4,0.0478,0.05,0,0.0478,-1.667,1,0,2,1.341,109.36,110.64,36.08225,2,0,1.645,cannot do,
32,0,0,0,0,0,0,0,0,2,2,2,2,2,2,0,0,0,2,2,0,2,2,2,2,0,0,0,2,2,2,0,0,2,0,0,0,0,0
,,,2,,4,,,,,,,,,,,,,,,,,,,,,,,,,,,,,,,,,
0,0,0,0,0,0,0,0,0,0,0,0,0,0,0,0,0,0,0,0,0,0,0,0,0,0,0,0,0,0,0,0,0,0,0,0,0,0,0
,1.44,0.0749,1,,6,1.476,15,38,1,0,1,0,1,0,1,1,1,0,0.0373,2,0,0.0373,0.05,0,0.04705,0.0471,0,0,2,-1.331,,,33,3,2,-2.92,,
48,0,3,0,0,6,3,0,0,2,2,2,0,0,2,2,2,0,2,2,0,2,2,2,2,0,0,0,0,2,2,0,0,2,2,2,2,0,0
,0.49055,0.31187,4,0.875,0,1.372,166,105,0,1,0,1,0,1,1,1,3,0,0.046,2,2,0.046,0.05,0,2.205,0.02746,1,0,2,1.451,-5.4655,-2.5344,114,7,2,3.104,-101.096,329.096
88,3,3,0,6,6,3,3,8,2,2,2,2,2,2,2,2,2,2,2,2,2,2,2,2,2,2,2,2,2,2,2,2,2,2,2,2,0,0
,0.76,0.2238,4,0.5,1,1.598,231,101,0,1,1,0,1,0,0,1,4,4,0.022,1,4,0.022,0.05,0,2.933,0.00336,1,4,2,1.708,-7.28,-6.72,68,0,0,3.104,-32.4,168.4
82,3,3,8,0,0,3,3,8,2,2,2,0,2,2,0,0,2,2,2,2,2,2,2,2,2,2,2,2,2,2,2,2,2,2,2,2,2,2
,,,,,,,,,,,,,,,,,,,,,,,,,,,,,,,,,,,,,,
0,0,0,0,0,0,0,0,0,0,0,0,0,0,0,0,0,0,0,0,0,0,0,0,0,0,0,0,0,0,0,0,0,0,0,0,0,0,0
,0.75,0.77,1,0.453,1,-1.645,280,390,1,0,1,0,1,1,0,1,1,1,0.021,1,3,0.021,0.05,0,0.077,0.5307,0,8,2,-1.657,-11.76,-10.23,38,4,1,-3.578,-15.7,91.7
57,3,0,0,0,0,3,3,0,2,2,2,0,2,2,2,0,0,2,2,0,2,2,2,2,0,0,2,2,2,2,2,2,2,2,2,2,2,2
,0.87,0.1921,1,0.85,0,1.227,2,108,0,1,1,1,0,1,1,0,5,4,0.0209,2,5,0.0209,0.05,0,3.3901,0.0007,1,2,2,1.98,-14.15,-9.84,67,11,0,5.642,-102.4,236.4
83,3,3,8,0,6,3,0,8,2,2,0,0,0,2,2,0,2,2,2,2,2,2,2,2,2,2,2,2,2,2,2,2,2,2,2,2,2,2
,0.908,0.1819,2,0.5,4,1.103,228,1,0,1,1,0,0,1,1,0,1,0,0.0248,2,1,0.0248,0.05,0,3.0048,0.002657,1,0,2,-1.645,-1.423,-0.5768,53,5,1,2.17,-83.83,189.83
72,3,3,8,0,0,3,3,0,2,2,2,2,2,2,2,0,2,2,2,2,2,2,2,2,2,2,2,2,2,2,2,2,2,2,2,0,0,0
,0.17,0.4345,3,0.005,4,2.326,281,102,1,0,1,0,0,1,1,1,3,4,0.0415,4,2,0.0415,0.05,1,1.96,0.0653,1,1,2,0.955,-10.665,-11.335,75,11,0,0.97,-141,268.5
49,0,3,0,0,0,3,3,8,2,2,0,2,0,2,2,2,0,2,2,0,2,2,2,0,0,0,0,2,2,0,0,0,2,2,2,0,0,0
,0.911,0.1811,,0.81,,2.326,293,104,1,0,1,1,1,1,1,0,4,3,0.0469,2,0,0.0469,0.05,0,1.198,,,,2,2.201,-9.25,-8.74,72,6,0,4.303,-82,226
72,3,3,0,0,0,3,3,8,2,2,2,2,2,0,2,2,2,2,2,2,2,2,2,2,2,0,0,0,2,2,2,2,2,2,2,2,2,2
,1.3,0.0975,0,0.9,4,1.598,108,127,1,0,0,1,1,0,0,1,5,5,0.0234,0,5,0.0234,0.05,0,1.4375,0.1506,0,3,2,2.354,-5.5,-2.5,39,6,0,2.383,0,110.6
90,3,3,8,6,6,3,3,0,2,2,2,2,2,2,0,2,2,2,2,2,2,2,2,2,2,2,2,2,2,2,2,2,2,2,2,2,2,2
,0.65,0.2582,3,0.929,6,1.476,266,101,1,0,1,0,0,1,1,1,1,1,0.0347,1,2,0.0347,0.05,0,1.315,0.1885,0,0,2,2.186,-5.71,-4.29,78,0,2,1.886,10.5,145.5
88,3,3,8,6,0,3,3,8,2,2,2,2,0,2,0,2,2,2,2,2,2,2,2,2,2,2,2,0,2,2,2,2,2,2,2,2,2,2
,0.37,0.3557,2,0.9,1,1.598,108.39,104,0,1,0,0,0,0,0,0,5,4,0.0471,3,3,0.0471,0.05,1,1.7753,0.07584,0,1,1,1.32,-3.13,-0.87,31,2,2,3.578,-45.6,114.3
68,3,3,0,6,0,3,3,8,2,2,0,0,0,2,0,2,2,2,2,2,2,2,2,0,2,2,2,2,0,2,2,2,2,0,2,2,0,0
,0.88,0.1894,7,0.9,3,1.555,195,103,0,1,1,1,0,1,1,0,5,3,0.0211,1,3,0.0211,0.03,1,2.425,0.0153,1,1,1,1.49,-9.7,8.3,33,8,1,3.896,-61.5,127.5
80,3,3,0,6,6,3,3,8,2,2,2,2,2,2,2,2,2,2,2,2,2,2,0,0,2,2,2,0,0,2,2,0,2,2,0,2,2,2
,0,0.5,2,0.368,2,-1.751,218,94,0,1,1,0,1,1,0,1,3,4,0.0374,5,0,0.0374,0.05,0,2.817,0.00484,1,0,2,-1.626,-8.35,-3.65,34,2,1,-2.105,-17,85
88,3,3,8,0,0,3,3,8,2,2,2,2,2,2,2,2,2,2,2,2,2,2,2,2,2,2,2,2,2,2,2,2,2,2,2,2,2,2
,1.12,0.1314,1,0.929,2,1.751,246,98,0,1,0,1,1,1,1,0,2,5,0.0431,4,1,0.0431,0.05,0,3.262,0.0011,1,1,2,1.836,-3.84,-0.16,38,9,0,6.965,-171.1,247.1
88,3,3,0,6,6,3,3,8,2,2,2,2,0,2,2,0,2,2,2,2,2,2,2,2,2,2,2,2,2,2,2,2,2,2,2,2,2,2
,cannot do,cannot do,3,0.75,1,1.476,135,108,0,1,0,1,1,1,1,0,1,1,0.0445,1,4,0.0445,0.05,0,1.816497704,0.06938,0,3,2,-1.352,-6.2,-3.8,89,9,1,6.963,-192.4,370.4
88,0,0,8,6,0,3,3,8,2,2,2,2,2,2,2,2,2,2,2,2,2,2,2,2,2,2,2,2,2,2,2,2,2,2,2,2,2,2
,0.62,0.2685,0,0.75,0,-1.08,263,90,0,1,1,0,1,1,0,0,3,3,0.0486,0,1,0.0486,0.05,0,3.477,0.0005,1,7,2,1.9,-2.35,0.35,106,7,0,-6.963,-340.2,552.2
98,3,3,8,6,6,3,3,8,2,2,2,2,2,2,0,2,2,2,2,2,2,2,2,2,2,2,2,2,2,2,2,2,2,2,2,2,2,2
,0,0.5,0,0.5,3,1.812,164,96,0,1,1,0,0,1,0,1,5,3,0.0261,0,2,0.0261,0.05,0,2.108,0.035,1,1,2,-1.447,-5.26,-4.74,72,7,0,-2.027,-42.7,186.7
92,3,3,8,0,6,3,3,8,2,2,2,2,0,2,2,2,2,2,2,2,2,2,2,2,2,2,2,2,2,2,2,2,2,2,2,2,2,2
,1.04,0.1493,4,0.938,2,1.058,280,107,1,0,1,0,0,0,1,0,3,5,0.0465,4,2,0.0465,0.05,0,1.1527,0.249,0,3,2,t,-8.355,-5.645,77,11,1,1.139,-70.9,224.9
84,3,3,8,6,6,3,3,8,2,2,0,2,0,0,2,0,2,2,2,2,2,2,2,2,2,2,2,2,2,0,2,2,2,2,2,0,0,0
,0.4,0.3445,7,0.78,3,-2.326,218,101,0,1,1,1,0,0,1,1,0,3,2,1,2,2,0.05,0,0.0432,0.0197,1,2,2,1.316,-4.18,-3.817,54,0,0,-1.881,-13.3,121.3
53,3,3,0,0,0,3,3,8,2,2,2,0,2,0,2,2,0,1,0,0,0,0,2,2,0,0,2,2,2,2,2,2,2,2,0,0,0,0
,0.8825,0.18875,4,0.9,5,1.695,270,96,1,0,0,1,1,1,0,0,2,1,0.028,2,1,0.028,0.05,0,2.6929,0.00708,1,4,2,1.975,-18.83,-13.16,55,10,1,3.897,-73.246,183.246
93,0,3,8,6,6,3,3,8,2,2,0,2,2,2,2,2,2,2,2,2,2,2,2,2,0,2,2,2,2,2,2,2,2,2,2,2,2,2
,1.15,0.1254,2,0.576,3,1.598,114,104,1,0,1,1,1,0,1,0,0,1,0.0239,0,2,0.0239,0.05,0,1.5945,0.1108,0,5,2,1.288,-4.82,-3.17,98,5,0,2.03,-2.6,198.6
88,3,3,8,0,6,3,3,8,2,2,2,2,2,2,0,0,2,2,2,2,2,2,2,2,2,2,2,0,2,2,2,2,2,2,2,2,2,2
,0.18,0.4279,1,0.833,5,1.44,160,105,0,1,1,1,0,0,1,1,5,4,0.0298,2,2,0.0298,0.05,0,2.959,0.002,1,2,2,1.654,-6.09,-3.91,126,1,0,1.886,12.8,239.2
97,0,3,8,6,6,3,3,8,2,2,2,2,2,2,2,2,2,2,2,2,2,2,2,2,2,2,2,2,2,2,2,2,2,2,2,2,2,2
,0.56,0.2861,3,0.875,2,1.036,157,105,1,0,1,1,1,0,1,0,1,1,0.0225,0,5,0.0225,0.05,0,2.136,0.0327,1,1,2,1.41291,-6.2,-1.8,44,6,0,3.104,-24.1,112.1
96,3,3,8,6,6,3,3,8,2,2,2,2,2,2,0,0,2,2,2,2,2,2,2,2,2,2,2,2,2,2,2,2,2,2,2,2,2,2
,0.77,0.2207,4,0.9,0,1.08,212,94,0,1,0,0,1,1,0,0,5,3,0.0378,4,1,0.0378,0.05,0,2.493,0.0128,1,1,2,1.538,-18.67,-13.32,74,1,1,4.303,-184.8,332.8
94,3,3,8,6,6,3,3,8,2,2,2,2,2,2,0,0,2,2,2,2,2,2,2,2,2,2,2,2,2,2,2,2,2,2,2,0,2,2
,0,0.5,0,0.875,1,2.17,263,5,0,1,1,0,0,0,0,1,1,5,0.0259,0,3,0.0259,0.05,0,3.172,0.0008,1,2,2,1.825,-9.74,-8.26,70,3,2,1.645,-2.2,142.2
76,3,3,0,6,6,3,3,0,2,2,2,0,2,0,2,2,2,2,2,2,2,2,2,2,2,2,2,2,2,2,2,2,2,2,0,0,2,2
,,0.3628,4,0.067,6,1.341,303,98,1,0,1,0,1,0,0,1,1,4,0.0462,0,0,0.0462,0.05,0,0.054,0.306,0,5,2,1.984,-7.9999,,103,6,1,-2.761,-34.1,240.1
81,0,3,8,0,6,3,3,8,2,2,2,0,2,2,2,2,2,2,2,2,2,2,2,2,0,0,2,2,2,2,0,0,2,2,2,2,2,2
,0.44,0.3287,0,0.833,2,1.44,113,99,1,0,0,0,0,1,1,1,4,1,0.0219,1,1,0.0219,0.05,0,1.706,0.0882,0,6,2,2.617,-3.55,1.55,41,3,2,4.303,-88.3,170.3
75,0,3,0,6,6,3,3,8,2,2,0,0,2,2,2,0,2,2,2,2,0,2,2,2,0,2,2,0,2,2,2,2,2,2,2,0,2,2
,1.020408,0.1537675,3,0.75,5,1.281552,169,110,0,1,0,1,0,1,1,1,5,5,0.0288,2,5,0.0288,0.05,0,3.471094,0.00051834,1,5,2,1.893655,-15.48368,-10.51632,126,7,1,6.964557,-320.3298,572.3298
100,3,3,8,6,6,3,3,8,2,2,2,2,2,2,2,2,2,2,2,2,2,2,2,2,2,2,2,2,2,2,2,2,2,2,2,2,2,2
,1.03,0.1506,3,0.929,3,1.812,207,cannot do,0,1,1,1,1,0,0,1,1,2,0.0206,2,2,0.0206,0.05,0,1.4674,0.1423,0,6,2,2.327,-4.65,-3.35,78,7,1,-9.92,-483.3,639.3
78,3,3,8,6,0,3,3,0,2,2,0,0,2,0,0,2,2,2,2,2,2,2,2,2,2,2,2,2,2,2,2,2,2,2,2,2,2,2
,0.56,0.2877,1,0.833,1,1.405,288,103,0,1,1,1,0,1,0,1,0,5,0.0368,4,3,0.0368,0.05,0,-1.169,0.2424,0,0,2,-2.109,-10.13,-3.87,15,9,0,-2.92,-6.9,36.9
98,3,3,8,6,6,3,3,8,2,2,2,2,2,2,2,2,2,2,2,2,2,2,2,2,0,2,2,2,2,2,2,2,2,2,2,2,2,2
,0.041,0.4835,10,0.02,1,1.555,238,97,0,1,0,0,1,1,0,1,2,5,0.0337,3,4,0.0337,0.05,0,0.0415,0.1439,0,8,2,2.602,-6.008,-3.992,57,0,2,4.849,-138.97,252.97
77,0,3,0,0,6,3,3,8,2,2,0,2,2,2,2,2,2,2,2,2,2,2,2,2,0,0,2,2,2,2,2,2,2,2,2,2,2,2
,0.47,0.3183,4,0.875,1,1.44,114,90,0,1,0,0,1,1,1,1,3,0,0.03,0,1,0.03,0.05,0,1.499,0.134,0,2,2,2.6,-6.95,-5.05,57,10,0,2.495,-55.4,169.4
100,3,3,8,6,6,3,3,8,2,2,2,2,2,2,2,2,2,2,2,2,2,2,2,2,2,2,2,2,2,2,2,2,2,2,2,2,2,2
,0.66,0.254,2,0.833,6,1.311,297,103,0,1,0,1,0,1,1,1,3,5,0.0266,3,3,0.0266,0.05,0,1.56,0.1187,0,2,2,2.351,-6.45,-1.55,40,11,0,1.954,-2.9,82.9
92,3,3,0,6,6,3,3,8,2,2,2,2,2,2,2,2,2,2,2,2,2,2,2,2,2,2,2,2,2,2,2,2,2,2,2,2,2,2
,1.22,0.1112,3,0.917,5,1.282,290,102,0,1,0,0,1,1,1,1,2,0,0.0238,5,0,0.0238,0.05,0,2.2489,0.0245,1,1,3,1.488,-5.28,-2.72,38,8,1,1.861,-17.9,93.9
88,3,3,0,6,6,3,3,8,2,2,2,2,2,2,2,2,2,2,2,2,2,2,2,2,2,2,2,2,0,2,2,2,2,2,2,0,2,2
,1.05,0.8537,2,0.875,6,1.15,193,102,0,1,0,1,0,1,1,1,4,4,0.0268,5,0,0.0268,0.05,0,2.5873,0.00968,1,5,2,1.523,-3.13,-0.87,33,2,0,2.19,-32.7,98.7
91,3,0,8,0,6,3,3,8,2,2,2,2,2,2,2,2,2,2,2,2,2,2,2,2,2,2,2,2,2,2,2,2,2,2,2,2,2,2
,0.43,0.6675,0,0.9,2,2.576,158,109,0,1,0,1,1,1,1,0,4,2,0.0412,4,2,0.0412,0.05,0,2.429,0.0076,1,7,2,1.993,-2.39,0.39,106,11,1,1.751,27.1,184.9
81,3,0,8,6,0,3,3,8,2,2,2,2,2,2,2,2,2,2,2,2,2,2,2,2,0,0,2,2,2,2,2,2,2,0,0,0,2,2
,1.27,0.1019,1,0.875,3,1.341,210,94,0,1,0,1,0,0,0,0,4,0,0.0421,0,3,0.0421,0.05,0,1.549,0.1214,0,6,2,2.639,-10.39,-1.61,98,7,1,1.886,13.1,182.9
92,3,3,8,6,6,3,3,8,2,2,0,2,0,0,2,2,2,2,2,2,2,2,2,2,2,2,2,2,2,2,2,2,2,2,2,0,2,2
,0.88,0.1906,1,0.833,3,1.514,223,94,1,0,0,0,0,0,1,1,1,5,0.0478,4,0,0.0478,0.05,0,2.982,0.0029,1,5,2,1.711,-2.51,-1.49,25,4,0,4.849,-53.4,103.4
92,3,3,8,6,6,3,3,8,2,2,0,0,0,2,0,2,2,2,2,2,2,2,2,2,2,2,2,2,2,2,2,2,2,2,2,2,2,2
,0.64,0.2599,1,0.9,1,1.695,169.474,100,0,1,0,1,1,0,1,1,0,3,0.0299,2,3,0.0299,0.05,0,1.698,0.0896,1,3,0,,-13.48,-10.52,50,0,0,-2.92,-46.094,
82,3,3,0,6,6,3,3,8,2,2,2,2,2,2,2,2,2,2,2,2,2,2,2,2,0,2,0,2,0,0,2,2,2,2,2,2,2,0
,0.45,0.3264,8,0.667,6,2.326,136,95,0,1,0,1,0,1,1,1,3,4,0.0433,4,1,0.0433,0.05,0,1.7991,0.036,1,4,2,1.353,-21.42,-6.58,102,2,2,2.622,-25.2,229.2
70,3,3,0,0,0,3,3,8,2,2,2,2,2,2,2,2,0,2,2,0,2,2,2,2,2,0,2,2,2,2,0,0,2,2,2,2,2,2
,idk,idk,1,0.45,1,1.311,280,108,0,1,0,0,1,0,1,0,4,1,0.0325,1,5,0.0325,0.05,0,2.24,0.0248,1,4,2,1.483,-6.14,-3.86,101,9,0,1.561,25.3,176.7
82,0,0,8,0,6,3,3,8,2,2,0,2,2,2,2,0,2,2,2,2,2,2,2,2,2,2,2,2,2,2,2,2,2,2,2,0,2,2
,0.93,0.1759,2,0.9,6,1.96,245,95,0,1,0,1,1,0,1,1,0,3,0.0383,5,5,0.0383,0.05,0,3.1079,0.0019,1,5,2,1.782,-12.78,-5.22,79,5,2,3.578,-162.7,320.7
100,3,3,8,6,6,3,3,8,2,2,2,2,2,2,2,2,2,2,2,2,2,2,2,2,2,2,2,2,2,2,2,2,2,2,2,2,2,2
,0.29,0.3859,4,0.1,6,1.103,149,109,1,0,0,1,1,0,1,0,5,5,0.0321,0,1,0.0321,0.05,0,2.449,0.0143,1,1,2,1.521,-15.1,-12.9,75,4,0,4.303,-81.5,231.5
85,0,3,8,0,6,3,3,8,2,2,2,2,2,0,0,0,2,2,2,2,2,2,2,2,2,2,2,2,2,2,2,2,2,2,2,2,2,2
,0.81,0.20897,10,0.938,3,1.695,237,384,0,1,0,1,1,0,1,1,5,0,0.0302,5,2,0.0302,0.05,0,1.665,0.048,1,8,2,1.761,-1.78,-0.22,45,4,2,3.578,-80.2,170.2
68,3,3,0,6,0,3,3,0,2,2,2,2,2,2,2,2,2,2,2,2,2,2,2,2,0,0,2,0,2,2,2,2,2,2,2,2,0,0
,0.07,0.4721,2,0.929,4,1.439,141,90,0,1,0,1,1,1,1,0,3,0,0.032,2,3,0.032,0.05,0,1.836,0.0667,0,4,2,1.3459,-3.41,-0.59,25,5,0,2.92,-10.4,60.4
93,0,3,8,6,6,3,3,8,2,2,2,2,0,2,2,0,2,2,2,2,2,2,2,2,2,2,2,2,2,2,2,2,2,2,2,2,2,2
,1.01,0.1555,9,0.4537,6,-1.751,161,28,1,0,0,0,1,0,1,1,2,2,0.0432,0,1,0.0432,0.05,0,1.953,0.0508,0,6,2,1.418,-13.4,-10.6,149,2,2,2.19,-10.3,308.3
62,3,3,0,0,0,3,3,0,2,2,0,2,2,0,2,0,0,2,2,0,2,2,2,2,2,2,2,2,2,2,2,2,2,2,2,2,2,2
,1.12,0.1314,5,0.9,2,1.2,196,99,0,1,0,1,1,1,0,1,0,2,0.0273,5,0,0.0273,0.05,0,3.0832,0.00204,1,1,2,1.706,-1.78,-0.22,38,3,0,3.32,-61.7,137.7
100,3,3,8,6,6,3,3,8,2,2,2,2,2,2,2,2,2,2,2,2,2,2,2,2,2,2,2,2,2,2,2,2,2,2,2,2,2,2
,0.29,0.6124,8,0.875,2,2.17,158.47,110,0,1,1,1,0,1,0,1,1,4,4.32,3,5,4.32,0.05,2,cannot do,cannot do,2,9,2,1.49,-8.69,-7.31,64,2,0,2.19,33.65446,94.34554
51,3,0,0,0,0,3,3,8,2,2,2,0,0,0,0,2,0,2,0,0,2,0,2,0,0,0,2,2,2,2,2,2,2,0,2,0,2,2
,0.43,0.334,1,0.5,5,1.96,111,106,0,1,1,0,1,0,1,1,5,5,0.035,3,5,0.035,0.05,0,0.444,0.65704,0,2,2,0.925,-7.912,-2.088,59,2,1,0.95,-59,177
80,3,3,8,0,6,3,3,8,2,2,2,2,2,2,2,2,2,2,2,2,2,2,2,2,0,2,2,2,2,0,0,0,2,2,2,0,0,0
,0.52,0.3021,2,0.9,1,1.695,205,93,0,1,0,1,1,1,1,0,3,3,0.0309,5,2,0.0309,0.05,0,1.762,0.0781,0,3,2,1.3503,-12.14,-11.86,122,3,1,4.848,-188.7,432.7
88,3,3,8,6,6,3,3,8,2,2,0,0,2,2,0,0,2,2,2,2,2,2,2,2,2,2,2,0,2,2,2,2,2,2,2,0,2,2
,0.17,0.4322,0,0.917,6,1.405,1.46,52,0,1,0,0,1,1,0,1,1,5,0.0311,5,5,0.0311,0.05,0,0.0638,0.0638,0,4,0,1.386,-6.45,-3.55,36,6,2,1.953,-11.4,83.4
52,0,3,0,6,6,3,0,0,2,2,0,0,0,2,0,0,0,2,2,0,2,2,2,2,0,0,2,0,0,2,0,0,2,2,2,2,2,2
,0.26,0.3993,1,0.917,2,1.475,144,103,0,1,1,0,0,0,1,0,4,0,0.0419,2,2,0.0419,0.05,0,1.986,0.047,1,8,2,1.38,-2.58,0.53,58,3,1,1.886,-26.9,142.9
82,3,3,0,6,6,3,3,8,2,2,0,0,0,2,2,0,2,2,2,2,2,2,2,2,2,2,2,2,2,2,2,2,2,2,2,0,2,2
,cannot do,cannot do,0,0.5,6,1.036,810,103,0,1,1,0,0,0,1,1,0,5,0.026,5,0,0.026,0.05,1,,,0,3,2,1.655,-9.84,-8.16,46,0,0,,,
61,0,0,8,0,6,3,0,8,2,2,2,2,0,0,0,2,2,2,2,2,2,2,2,0,0,0,0,0,2,2,2,2,2,0,2,0,0,0
,0.94,0.1736,8,0.167,2,1.514,156,91,0,1,1,0,0,1,1,0,0,3,0.0396,1,3,0.0396,0.05,1,1.96,1.96,1,5,2,0.08,-16.04,-11.96,134,0,1,0.045,130.9,137.1
62,3,3,0,0,6,3,3,8,2,2,0,0,2,2,2,0,2,2,2,2,2,2,2,0,0,0,0,0,2,0,2,2,2,2,2,0,0,0
,0.76,0.2236,0,1,5,1.15,250,91,0,1,0,1,0,1,1,1,4,5,0.0242,3,5,0.0242,0.05,0,-2.645,0.0041,0,3,2,1.826,-17.53,-16.47,39,8,2,3.104,-11.2,89.2
88,3,3,8,0,6,3,3,8,2,2,2,2,2,2,2,2,2,2,2,2,2,2,2,2,0,0,0,2,2,2,2,2,2,2,2,2,2,2
,0.19,0.4239,0,0.875,4,1.598,166,108,0,1,0,1,0,1,1,1,0,5,0.0232,2,3,0.0232,0.05,0,2.236,0.0254,1,5,0,,-5.77,-4.23,78,7,0,1.178,43.017,112.983
80,3,3,8,0,0,3,3,8,2,2,2,2,2,2,2,2,2,2,2,2,2,2,2,2,2,2,2,2,0,0,2,2,2,0,2,0,2,2
,idk,idk,1,0.003,3,1.058,162,110,0,1,0,0,1,1,1,1,5,1,0.0493,4,4,0.0493,0.05,0,1.652,0.071038,0,0,2,1.486,-3.19,-0.81,254.466,0,1,1.886,114.194,395.126
70,0,0,8,0,0,3,3,8,2,2,0,2,2,2,2,0,2,2,2,2,2,2,2,2,0,0,2,0,2,2,2,2,0,2,2,2,2,2
,0.75,0.2266,0,0.125,2,-1.311,277,85,1,0,0,1,1,1,0,1,0,4,0.0342,1,2,0.0342,0.05,0,1.7,0.955,0,7,2,-1.346,-10.76,98.76,44,9,2,-2.496,-10.76,98.76
70,3,3,0,0,6,3,3,0,2,2,2,2,2,2,2,2,2,2,2,2,2,2,2,2,0,0,2,2,2,2,0,0,2,2,2,2,2,2
,0.5,0.6926,0,0.929,,1.695,113,96,0,1,1,1,0,0,0,0,5,2,0.0459,2,2,0.0459,0.05,1,,0.1286,0,6,2,2.627,-14.69,-9.31,41,5,1,64.1,-23.1,105.1
69,3,0,0,6,0,3,3,8,2,2,2,2,2,0,2,0,2,2,2,2,2,2,2,0,0,2,2,2,2,2,2,2,2,2,2,0,0,0
,0.31,0.3801,4,0.75,3,1.103,184,91,1,0,1,0,1,0,1,1,3,3,0.0446,0,4,0.0446,0.05,0,2.6515,0.008,1,3,2,-6.166,-18,0,12,8,1,1.695,5.1,18.9
92,3,3,8,6,6,3,3,8,2,2,2,0,2,2,2,0,2,2,2,2,2,2,2,2,2,2,2,2,2,0,2,2,2,2,2,0,2,2
,cannot do,cannot do,1,0.833,6,1.695,158,100,1,0,1,1,0,1,0,0,1,1,0.0226,0,4,0.0226,0.05,0,2.203,0.0275,1,2,2,1.406,-5.94,-4.06,104,8,2,2.027,-29.4,237.4
92,0,0,8,6,6,3,3,8,2,2,2,2,0,2,2,2,2,2,2,2,2,2,2,2,2,2,2,2,2,2,2,2,2,2,2,2,2,2
,0,0.5,4,0.75,4,2.576,191,109,0,1,0,1,1,1,1,0,3,1,0.0282,3,4,0.0282,0.05,0,2.53,0.0114,1,3,2,1.522,-6.98,-3.02,76,0,1,2.76,-72.2,224.2
100,3,3,8,6,6,3,3,8,2,2,2,2,2,2,2,2,2,2,2,2,2,2,2,2,2,2,2,2,2,2,2,2,2,2,2,2,2,2
,0.87,0.1922,5,0.817,3,1.175,150,102,1,0,1,1,1,0,1,0,5,0,0.0238,3,5,0.0238,0.05,0,1.72,0.0854,0,4,2,1.413,-8.76,-7.24,23,8,1,2.105,6,40
82,3,3,8,0,0,3,3,8,2,2,2,2,2,0,0,2,2,2,2,2,2,2,2,2,0,2,2,2,2,2,2,2,2,2,2,2,2,2
,0.2083,0.4175,1,0.001,3,1.341,17,7,0,1,1,1,0,0,0,1,3,5,0.0285,2,1,0.0285,0.05,1,48,0.0536,0,3,2,1.04,70,90,137,10,2,0.384,69,198
44,0,3,8,0,0,3,0,0,2,2,2,0,2,0,0,2,0,2,2,0,2,2,2,0,0,0,2,0,2,0,0,0,2,2,2,0,0,0
,0.637564714,0.26109,2,0.9,1,2.054,127,99,0,1,0,1,1,1,1,1,0,2,0.0488,2,5,0.0488,0.05,0,2.042203,0.04114,1,5,2,1.415,-14.913267,-11.08673,32,7,0,3.578,-21.70974084,85.70974084
90,3,3,0,6,6,3,3,8,2,2,2,0,2,2,2,2,2,2,2,2,2,2,2,2,2,2,2,2,2,2,2,2,2,2,2,2,2,2
,0.24,0.4052,2,0.125,5,1.126,199,102,1,0,0,0,1,1,1,0,2,5,0.0203,1,5,0.0203,0.05,0,2.577,0.001,1,0,2,1.566,-4.65,-3.35,49,11,1,5.642,-153,251
86,3,3,8,0,6,3,3,8,2,2,0,2,2,2,0,0,2,2,2,2,2,2,2,2,2,0,2,2,2,2,2,2,2,2,2,2,2,2
,0.49,0.3121,3,0.75,0,1.103,196,110,1,0,1,1,0,0,1,1,0,2,0.0348,1,4,0.0348,0.05,0,2.64,0.00828,1,2,2,1.59,-2.407,0.4078,54,10,2,2.384,-3.8,111.8
100,3,3,8,6,6,3,3,8,2,2,2,2,2,2,2,2,2,2,2,2,2,2,2,2,2,2,2,2,2,2,2,2,2,2,2,2,2,2
,0.29,0.3855,2,0.5,3,2.576,733,101,0,1,0,0,1,1,1,1,3,0,0.0435,0,5,0.0435,0.05,0,0.958,0.3381,0,5,2,1.529,5.54,6.46,79,1,0,2.92,0,256.6
75,3,3,0,0,6,3,0,8,2,2,2,2,2,2,2,2,2,2,2,2,2,2,2,2,0,2,2,2,2,2,0,0,2,2,2,2,2,0
,1.07,0.1432,9,0.5,2,1.175,255,92,0,1,1,0,1,0,1,1,3,4,0.0245,5,4,0.0245,0.05,0,1.9966,0.0459,1,7,2,1.38,-16.31,-13.7,52,1,2,1.954,4.618,99.382
86,3,3,0,0,6,3,3,8,2,2,2,2,2,2,2,2,2,2,2,2,2,2,2,2,2,2,2,2,2,2,2,2,2,2,2,2,2,2
,0.38,0.648,4,0.873,5,1.311,169,102,0,1,1,0,1,0,1,1,0,1,0.0289,1,2,0.0289,0.05,0,2.2592,0.0239,1,2,2,1.446,-3.23,-2.77,117,9,0,4.303,-126.5,360.5
88,0,0,8,0,6,3,3,8,2,2,2,2,2,2,2,2,2,2,2,2,2,2,2,2,2,2,2,2,2,2,2,2,2,2,2,2,2,2
,0.82,0.7922,3,0.271,3,1.175,317,170,0,1,0,1,1,0,1,1,3,1,0.0446,4,5,0.0446,0.05,0,0.0578,0.0656,1,4,2,,,,26,11,1,1.372,,
54,3,0,8,0,0,0,3,0,2,2,2,2,2,2,2,2,2,2,2,2,2,2,2,2,0,0,0,2,2,0,0,0,2,0,2,0,0,0
,0.36,0.3594,4,0.875,0,1.514,102,105,0,1,1,0,1,1,1,0,4,2,0.0311,3,2,0.0311,0.05,0,1.133,0.2576,0,3,2,2.326,-2.4,-1.6,104,3,0,2.299,-103.1,313.1
94,3,3,8,6,6,3,3,8,2,2,2,2,2,2,2,2,2,2,2,2,2,2,2,2,0,2,2,2,2,2,2,2,2,2,2,0,2,0
,0.19,0.4242,1,0.833,0,2.054,132,90,0,1,0,1,0,1,0,1,2,5,0.0478,3,4,0.0478,0.05,0,1.834,0.0672,0,3,0,1.34,-8.79,-11.21,36,1,2,2.92,-11.2,83.2
88,3,3,8,6,6,3,3,8,2,2,0,2,0,0,2,2,2,2,2,2,2,2,2,2,2,2,2,2,0,2,0,0,2,2,2,2,2,2
,0.06,0.4757,2,0.857,2,2.326,13,10,0,1,0,0,1,1,1,1,4,4,0.049,3,4,0.049,0.05,0,2.196,0.0281,1,4,2,1.449,-7.86,-4.14,72,10,0,2.282,-41.3,185.3
80,0,3,8,0,6,3,0,0,2,2,2,2,2,2,2,2,2,2,2,2,2,2,2,2,2,2,2,2,2,2,2,2,2,2,2,2,2,2
,0.26,0.3961,9,0.9,0,1.405,242,27,0,1,0,1,1,0,0,1,1,0,0.0214,0,5,0.0214,0.05,0,3.153,0.0016,1,7,2,1.75,-6.54,-5.46,21,2,0,2.104,0,52.5
78,3,3,0,6,6,3,3,0,2,2,2,0,2,0,0,2,2,2,2,2,2,2,2,2,2,2,2,2,2,2,2,2,2,2,2,2,2,2
,0.52,0.3017,1,0.1,3,1.476,161,111,1,0,0,1,1,0,1,1,4,3,0.0253,3,3,0.0253,0.05,0,2.131,0.0331,1,1,2,1.413,-4.74,-1.26,22,10,0,2.621,-20.4,64.4
86,3,3,0,0,6,3,3,8,2,2,2,2,2,2,2,2,2,2,2,2,2,2,2,2,2,2,2,2,2,2,2,2,2,2,2,2,2,2
,0.73,0.2336,1,,1,2.576,160,105,0,1,0,1,1,1,1,0,2,0,0.0429,0,4,0.0429,0.05,0,3.1406,0.00168,1,0,2,1.773,-4.54,-3.46,100,1,1,2.19,-44.1,244.1
94,3,3,8,0,6,3,3,8,2,2,2,2,2,2,2,2,2,2,2,2,2,2,2,2,2,2,2,2,2,2,2,2,2,2,2,2,2,2
,1.76,0.04,3,0.5,5,-1.555,209,110,0,1,1,1,0,1,1,1,3,1,0.0254,5,1,0.0254,0.05,0,0.406,0.3422,0,3,2,-2.071,-22.64,-3.36,37,6,0,-2.326,-21.68,95.68
62,3,3,0,0,0,3,3,8,2,2,0,2,2,2,2,2,2,2,2,2,2,2,2,2,0,0,2,2,2,2,0,0,2,2,0,0,0,0
,0.06,0.4761,0,0.254,0,1.15,164,95,1,0,1,0,1,0,1,0,1,2,0.0424,5,4,0.0424,0.05,0,2.2251,0.0261,1,2,2,1.419,16.36,19.64,104,7,2,2.496,-19.9,227.9
77,0,3,8,0,0,3,3,8,2,2,2,2,2,0,2,2,2,2,2,2,2,2,2,2,2,2,2,0,2,2,0,0,2,2,2,2,2,2
,0.79,0.7852,10,0.714,4,1.341,215,100,0,1,1,0,0,1,1,1,3,2,0.0298,0,1,0.0298,0.05,0,2.742,0.0061,1,6,2,1.654,-2,0,139,6,2,1.886,11.6,266.4
69,3,0,0,0,0,3,3,0,2,2,2,2,2,2,2,2,2,2,2,2,2,2,2,2,2,2,2,2,2,2,2,2,2,2,2,2,2,2
,cannot do,cannot do,0,0.5,0,1.44,176.1,90,0,1,0,1,0,0,1,1,2,5,0.0315,4,5,0.0315,0.05,0,1.826,0.06786,0,8,,1.346,-4.25,-1.75,24,0,0,2.761,-8.75,56.75
82,0,0,8,0,6,3,3,8,2,2,2,2,0,2,2,2,2,2,2,2,2,2,2,2,2,2,2,0,0,2,2,2,2,2,2,2,2,2
,-0.49,0.6886,1,0.003,2,1.341,251,98,0,1,0,0,1,1,1,1,3,3,0.0245,2,3,0.0245,0.05,0,3.244,0.00118,1,5,2,2.737,-11.64,-8.36,102,4,1,2.761,-35.1,239.1
83,0,3,8,0,6,3,3,8,2,2,2,2,2,2,2,2,2,2,2,2,2,2,2,2,2,2,2,2,2,0,2,2,2,0,2,2,0,0
,0.3,0.3821,1,0.003,4,1.15,229,108,1,0,0,1,0,0,1,1,5,4,0.0269,2,4,0.0269,0.05,0,2.957,0.0016,1,4,2,1.706,-14.05,-11.95,113,1,2,1.886,11.7,214.3
85,0,3,8,0,6,3,3,8,2,2,0,2,0,2,2,0,2,2,2,2,2,2,2,2,2,2,2,2,2,2,2,2,2,2,2,2,2,2
,1.126761,0.12992,1,0.9,4,-2.326,186,91,0,1,1,0,1,1,0,1,0,5,0.0451,5,0,0.0451,0.05,0,2.402724,0.01628,1,6,2,1.528,-13.53302,-12.46698,73,3,0,-1.954,-24.02025,170.0202
100,3,3,8,6,6,3,3,8,2,2,2,2,2,2,2,2,2,2,2,2,2,2,2,2,2,2,2,2,2,2,2,2,2,2,2,2,2,2
,1.13,0.1292,3,0.938,3,1.372,274,110,0,1,1,0,1,1,1,0,1,2,0.0434,0,0,0.0434,0.05,0,2.211,0.0271,1,7,2,1.489,-2.99,0.99,112,5,1,1.838,8,216
90,3,3,0,6,6,3,3,8,2,2,2,2,2,2,2,2,2,2,2,2,2,2,2,2,2,2,2,2,2,2,2,2,2,2,2,0,2,2
,0.5,0.3085,2,0.875,6,1.15,221,110,0,1,1,0,0,1,1,0,4,3,0.0468,3,1,0.0468,0.05,0,2.201,0.0277,1,1,2,1.45,-2.58,0.58,30,2,2,2.282,-10.8,70.8
82,3,3,0,6,0,3,3,8,2,2,2,2,2,2,2,0,2,2,2,2,2,2,2,2,2,2,2,2,2,2,2,2,2,2,2,0,2,2
,0,0.5,5,0.857,6,1.126,214,94,0,1,1,1,0,0,0,1,2,2,0.0276,1,3,0.0276,0.05,0,2.0303,0.04232,1,8,2,1.412,-8.26,-7.74,14,6,1,3.578,-0.5,28.5
92,3,3,8,0,6,3,3,8,2,2,2,2,0,2,2,2,2,2,2,2,2,2,2,2,2,2,2,2,2,2,2,2,2,2,2,2,2,2
,0,0.5,1,0.917,1,-1.227,18203,104,0,1,0,1,1,0,1,1,4,5,0.0269,2,3,0.0269,0.05,0,2.500576,0.01239917,1,4,2,-1.523,-4.624394,-5.375606,99,7,0,0.07,-16.6,214.6
91,3,3,8,6,6,3,0,8,2,2,2,2,2,2,2,2,2,2,2,2,2,2,2,2,2,2,2,2,2,2,0,0,2,2,2,0,2,2
,0.28,0.3897,11,0.25,4,1.2,182,97,0,1,0,0,0,1,1,0,2,3,0.0445,4,0,0.0445,0.05,0,2.3423,0.0096,1,0,2,1.489,-6.51,-3.49,34,1,0,2.761,-33.7,101.5
64,3,3,0,0,0,3,3,8,2,2,0,0,0,0,0,0,2,2,2,2,2,2,2,2,2,0,2,2,2,2,2,2,2,0,2,2,2,2
,0.88,0.1894,1,0.9,6,1.598,108,91,1,0,1,0,0,1,0,1,1,3,0.0279,3,5,0.0279,0.05,1,1.96,0,1,4,2,1.522,-17.38,-14.62,31,11,0,103.586,-72.6,134.6
80,3,3,8,6,6,3,3,8,2,2,2,2,0,2,2,2,2,0,2,2,2,2,2,0,0,0,2,0,2,2,2,2,2,0,2,0,0,0
,1.26,0.1038,0,0.833,4,1.514,131,106,0,1,0,1,1,1,0,1,4,0,0.0433,2,1,0.0433,0.05,1,1.979,0.0479,1,4,2,1.372,-9.74,-6.26,21,0,2,1.953,-10.6,52.6
94,3,3,8,6,6,3,3,8,2,2,2,2,0,2,0,2,2,2,2,2,2,2,2,0,2,2,2,2,2,2,2,2,2,2,2,2,2,2
,0.57,0.2843,2,0.875,6,1.036,220,91,0,1,0,1,1,1,1,1,3,5,0.0432,2,4,0.0432,0.05,0,2.154,0.0312,1,5,2,1.4528,-6.11,-1.89,34,10,2,4.303,-60.4,128.4
98,3,3,8,6,6,3,3,8,2,2,2,2,2,2,2,0,2,2,2,2,2,2,2,2,2,2,2,2,2,2,2,2,2,2,2,2,2,2
,0.24,0.4052,0,0.929,3,2.054,162,105,0,1,1,0,1,0,1,1,0,3,0.0464,0,4,0.0464,0.05,0,2.239,0.0252,1,4,2,1.41,-2.11,0.11,34,7,0,2.282,-2.9,70.9
92,3,3,0,6,6,3,3,8,2,2,2,2,2,2,2,2,2,2,2,2,2,2,2,2,2,2,2,2,2,2,2,2,2,2,2,2,2,2
,0.42,0.3377,3,0.364,2,1.103,383,37,0,1,0,0,1,1,1,1,1,4,0.0467,5,2,0.0467,0.05,0,-1.3066,0.19314,0,3,2,1.383,-4.61,-3.39,58,11,0,1.613,1700.75,
63,3,3,8,0,0,3,0,0,2,2,2,0,0,2,2,2,2,2,2,2,2,2,2,2,0,2,2,2,2,2,2,2,2,0,2,0,0,0
,0.31,0.3783,2,200,3,1.645,287,93,0,1,0,1,0,1,1,1,1,1,0.0208,4,4,0.0208,0.05,0,1.316,0.18818,0,7,2,0.015,-11.33,-6.67,58,4,2,0.07,-38.3,154.3
82,3,3,0,0,6,3,3,8,2,2,2,2,2,2,2,2,2,2,2,2,2,2,2,2,2,2,2,2,2,0,2,2,2,2,2,0,2,2
,1.07,0.1416,1,0.929,2,1.96,226,90,0,1,0,1,1,0,1,1,1,0,0.0421,2,2,0.0421,0.05,0,2.909,0.0036,1,6,1,1.665,-3.37,-0.63,22,9,2,2.104,-12,56
82,3,3,0,6,6,3,3,8,2,2,0,2,0,0,2,0,2,2,2,2,2,2,2,2,2,2,2,2,0,2,2,2,2,2,2,2,2,2
,0.1,0.4602,0,0.875,1,1.405,233,100,0,1,0,0,0,1,0,0,2,0,0.0324,2,0,0.0324,0.05,0,1.426,0.077,0,8,2,1.766,-8.81,-7.19,29,5,0,1.796,-11.4,69.4
69,0,3,0,6,6,3,3,8,2,2,0,0,0,0,0,2,2,2,2,2,0,2,2,2,0,0,2,0,2,2,2,2,2,2,2,0,2,2
,0.17,0.4338,0,1,1,1.372,119,105,0,1,1,1,0,0,1,1,5,3,0.0218,2,1,0.0218,0.05,0,1.851,0.0642,0,7,2,0.09,-5.15,-2.85,122,8,2,0.085,2.9,241.1
84,3,3,8,0,0,3,3,8,2,2,2,2,2,2,2,2,2,2,2,2,2,2,2,2,2,2,2,2,2,0,2,2,2,2,2,0,2,2
,0.683,0.2473,3,0.421,6,1.514,221,23,0,1,1,0,1,1,0,1,0,5,0.0431,3,2,0.0431,0.05,0,2.9367,0.0033172,1,4,2,1.664,-13.88,-12.12,72,2,1,2.496,-69.2,213.2
86,3,3,8,0,6,3,3,0,2,2,2,2,2,2,2,2,2,2,2,2,2,2,2,2,2,2,2,2,2,2,2,2,2,2,2,2,2,2
,0.48,0.3164,1,,6,1.311,15,221,0,1,0,1,1,1,0,1,2,3,0.0456,2,0,0.0456,0.05,0,2.057,0.0397,1,4,2,,,,82,9,1,-1.901,5.1,158.9
67,3,3,8,0,6,3,0,0,2,2,0,2,2,0,2,2,2,2,2,2,2,2,2,2,2,2,2,2,2,0,0,0,2,2,2,0,0,0
,0.95,0.1717,1,0.929,5,1.227,210,103,0,1,0,1,0,1,1,1,0,4,0.0368,2,0,0.0368,0.05,0,1.764,0.0777,0,4,2,1.36,-13.27,-8.73,82,10,1,2.2,3.1,127.6
84,3,3,0,6,6,3,3,8,2,2,2,2,2,2,2,2,2,2,2,2,2,2,2,2,2,2,2,2,2,2,2,2,2,0,2,0,0,0
,0.83,0.2033,1,0.9167,1,1.598,205,93,1,0,1,1,1,0,1,0,0,2,0.0391,4,4,0.0391,0.05,0,2.8964,0.0038,1,4,2,1.999,-20.09776,-13.90224,20,8,0,2.027,3.1,36.9
82,3,3,0,6,6,3,3,8,2,2,0,2,0,0,2,0,2,2,2,2,2,2,2,2,2,2,2,2,2,0,2,2,2,2,2,2,2,2
,0.07,0.4721,3,0.75,0,1.08,274,10,1,0,1,0,0,1,1,1,5,5,0.0423,2,2,0.0423,0.05,0,1.04,0.2983,0,1,2,2.089,-16.78,-13.23,123,11,0,5.642,-219,465
77,0,3,8,6,0,3,3,0,2,2,2,2,2,2,2,2,0,2,2,0,2,2,2,2,0,2,2,2,2,2,2,2,2,2,2,2,2,2
,0.78,0.2187,4,0.833,6,1.282,128,95,0,1,1,0,1,1,1,0,1,3,0.0305,4,0,0.0305,0.05,0,2.95271,0.0031,1,4,2,1.654,-11.54,-8.46,124,6,1,5.642,-237.6,485.6
100,3,3,8,6,6,3,3,8,2,2,2,2,2,2,2,2,2,2,2,2,2,2,2,2,2,2,2,2,2,2,2,2,2,2,2,2,2,2
,0.13,0.4483,5,0.9,6,1.2,115,91,0,1,1,0,0,1,1,1,3,4,0.0276,4,0,0.0276,0.05,0,1.6101,0.107,0,0,2,1.288,-1.82,-0.18,71,1,0,2.353,-32.2,174.2
93,0,3,8,6,6,3,3,8,2,2,2,2,2,2,2,2,2,2,2,2,2,2,2,2,2,2,2,0,2,2,2,2,2,2,2,0,2,2
,,,3,,,1.555,217,110,0,1,1,0,1,0,0,1,,,,,,,,,,,,,,,,,,,,,,
20,0,0,0,0,0,3,3,8,2,2,2,0,0,0,0,0,0,0,0,0,0,0,0,0,0,0,0,0,0,0,0,0,0,0,0,0,0,0
,0.18,0.4304,1,0.25,2,1.44,140,1109,0,1,0,0,1,0,1,1,5,3,0.0302,2,0,0.0302,0.05,0,1.164,0.1222,1,2,0,2.17,-16.23,-13.77,55,3,1,6.963,-175.4,230.4
50,0,3,0,0,6,3,0,0,2,2,0,0,2,2,0,2,0,2,2,0,2,2,2,2,2,0,0,2,0,2,2,2,2,0,2,2,0,0
,1.05,0.1459,1,0.917,3,1.036,234,96,0,1,1,0,1,1,0,1,0,3,0.0357,2,4,0.0357,0.05,0,2.5085,0.00606,1,7,2,1.734,-4.44,2.44,51,5,1,2.19,3,99
96,3,3,8,6,6,3,3,8,2,2,2,2,2,2,2,2,2,2,2,2,2,2,2,2,0,0,2,2,2,2,2,2,2,2,2,2,2,2
,1.04,0.1489,4,0.9,0,1.126,134,107,0,1,1,1,0,1,1,0,3,2,0.0488,1,1,0.0488,0.05,0,1.6717,0.09458,0,7,2,1.3184,-10.57,-9.43,126,4,2,3.319764,-75.3,327.3
100,3,3,8,6,6,3,3,8,2,2,2,2,2,2,2,2,2,2,2,2,2,2,2,2,2,2,2,2,2,2,2,2,2,2,2,2,2,2
,0.35,0.3632,3,0.086,5,1.058,181,650,0,1,1,0,1,0,1,1,1,0,0.0395,5,2,0.0395,0.05,0,2.298,0.0216,1,3,2,1.494,-11.32,-6.68,36,2,1,2.495,-17.3,89.3
86,3,3,8,0,6,3,3,0,2,2,2,2,2,2,2,2,2,2,2,2,2,2,2,2,2,2,2,2,2,2,2,2,2,2,2,2,2,2
,0.2074,0.41785,5,0.0033,2,-1.254,1,1,1,0,0,1,0,1,1,1,4,4,0.032,3,3,0.032,0.05,0,3.179,0.00148,1,3,2,-1.761,-7.45,-6.55,21,8,0,-1.695,-420.1,462.1
70,0,3,8,0,6,3,0,0,2,2,2,2,2,2,2,2,2,2,2,2,2,2,2,2,2,2,2,2,2,2,2,2,2,0,0,0,0,0
,0.44,0.3283,4,0.75,5,1.311,114,107,0,1,0,0,1,0,1,0,1,1,0.0411,2,5,0.0411,0.05,0,-1.0985,0.27198,0,7,2,2.091,-5.21,-0.79,47,11,2,-2.92,-12,106
94,3,3,8,6,6,3,3,8,2,2,0,2,2,0,2,2,2,2,2,2,2,2,2,2,0,2,2,2,2,2,2,2,2,2,2,2,2,2
,0.59,0.2772,2,0.458,1,-1.254,141,107,0,1,1,1,0,0,1,1,0,2,0.0216,1,3,0.0216,0.05,0,-1.11734,0.1319,0,1,0,-2.054,-3.25,1.25,77,6,1,2.92,65,89
66,3,3,8,0,0,3,3,8,2,2,0,0,0,0,2,2,2,2,2,2,2,2,2,2,0,0,2,0,0,2,2,2,2,0,2,2,0,0
,3.042,0.0028,1,0.035,5,-1.598,261,94,0,1,0,1,1,1,0,1,2,4,0.027,3,1,0.027,0.05,0,3.3633,0.0008,1,4,2,-1.895,-10.43,-13.56,80,2,0,-1.8,-3.1,163.1
75,0,3,8,0,6,3,3,8,2,2,2,0,2,2,0,2,2,2,2,2,2,2,2,2,2,2,2,2,2,2,0,0,2,0,2,0,0,0
,1.06,0.8554,3,0.833,1,1.15,212,99,0,1,1,0,0,1,1,1,5,1,0.0418,1,0,0.0418,0.05,0,2.7851,0.0058,1,2,2,1.618,-5.81,-2.2,82,10,0,3.897,-75.5,239.5
81,3,0,8,0,0,3,3,8,2,2,2,2,2,2,2,2,0,2,2,0,2,2,2,2,2,2,2,2,2,2,2,2,2,2,2,2,2,2
,1.13,0.1292,2,0.75,2,2.326,296,94,0,1,1,1,1,0,0,1,2,0,0.0481,5,0,0.0481,0.05,0,1.391,0.1642,0,8,2,2.199,-5.13,-2.87,86,2,2,1.886,-20.7,192.7
92,3,3,0,6,6,3,3,8,2,2,2,2,2,2,2,2,2,2,2,2,2,2,2,2,2,2,2,2,2,2,2,2,2,2,2,2,2,2
,0.22,0.4129,6,,,,,,0,1,1,1,1,0,1,0,0,1,0.0431,1,0,0.0431,0.05,1,1.593,0.0556,0,6,,,,,,,,,,
38,3,3,0,0,0,0,0,0,2,2,2,2,2,2,2,2,2,2,2,2,2,2,2,0,0,0,2,0,0,0,0,0,0,0,0,0,0,0
,0.26,0.3961,4,0.875,3,1.08,106,91,0,1,1,0,1,0,1,1,0,2,0.0365,3,5,0.0365,0.05,0,1.533,0.1252,0,6,2,2.41,-9.65,-4.35,107,1,2,2.189,-78.8,292.8
92,3,3,0,6,6,3,3,8,2,2,2,2,2,2,2,2,2,2,2,2,2,2,2,2,2,2,2,2,2,2,2,2,2,2,2,2,2,2
,0.29,0.38591,5,0.929,4,2.054,123,90,0,1,1,1,1,0,0,1,5,2,0.0496,3,4,0.0496,0.05,0,3.26946,0.00108,1,0,2,1.829,-6.77724,-3.22276,38,2,2,2.621,-4.37,80.4
100,3,3,8,6,6,3,3,8,2,2,2,2,2,2,2,2,2,2,2,2,2,2,2,2,2,2,2,2,2,2,2,2,2,2,2,2,2,2
,0.58,0.281,1,0.875,1,1.751,159,95,1,0,1,0,1,0,1,1,0,0,0.0412,3,0,0.0412,0.05,0,2.167,0.0302,1,2,2,1.405,-14.75,-13.25,38,7,1,2.62,-8.9,84.9
82,3,3,0,6,0,3,3,8,2,2,0,2,2,0,2,2,2,2,2,2,2,2,2,2,2,2,2,2,2,2,2,2,2,2,2,2,2,2
,0.22,0.4129,4,4,5,,,,0,1,0,,,,,,4,5,0.0207,1,0,0.0207,0.05,1,24.24,0.9992,0,7,2,-2.795,2,5,115,5,1,2.384,-2,232
36,3,3,0,0,0,0,0,0,2,2,0,0,0,0,0,0,2,2,2,2,2,2,2,0,0,0,2,0,2,0,0,0,2,0,2,0,2,2
,0,0.5,1,0.833,0,1.44,294,103,0,1,0,1,1,0,1,1,4,1,0.0328,0,4,0.0328,0.05,0,3,0.0014,1,3,2,1.705,-1.95,-0.05,53,2,1,2.19,-45.6,151.6
92,3,3,0,6,6,3,3,8,2,2,2,2,2,2,2,2,2,2,2,2,2,2,2,2,2,2,2,2,2,2,2,2,2,2,2,2,2,2
,0.667,0.2522,2,0.9286,4,-1.606,894,110,0,1,1,0,0,1,0,1,2,1,0.0318,2,1,0.0318,0.05,0,2.8853,0.0039,1,4,2,1.654,-2.378,-1.622,65,4,0,-2.17,-40.2,170.2
82,3,3,8,6,6,0,0,8,2,2,0,0,0,2,2,2,2,2,2,2,2,2,2,2,2,2,2,2,2,2,2,2,2,2,2,0,0,0
,0,0.5,9,0.75,4,1.645,296,28,0,1,1,0,1,0,0,1,2,5,0.0313,5,4,0.0313,0.05,0,3.094091,0.00198,1,7,2,1.705,-2.861775,-1.138225,82,10,1,2.283,-10.3,174.3
70,3,3,0,6,6,3,3,0,2,2,2,0,0,0,0,0,2,2,2,2,2,2,2,2,2,2,2,2,2,2,0,0,2,2,2,2,2,2
,0.6488,0.2582,3,0.9,6,1.372,283,109,1,0,0,1,1,1,0,1,2,0,0.0347,3,5,0.0347,0.05,0,1.18399,0.2364,0,7,2,2.068,-1.6434,-0.35659,62,10,2,3.104,-25.8,149.8
78,3,3,0,6,0,3,3,8,2,2,0,2,2,0,0,0,2,2,2,2,2,2,2,2,2,2,2,2,2,2,2,2,2,2,2,2,2,2
,0.21,0.4154,0,34.3,2,2.326,117,245,1,0,1,0,1,1,1,0,0,3,0.0221,5,2,0.0221,0.05,0,1.584,0.1132,0,8,2,1.289,-2.36,-1.64,0,3,2,2.576,77.5,80.5
67,0,3,8,0,6,3,3,0,2,2,2,0,2,0,2,2,2,2,2,2,2,2,2,2,2,2,2,2,2,2,2,2,0,0,0,0,0,0
,1.28,0.1003,4,0.1,1,2.054,153,103,1,0,0,1,1,1,1,0,2,5,0.0293,0,0,0.0293,0.05,1,0.05,,0,4,2,1.412,5.4,6.6,46,0,0,6.963,110.78,202.8
78,3,3,8,0,6,3,3,8,2,2,2,2,2,2,2,2,0,2,2,0,2,2,2,0,0,0,2,2,2,2,0,0,2,2,2,2,0,2
,idk,idk,0,0.917,,1.372,239,,0,1,1,1,1,0,0,1,,,,,,,,,,,,,2,1.976,-4.47,-3.53,117,6,0,2.027,2.3,231.7
48,0,0,0,6,0,3,3,0,2,2,2,2,2,2,2,2,0,0,0,0,0,0,0,0,0,0,0,0,2,2,2,2,2,2,2,2,2,2
,0.23,0.4091,0,0.5,6,-1.645,161,91,0,1,0,0,1,1,1,1,4,0,0.0463,1,3,0.0463,0.05,0,2.216,0.0267,1,2,2,-1.451,-9.32,-8.68,52,9,2,-2.19,-36.5,140.5
94,3,3,8,0,6,3,3,8,2,2,2,2,2,2,2,2,2,2,2,2,2,2,2,2,2,2,2,2,2,2,2,2,2,2,2,2,2,2
,cannot do,cannot do,2,0.7,5,1.103,0.45,98,0,1,0,0,1,0,1,1,2,5,0.0363,2,2,0.0363,0.05,0,3.017,0.0026,1,3,2,1.732,-6.25,-3.75,17,3,2,2.19,-0.7,34.7
71,0,0,8,0,0,3,0,8,2,2,0,2,0,0,2,2,2,2,2,2,2,2,2,2,2,2,2,0,2,2,2,2,2,2,2,2,2,2
,0.28,0.389,2,0.833,0,1.96,291,101,1,0,0,0,1,1,0,1,3,5,0.0237,0,2,0.0237,0.05,0,1.2372,0.216,0,1,2,2.7991,-2.56,0.56,19,5,1,2.015,2.7,34.7
80,3,3,0,6,0,3,3,8,2,2,2,2,2,2,0,2,2,2,2,2,2,2,2,2,2,2,2,2,2,0,2,2,2,2,2,0,2,2
,1.56,0.5625,5,0.929,0,1.751,228,98,0,1,1,1,0,1,0,1,0,2,0.0494,2,0,0.0494,0.05,0,-4.81,0,1,5,2,1.71,-11.369,-8.631,48,5,1,1.953,5.1,90.9
88,0,0,8,6,6,3,3,8,2,2,2,2,0,0,2,2,2,2,2,2,2,2,2,2,0,2,2,2,2,2,2,2,2,2,2,2,2,2
,1.14,0.1267,0,,3,2.17,278,92,0,1,1,1,0,0,1,1,2,2,0.0361,0,4,0.0361,0.05,0,,,,,2,1.42,-12.94,-9.06,38,0,0,2.189,-15.09,91.09
72,3,3,0,0,0,3,3,8,2,2,2,2,2,2,2,2,2,2,2,2,2,2,2,2,0,0,0,0,2,2,2,2,2,2,2,2,2,2
,,,,,,,,,,,,,,,,,,,,,,,,,,,,,,,,,,,,,,
0,0,0,0,0,0,0,0,0,0,0,0,0,0,0,0,0,0,0,0,0,0,0,0,0,0,0,0,0,0,0,0,0,0,0,0,0,0,0
,0.96,0.1684,2,0.875,3,1.812,202,93,0,1,0,1,1,1,1,0,3,0,0.029,5,3,0.029,0.05,0,1.505,0.1325,0,0,2,1.287,-21.03,-18.97,81,6,2,4.303,-150,312
92,3,3,0,6,6,3,3,8,2,2,2,2,2,2,2,2,2,2,2,2,2,2,2,2,2,2,2,2,2,2,2,2,2,2,2,2,2,2
,,,,,,,,,,,,,,,,,,,,,,,,,,,,,,,,,,,,,,
0,0,0,0,0,0,0,0,0,0,0,0,0,0,0,0,0,0,0,0,0,0,0,0,0,0,0,0,0,0,0,0,0,0,0,0,0,0,0
,0.8,0.2119,2,0.75,2,1.058,129,106,0,1,1,1,0,1,1,0,0,2,0.0243,1,0,0.0243,0.05,0,1.144,0.2526,0,1,2,1.977,-12.59,-11.41,73,1,0,4.849,-134.2,280.2
100,3,3,8,6,6,3,3,8,2,2,2,2,2,2,2,2,2,2,2,2,2,2,2,2,2,2,2,2,2,2,2,2,2,2,2,2,2,2
,0.44,0.3284,4,0.833,5,1.058,192,93,1,0,1,0,0,1,0,1,3,4,0.0217,2,4,0.0217,0.05,0,2.48,0.013,1,3,2,1.524,-7.96,-6.04,38,8,0,1.524,15.1,60.9
82,3,3,0,0,6,3,3,8,2,2,2,0,2,2,2,2,2,2,2,2,2,2,2,2,2,2,2,2,2,2,2,2,2,2,2,0,2,2
,,,,,,,,,,,,,,,,,,,,,,,,,,,,,,,,,,,,,,
0,0,0,0,0,0,0,0,0,0,0,0,0,0,0,0,0,0,0,0,0,0,0,0,0,0,0,0,0,0,0,0,0,0,0,0,0,0,0
,0.5,0.3088,3,0.875,4,1.08,145,99,1,0,1,0,1,0,1,0,5,5,0.0236,1,1,0.0236,0.05,0,1.906,0.0562,0,1,2,1.379,-9.39,-6.61,33,8,1,2.62,-6.3,72.3
98,3,3,8,6,6,3,3,8,2,2,2,2,2,2,2,0,2,2,2,2,2,2,2,2,2,2,2,2,2,2,2,2,2,2,2,2,2,2
,0.79,0.22,4,0.917,4,1.645,190,94,1,0,0,1,0,1,0,1,4,0,0.0288,0,3,0.0288,0.05,0,2.49125,0.9934,0,3,2,-1.483,-18.19,-15.81,49,11,1,1.476,15.8,82.2
68,3,0,0,6,0,3,0,8,2,2,2,2,0,2,0,0,2,2,2,2,2,2,2,2,2,0,2,2,2,2,2,2,2,2,0,0,2,2
,cannot do,cannot do,4,43.927,4,1.44,280,90,1,0,1,0,1,0,1,1,0,0,0.0426,3,4,0.0426,0.05,0,0.9288,0.353,0,3,2,-1.99,-3.62,-2.38,39,6,0,59.804,-52.8,158.8
78,0,0,8,0,6,3,3,8,2,2,2,2,2,2,2,2,2,2,2,2,2,2,2,2,0,2,2,2,2,2,2,2,2,0,2,0,0,0
,0,0.5,2,0.936,5,1.227,157,101,1,0,1,0,1,1,0,1,4,1,0.0286,1,5,0.0286,0.05,0,1.966,0.0494,1,6,2,1.379,-4.42,-1.58,100,3,1,2.283,-2.8,202.8
91,3,3,8,0,6,3,0,8,2,2,2,2,2,2,2,2,2,2,2,2,2,2,2,2,2,2,2,2,2,2,2,2,2,2,2,2,2,2
,0.52,0.3015,1,0.9,2,-1.476,143,50,0,1,1,1,0,0,1,1,3,1,0.039,0,1,0.039,0.05,0,1.579408,0.11424,1,5,2,-1.562,-3.36,-2.64,28,4,1,-3.32,-46.8,102.8
84,3,3,8,6,6,3,3,0,2,2,2,2,2,2,2,2,2,2,0,2,2,0,2,2,0,2,0,2,2,2,2,2,2,2,2,2,2,2
,0.89,0.8141,4,0.5,6,1.31,301,103,0,1,1,0,0,1,1,1,3,5,0.0213,2,2,0.0213,0.05,0,1.903661,0.05695435,0,1,3,1.380099,-7.8,-6.19,73,1,0,-4.848,-100.5,246.5
89,3,0,8,0,6,3,3,8,2,2,2,2,2,2,2,2,2,2,2,2,2,2,2,2,2,2,2,2,0,2,2,2,2,2,2,2,2,2
,0.24,0.4048,1,0.9,0,1.126,181,101,0,1,0,1,1,1,0,1,4,0,0.0493,4,3,0.0493,0.05,0,4.93,0.5,0,1,2,1.5165,-3.4,-0.6,19,8,2,2.809,5.9,22.1
72,3,3,0,6,6,3,3,8,2,2,0,0,2,2,0,0,2,2,2,2,2,2,2,2,0,0,2,0,2,2,2,2,2,2,2,0,0,0
,0.97,0.166,5,0.917,1,1.44,251,98,0,1,1,1,0,0,1,1,2,2,0.0413,3,3,0.0413,0.05,0,2.341,0.0192,1,3,2,1.49,-3.96,-2.04,8,10,1,4.849,-11.6,27.6
100,3,3,8,6,6,3,3,8,2,2,2,2,2,2,2,2,2,2,2,2,2,2,2,2,2,2,2,2,2,2,2,2,2,2,2,2,2,2
,0.83,0.2019,2,0.929,2,1.103,161,105,1,0,0,1,1,0,1,1,4,4,0.0348,4,2,0.0348,0.05,0,2.074,0.0381,1,2,2,1.411,-9.4,-8.6,154,9,2,6.963,-364.6,672.6
86,3,3,0,6,0,3,3,8,2,2,2,2,2,2,2,2,2,2,2,2,2,2,2,2,2,2,2,2,2,2,2,2,2,2,2,2,2,2
,0.6845983,0.2468,1,0.75,2,1.514,169,91,0,1,0,0,1,1,1,1,1,0,0.048,0,0,0.048,0.05,0,2.14894,0.01582,1,0,2,2.283,-2.97954,-1.02046,22,11,0,3.578,-35.84126,79.84126
96,3,3,8,6,6,3,3,8,2,2,2,2,2,2,2,2,2,2,2,2,2,2,2,2,2,0,2,2,2,0,2,2,2,2,2,2,2,2
,,,,,,,,,,,,,,,,,,,,,,,,,,,,,,,,,,,,,,
0,0,0,0,0,0,0,0,0,0,0,0,0,0,0,0,0,0,0,0,0,0,0,0,0,0,0,0,0,0,0,0,0,0,0,0,0,0,0
,0,0.5,5,0,0,1.2,211,102,0,1,1,1,1,0,1,0,2,2,0.0413,2,4,0.0413,0.05,0,2.5169,0.01184,1,3,2,1.573,-2.16,0.16,33,0,0,2.027,2.6,63.4
94,3,3,8,0,6,3,3,8,2,2,2,2,2,2,2,2,2,2,2,2,2,2,2,2,2,2,2,2,2,2,2,2,2,2,2,2,2,2
,0.57,0.2843,9,0,4,1.555,1.3839,95,0,1,0,1,1,1,1,0,3,0,0.0433,2,3,0.0433,0.05,0,2.11,0.0349,1,3,2,-1.453,-14.96,-13.04,20,11,1,-2.496,-10.3,50.3
73,3,3,0,0,0,3,0,8,2,2,2,0,2,2,2,0,2,2,2,2,2,2,2,2,2,2,2,2,2,2,2,2,2,2,2,2,2,2
,0.37,0.3557,4,0.929,5,1.405,264.3,1024,0,1,1,1,0,0,1,1,5,1,0.0266,3,1,0.0266,0.05,0,3.1607,0.0016,1,3,2,1.889,0.86,5.14,18,7,0,1.44,0.5,35.5
65,0,3,0,6,6,3,3,0,2,2,0,2,0,0,2,0,2,2,2,2,2,2,2,2,0,2,2,2,2,2,0,0,2,2,2,0,2,2
,0.59,0.2776,3,0.833,1,1.2,142,108,0,1,0,1,0,0,1,1,0,2,0.0351,4,0,0.0351,0.05,0,3.232,0.0013,1,7,2,1.881,-5.94,-2.06,99,3,0,1.886,-38.1,236.1
88,3,3,0,6,6,3,3,8,2,2,2,2,0,2,2,2,2,2,2,2,2,2,2,2,2,2,2,2,2,2,2,2,2,2,2,0,2,2
,0.75,0.2278,10,0.917,3,1.15,258,27,1,0,0,1,0,0,0,1,0,5,0.0438,2,0,0.0438,0.05,0,3.3494,0.0008,1,4,2,1.906,,,68,9,2,3.578,,
72,3,3,0,6,6,3,3,0,2,2,0,2,0,2,2,2,2,2,2,2,2,2,2,2,2,2,2,2,2,2,0,0,2,2,2,2,0,0
,0.15,0.4392,0,0.938,3,,,106,0,1,1,0,0,1,1,1,4,1,0.0272,0,1,0.0272,0.05,0,1.584,0.057,0,3,2,2.607,-2.01,0.013,49,9,1,2.607,,
77,0,3,8,6,0,0,0,8,2,2,2,2,2,2,2,2,2,2,2,2,2,2,2,2,2,0,2,2,2,2,2,2,2,2,2,0,0,0
,1.01,0.1562,1,0.005,1,2.17,238,106,0,1,1,1,1,1,0,0,4,4,0.0413,0,3,0.0413,0.05,0,1.18832,0.2347,0,0,2,2.213,-12.54683,-7.453165,36,6,2,3.897,-74.2468,146.2468
94,3,3,8,0,6,3,3,8,2,2,2,2,2,2,2,2,2,2,2,2,2,2,2,2,2,2,2,2,2,2,2,2,2,2,2,2,2,2
,0.73,0.2322,3,0.875,0,1.036,199,110,0,1,1,0,1,1,1,0,3,3,0.0208,1,2,0.0208,0.05,0,2.524,0.0116,1,8,2,1.554,-12.65,-9.35,45,3,0,2.353,-6.6,96.6
90,3,3,0,6,6,3,3,8,2,2,2,2,2,2,2,2,2,2,2,2,2,2,2,2,2,2,2,2,2,2,2,2,2,2,2,0,2,2
,1.32,0.0934,4,0.917,0,1.247,167,103,0,1,0,0,0,1,1,0,4,3,0.0479,2,5,0.0479,0.05,0,1.0605,0.2889,0,2,2,2.05,-6.51,-5.49,86,8,1,4.303,-87.9,259.9
77,0,3,0,6,6,0,0,8,2,2,2,2,0,2,2,0,2,2,2,2,2,2,2,2,2,2,2,2,2,2,2,2,2,2,2,0,2,2
,1,0.1587,2,,5,1.282,269,,0,1,0,0,1,0,0,1,5,1,0.0271,4,1,0.0271,0.05,0,1.384,0.1664,0,1,2,2.35,-3.75,-2.25,65,1,2,9.92,18.46,11.53
66,3,3,8,0,0,3,3,0,2,2,0,0,0,0,2,2,2,2,2,2,2,2,2,2,2,2,2,2,2,2,2,2,2,2,0,2,0,0
,0.1,0.5398,1,0.684,3,1.311,139,40,,,,,,,,,4,3,0.03,2,1,0.03,0.05,0,1.8799,0.9699,0,6,2,1.347,-4.39,-3.61,130,6,1,1.514,38.2,221.8
52,0,0,8,0,6,3,3,0,0,0,0,0,0,0,0,0,2,0,2,2,0,2,2,2,2,0,2,0,2,2,2,2,2,2,0,0,2,2
,0.67,0.2514,1,0.76,6,1.881,197,92,0,1,0,0,1,1,0,1,3,1,0.0412,3,1,0.0412,0.05,0,1.645,0.0263,1,4,2,1.574,-4.81,-3.2,28,3,1,1.886,11.1,44.9
66,3,3,0,0,0,3,3,8,2,2,0,0,2,2,2,0,2,2,2,2,2,2,2,2,0,0,2,0,2,2,2,2,2,0,2,2,2,2
,0.74,0.2306,2,0.5,1,1.103,252,5,1,0,1,1,1,1,1,1,5,4,0.036,2,5,0.036,0.05,0,1.645,0.0236,1,1,2,3.3198,0,1,65,0,2,3.32,-96,226
66,3,3,8,0,0,3,3,0,2,2,2,0,2,0,2,2,2,2,2,2,2,2,2,2,0,0,2,2,2,0,0,0,2,2,2,2,2,2
,0.194,0.423,3,0.91,5,1.372,137,17,0,1,0,0,1,1,1,1,4,1,4.74,2,4,4.74,0.05,0,1.0765,0.1423,0,3,2,1.568,-19.7424,-6.2576,115,5,1,4.849,-360.2,590.2
47,0,3,0,0,0,3,3,0,2,2,2,2,2,2,2,2,0,2,0,0,2,0,2,2,0,0,2,2,2,0,0,0,2,2,2,2,0,0
,0.11,0.5451,1,0.878,1,0.025,1,160,0,1,0,0,0,1,0,1,0,5,0.0365,2,5,0.0365,0.475,0,p,0.0481,1,7,2,0.849,-1.35,-0.65,25,6,0,2.951,-2.4,52.4
31,0,0,0,0,0,0,3,0,2,2,0,0,2,0,0,2,2,0,2,2,2,2,0,2,0,0,2,0,2,0,0,0,2,0,2,0,0,0
,0.597,0.27517,4,0.875,3,1.058,159,91,0,1,1,1,0,0,1,0,0,1,0.0405,3,0,0.0405,0.05,0,-2.11623,0.03432,1,2,2,1.421,-6.71334,-5.28666,77,9,0,2.92,-29.2094,183.209
92,3,3,8,6,6,3,3,8,2,2,2,2,0,0,0,2,2,2,2,2,2,2,2,2,0,2,2,2,2,2,2,2,2,2,2,2,2,2
,0.78,0.2163,2,,4,2.326,217.46,109,0,1,1,1,1,0,0,0,1,5,0.0302,4,5,0.0302,0.05,0,2.92,0.0035,1,3,2,1.654,-1.9,-0.1,106,0,0,3.578,-129.5,343.5
90,3,3,8,0,6,3,3,8,2,2,2,2,2,2,0,2,2,2,2,2,2,2,2,2,2,2,2,2,2,2,2,2,2,2,2,2,2,0
,0.07,0.4726,0,0.938,6,1.282,173,108,0,1,1,1,0,0,1,1,2,2,0.0301,0,1,0.0301,0.05,0,1.385,0.1662,0,2,2,2.348,-2.03,0.03,128,4,0,2.621,-40,296
97,0,3,8,6,6,3,3,8,2,2,2,2,2,2,2,2,2,2,2,2,2,2,2,2,2,2,2,2,2,2,2,2,2,2,2,2,2,2
,0.26,0.3973,1,0.833,0,1.126,156,107,0,1,1,1,1,0,1,0,2,5,0.0435,4,0,0.0435,0.05,0,2.075,0.0379,1,5,2,1.4175,-1.34,-0.66,43,1,0,1.645,-10.2,96.2
96,3,3,8,6,6,3,3,8,2,2,2,2,2,2,2,2,2,2,2,2,2,2,2,2,2,2,2,2,2,2,2,2,2,2,0,0,2,2
,0.21,0.4168,1,12.323,3,1.175,170,90,1,0,0,0,0,1,1,1,2,0,0.0283,1,1,0.0283,0.05,0,2.91,0.00362,1,2,2,1.705,-2.34,0.34,144,11,2,2.383,-17,305
85,0,3,8,0,6,3,3,8,2,2,0,2,0,0,2,2,2,2,2,2,2,2,2,2,2,2,2,2,2,2,2,2,2,2,2,2,2,2
,cannot do,cannot do,1,0.5,1,1.751,122,104,1,0,0,0,1,1,0,0,5,2,0.0295,1,1,0.0295,0.05,1,-2.151,0.02,1,1,0,1.311,-19.5,-18.5,81,0,2,2.054,0,191.3
64,0,0,8,0,6,3,3,8,2,2,0,0,2,0,0,2,0,2,2,0,2,2,2,0,0,0,2,2,0,2,2,2,2,2,0,0,2,2
,0.01,0.496,6,0.842,6,1.15,103,97,1,0,1,0,0,1,1,0,4,2,0.0457,4,4,0.0457,0.05,0,1.465,0.057,0,2,2,6.9066244,-8.05,-3.95,41,9,2,2.412,-28.6,110.6
61,0,3,0,0,0,3,3,8,2,2,2,2,0,2,2,2,2,2,2,2,2,2,2,2,2,0,2,2,2,0,0,0,2,2,2,0,0,0
,0.89,0.1867,11,0.9,1,1.2,274,92,0,1,1,1,1,0,1,1,4,5,0.0214,4,5,0.0214,0.05,0,1.0689,0.2852,0,2,2,1.979,-1.89,2.89,67,0,1,6.965,-142.1,276.1
86,3,3,0,6,6,3,3,8,2,2,2,0,2,2,2,2,2,2,2,2,2,2,2,2,2,2,2,2,2,2,0,0,2,2,2,2,2,2
,1.11359,0.13273,4,0.875,2,1.15,107,100,0,1,0,0,1,1,1,1,2,5,0.0497,2,4,0.0497,0.05,0,2.38123,0.01726,1,1,2,1.486,-6.14922,-5.85078,115,4,0,2.496,-26.2,256.2
100,3,3,8,6,6,3,3,8,2,2,2,2,2,2,2,2,2,2,2,2,2,2,2,2,2,2,2,2,2,2,2,2,2,2,2,2,2,2
,1.18,0.1194,9,0.8,5,1.341,244,0.8,1,0,1,0,0,1,1,0,5,0,0.0386,4,5,0.0386,0.05,0,2.581,0.0099,1,6,2,1.578,-11.55,12.45,51,4,1,1.311,5,97
58,3,3,0,0,6,3,3,0,2,2,2,0,2,2,2,2,0,2,2,0,2,2,2,2,2,2,2,2,2,2,0,0,2,0,0,0,0,0
,0.7666,0.2217,2,0.917,1,-1.3722,279,101,0,1,1,0,0,1,1,1,5,1,0.0492,3,4,0.0492,0.05,0,2.038,0.0415,1,0,2,-1.38,-11.2425,-10.757,111,8,0,-3.3198,-76.83,298.83
100,3,3,8,6,6,3,3,8,2,2,2,2,2,2,2,2,2,2,2,2,2,2,2,2,2,2,2,2,2,2,2,2,2,2,2,2,2,2
,1.01,0.1563,2,0.167,2,1.405,286,106,0,1,1,0,0,1,1,1,0,0,0.0473,0,1,0.0473,0.05,0,1.172,0.1206,0,5,2,2.08,-11.78,-10.22,23,8,1,4.303,-56.1,102.1
88,3,3,8,0,6,3,3,8,2,2,2,2,2,2,2,2,2,2,2,2,2,2,2,2,2,0,2,2,2,2,2,2,2,2,2,2,0,0
,0.3,0.3817,1,0.9,0,1.341,133,97,0,1,1,0,1,1,0,1,0,5,0.0435,2,2,0.0435,0.05,1,2.5785,0.0099,1,7,2,1.529,-9.24,-6.76,83,6,0,2.496,-17.9,183.9
86,3,3,0,6,6,3,3,8,2,2,2,2,2,2,2,2,0,2,2,0,2,2,2,0,2,2,2,2,2,2,2,2,2,2,2,2,2,2
,0.92,0.178,3,0.917,5,2.326,189,92,0,1,1,0,1,0,1,1,4,3,0.0315,1,5,0.0315,0.05,0,1.24,0.78512,0,0,2,2.188,-1.37,-0.63,36,3,2,1.405,1.119,70.881
88,3,3,8,6,0,3,3,8,2,2,2,2,2,2,2,2,2,2,2,2,2,2,2,2,0,0,2,2,2,2,2,2,2,2,2,0,2,2
,0.6,0.2743,1,0.929,2,1.2,289,106,0,1,0,1,0,1,0,1,5,4,0.0359,2,2,0.0359,0.05,1,1.256,0.2092,0,0,2,0.727,-7.73,-6.27,138,7,0,2.353,-20.9,269.9
78,3,3,0,6,6,3,3,8,2,2,2,2,0,2,2,2,2,2,2,2,2,2,2,0,2,2,2,2,2,0,0,0,2,2,2,0,2,0
,0.20868082,0.58265,1,0.928571429,0,1.227,156,108,0,1,1,1,0,0,1,1,1,3,0.0493,5,2,0.0493,0.05,0,2.165946352,0.03032,1,5,2,-4.602831415,-8,0,66,11,2,2.19,-4.8,136.8
95,3,0,8,6,6,3,3,8,2,2,2,2,2,2,2,2,2,2,2,2,2,2,2,2,2,2,2,2,2,0,2,2,2,2,2,2,2,2
,0.29,0.3859,3,0.875,6,1.751,293,103,0,1,1,0,1,1,1,0,1,0,0.0361,0,4,0.0361,0.05,0,1.515,0.1282,0,3,2,1.3,-5.79,-0.21,68,5,1,5.643,-101.4,237.4
96,3,3,8,6,6,3,3,8,2,2,2,0,0,2,2,2,2,2,2,2,2,2,2,2,2,2,2,2,2,2,2,2,2,2,2,2,2,2
,1.33,0.0918,8,0.9,6,1.598,268,91,0,1,0,1,1,0,1,0,2,2,0.0404,0,4,0.0404,0.05,0,3.382,0.0004,1,6,2,1.913,-21.71,-0.29,18,5,2,2.496,-6.7,42.7
76,3,3,0,6,0,3,3,8,2,2,2,2,2,0,2,2,2,2,2,2,2,2,2,2,2,2,2,2,2,2,0,0,2,2,2,2,0,0
,0.089,0.4645,4,0.917,2,1.555,,97,1,0,0,1,0,1,0,1,2,0,0.0405,5,5,0.0405,0.05,0,1.299,0.1939,0,5,1,2.17,-6.48,2.48,26.333,2,0,4.45,-20.9,73.5
64,0,3,8,6,0,3,0,8,2,2,2,2,0,2,2,2,2,2,2,2,2,2,2,2,2,2,2,0,0,0,0,0,0,0,0,0,0,0
,0.43,0.6679,2,0.834,2,0.878,54,64,0,1,1,1,1,0,0,1,5,5,0.0363,4,3,0.0363,0.05,0,1.282,,0,4,2,0.886,-7.73,-6.27,49,3,1,1.061,27.6,70.4
63,0,0,0,6,6,0,3,0,2,2,2,2,2,2,2,2,0,2,2,0,2,2,2,2,0,0,2,2,2,0,2,2,2,2,2,0,2,2
,0.7861554,0.21589,2,0.833,5,1.036,160,108,1,0,1,1,0,1,0,1,0,5,0.0442,0,1,0.0442,0.05,0,1.2341,0.2173,0,6,0,2.17,-15.333,-10.667,104,3,2,4.849,-131.164,339.2
71,3,3,0,6,0,0,3,8,2,2,2,2,2,2,0,0,2,2,2,2,2,2,2,2,2,2,2,0,0,2,0,0,2,2,2,2,2,2
,cannot do,cannot do,1,0,1,1.405,291,101,0,1,1,0,1,0,1,1,4,3,0.0452,5,2,0.0452,0.05,0,-1.3599,0.17386,0,0,2,2.204,-3.86,-2.14,78,9,0,2.761,-78.2,234.2
86,0,0,8,0,6,3,3,8,2,2,2,2,2,2,2,2,2,2,2,2,2,2,2,2,0,2,2,2,2,2,2,2,2,2,2,2,2,2
,0.73,0.2327,2,0.917,2,1.405,176,91,0,1,1,0,1,0,1,1,5,3,0.0294,3,3,0.0294,0.05,0,2.365,0.018,1,2,2,1.483,-3.81,-0.19,45,1,1,2.621,-12.5,102.5
92,3,3,0,6,6,3,3,8,2,2,2,2,2,2,2,2,2,2,2,2,2,2,2,2,2,2,2,2,2,2,2,2,2,2,2,2,2,2
,1.25,0.1057,0,0.983,3,1.15,129,,0,1,0,1,1,1,0,0,0,5,0.0408,1,1,0.0408,0.05,1,,,,2,2,,-7.713,-4.287,31,3,0,,-56.73,118.73
54,3,3,0,0,6,3,3,0,2,2,0,2,0,2,0,2,0,2,2,0,2,2,2,0,0,0,0,0,2,0,2,2,2,2,2,0,2,2
,0,0.5,0,0.833,5,1.372,189,101,0,1,1,1,1,0,0,1,1,1,0.0444,5,0,0.0444,0.05,0,2.5466,0.0054,1,0,2,1.529,-10.78,-7.22,99,8,1,2.105,-3.1,201.1
80,3,3,0,0,6,3,3,8,2,2,2,0,2,2,0,2,2,2,2,2,2,2,2,2,2,0,2,2,2,2,2,2,2,2,2,2,2,2
,0.06,0.4776,2,0.917,2,1.812,242,98,1,0,0,0,1,0,0,0,2,3,0.0215,0,5,0.0215,0.05,0,2.312,0.0208,1,8,2,1.48,-6.18,-3.82,51,10,0,2.189,-27.4,129.4
81,0,3,8,6,0,3,3,8,2,2,0,0,0,2,0,0,2,2,2,2,2,2,2,2,2,2,2,2,2,2,2,2,2,2,2,2,2,2
,0.22,0.4129,9,0.938,4,1.405,184,91,0,1,1,1,1,1,0,0,2,1,0.0236,3,0,0.0236,0.05,0,2.695,0.007,1,7,2,1.598,-11.09,-8.91,83,8,2,2.621,-28.98,194.98
88,3,3,0,6,6,3,3,8,2,2,2,0,2,2,2,0,2,2,2,2,2,2,2,2,2,2,2,2,2,2,2,2,2,2,2,2,2,2
,cannot do,cannot do,2,,4,-1.372,227,1,1,0,0,1,0,0,1,0,0,3,0.0495,2,4,0.0495,0.05,1,2.5406,0.0111,1,3,2,-1.71,-9.89,-8.11,117,7,2,-2.384,-17.9,251.9
58,0,0,8,0,0,3,3,0,2,2,2,2,0,2,2,0,0,0,2,0,2,2,2,0,0,2,2,0,2,2,2,2,2,2,2,2,2,2
,0.55,0.2912,0,0.833,3,1.058,221,23,1,0,1,0,1,1,1,1,3,3,0.0357,3,0,0.0357,0.05,0,3.265,0.0011,1,4,2,1.858,-2.36,0.36,33,11,2,5.642,-56.7,117.7
74,3,3,0,6,0,3,3,0,2,2,2,2,0,2,2,2,2,2,2,2,2,2,2,2,2,2,2,2,2,2,2,2,2,2,2,2,0,2
,1.11,0.1333,6,0.833,4,1.126,182,99,0,1,1,0,1,1,0,1,5,2,0.0328,0,3,0.0328,0.05,0,2.403,0.0163,0,3,2,1.514,-1.51,-0.49,99,6,1,2.104,-3.1,201.1
88,3,3,0,6,6,3,3,8,2,2,2,2,2,2,2,2,2,2,2,2,2,2,2,2,2,2,0,0,2,2,2,2,2,2,2,2,2,2
,0.46,0.3234,4,0.1,3,1.405,111,1,1,0,1,0,1,0,1,0,4,5,0.0445,5,4,0.0445,0.05,0,1.867,0.0619,0,1,2,1.384,-2.62,-1.38,130,1,1,2.761,-35.8,295.8
80,3,3,8,0,6,3,3,0,2,2,2,0,2,2,0,0,2,2,2,2,2,2,2,2,2,2,2,2,2,2,2,2,2,2,2,2,2,2
,0.24,0.59483,0,0.917,1,-1.372,196,32,0,1,0,1,0,1,1,1,2,0,0.0273,1,4,0.0273,0.05,0,3.034,0.0024,1,3,2,1.706,71.96,75.04,170,7,1,-2.027,-2,342
82,0,0,8,6,6,3,3,0,2,2,2,2,2,2,2,2,2,2,2,2,2,2,2,2,2,2,2,2,2,2,0,0,2,2,2,2,2,2
,0.26,0.3974,0,0.9,5,1.812,169,99,0,1,0,1,0,1,1,1,4,1,0.0449,3,2,0.0449,0.05,0,2.121,0.03392,1,0,2,1.452,-4.25,0.25,50,1,2,2.105,-25.3,125.3
86,3,3,0,6,0,3,3,8,2,2,2,2,2,2,2,2,2,2,2,2,2,2,2,2,2,2,2,2,2,2,2,2,2,2,2,2,2,2
,cannot do,cannot do,10,0.1,2,-1.103,232,92,1,0,1,1,0,0,1,1,0,4,0.0387,0,0,0.0387,0.05,0,3.024,0.00125,1,7,2,1.724,-2.57,0.57,28,8,2,4.849,-30.8,86.8
74,0,0,0,0,0,3,3,8,2,2,2,2,2,2,2,2,2,2,2,2,2,2,2,2,2,2,2,2,2,2,2,2,2,2,2,2,2,2
,0.044,0.4825,0,0,3,-0.292,16,111,0,1,0,0,1,0,1,1,0,4,0.0227,0,3,0.0227,0.05,0,2.706,0.0034,1,0,2,2.074,84.88,87.12,79,6,1,4.849,77.6,80.4
63,0,3,8,0,6,0,0,8,2,2,2,2,2,0,2,2,0,2,2,0,2,2,2,2,0,0,2,2,2,0,0,0,2,0,2,2,0,0
,0.46,0.32276,3,0.9,6,-1.372,134,100,1,0,1,1,0,0,0,1,5,4,0.0316,5,5,0.0316,0.05,0,1.858,0.06316,0,5,2,-1.346,-4.89,-5.11,175,7,2,-1.51,,
78,3,3,8,6,0,3,3,8,2,2,2,2,2,2,0,2,2,2,2,2,2,2,2,2,2,2,2,0,2,2,0,0,2,0,2,0,0,0
,0.8241634,0.20492,1,1,5,1.645,136,91,1,0,1,0,1,0,1,1,0,2,0.0221,4,1,0.0221,0.05,1,1.50552,0.1322,0,8,2,1.348,-17.45758,-16.54242,60,8,2,4.849,-135.97,255.97
80,3,3,8,0,0,3,3,8,2,2,0,2,2,0,2,2,2,2,2,2,2,2,2,0,0,2,2,2,2,2,2,2,2,2,2,2,2,2
,0.63,0.2644,1,0.671,1,1.2,270,27,0,1,0,1,0,1,1,1,3,2,0.0344,0,2,0.0344,0.05,0,3.412,0.00064,1,6,2,1.972,-6.02,-3.98,11,8,0,3.578,-3.5,25.5
74,3,3,8,0,0,3,3,0,2,2,2,2,0,2,0,2,2,2,2,2,2,2,2,2,2,2,2,2,2,2,2,2,2,2,2,0,2,2
,0.86,0.19489,4,3,2,1.058,110,90,0,1,1,1,0,0,1,1,5,5,0.0221,4,0,0.0221,0.05,0,1.5238,0.12756,0,7,2,2.355,-17.516825,-14.483174,110,10,2,9.92,-422.6,642.6
94,3,3,8,0,6,3,3,8,2,2,2,2,2,2,2,2,2,2,2,2,2,2,2,2,2,2,2,2,2,2,2,2,2,2,2,2,2,2
,0.28,0.3909,2,0.003,1,1.175,228,94,1,0,1,1,1,1,1,0,3,5,0.0421,4,4,0.0421,0.05,0,2.196,0.0281,1,4,2,1.454,-11.59,-8.41,246,4,1,3.32,58.2,433.8
90,3,3,8,0,6,3,3,8,2,2,2,2,0,2,2,2,2,2,2,2,2,2,2,2,2,2,2,2,2,2,2,2,0,2,2,2,2,2
,0.71,0.24,2,0.929,0,1.282,188,93,0,1,1,0,1,1,0,1,2,4,0.284,3,5,0.284,0.05,0,0.03756,0.056,0,7,2,1.384,-4.91,-3.09,130,1,1,2.76,-46.9,306.9
84,3,3,0,6,6,3,3,8,2,2,2,2,2,2,2,2,2,2,0,2,2,0,2,2,0,0,2,2,2,2,2,2,2,2,2,2,2,2
,0.34,0.3655,9,0.938,2,1.254,145,91,0,1,1,0,1,1,0,1,4,0,0.0363,4,4,0.0363,0.05,0,0.5967579,0.5507,0,2,2,0.085,-9.99,-8.01,63,1,1,0.075,-1.6,127.6
72,3,3,0,6,0,3,3,8,2,2,2,0,0,0,0,2,2,2,2,2,2,2,2,2,0,2,2,2,2,0,2,2,2,2,2,0,2,2
,cannot do,cannot do,3,,6,1.555,137,101,0,1,0,1,0,0,1,1,3,2,0.0388,5,2,0.0388,0.05,0,1.4207,0.1554,0,5,2,1.357,-6.72,-3.28,25,10,0,6.963,,
80,0,0,8,0,6,3,3,8,2,2,2,2,0,2,2,2,2,2,2,2,2,2,2,2,0,2,2,2,2,2,2,2,2,2,2,2,0,0
,0.98,0.1647,1,0.833,4,2.326,155,90,1,0,1,1,0,0,1,1,2,3,0.026,1,0,0.026,0.05,0,1.981,0.0476,1,2,2,1.412,-1.96,-0.04,108,10,2,2.621,-60,276
100,3,3,8,6,6,3,3,8,2,2,2,2,2,2,2,2,2,2,2,2,2,2,2,2,2,2,2,2,2,2,2,2,2,2,2,2,2,2
,0,0.5,4,0.937,3,1.175,232.4717,95,1,0,0,1,1,1,0,1,3,5,0.0259,3,0,0.0259,0.05,0,2.891,0.0038,1,1,2,1.71,-6.64,-5.36,14,5,1,9.925,-26.1,54.1
80,3,3,8,6,0,3,3,8,2,2,0,2,0,2,0,0,0,2,2,0,2,2,2,2,2,2,2,0,2,2,2,2,2,2,2,2,2,2
,1.13,0.1292,0,,4,1.015,230,25,0,1,1,0,0,1,0,1,2,5,0.0224,0,3,0.0224,0.05,0,0.517,0.6,0,5,2,1.317,-15.26,-12.74,83,11,2,,,
58,0,3,0,0,6,0,3,0,2,2,2,2,2,2,0,2,2,2,2,2,2,2,2,2,0,2,2,0,2,2,2,2,2,2,0,0,0,0
,0.62325,0.26656,0,0.801,2,1.555,170,97,0,1,1,0,0,1,1,1,1,5,0.0304,2,4,0.0304,0.05,0,2.27,0.0232,1,6,2,-1.44,-2.89,-1.11,55,2,1,-0.1445,3.196,113.196
88,3,3,8,0,6,3,3,8,2,2,2,2,2,2,2,2,2,2,2,2,2,2,2,2,2,2,2,2,2,2,2,2,2,2,2,0,0,0
,0.95,0.1705,2,0.929,6,1.372,262,94,0,1,1,1,1,0,0,1,2,4,0.0386,5,5,0.0386,0.05,0,3.388,0.0007,1,4,2,1.918,-3.68,-0.32,61,0,1,4.303,-60.7,182.7
100,3,3,8,6,6,3,3,8,2,2,2,2,2,2,2,2,2,2,2,2,2,2,2,2,2,2,2,2,2,2,2,2,2,2,2,2,2,2
,0.09,0.4641,2,0.833,4,1.175,296,98,1,0,1,0,1,1,1,0,4,0,0.0245,3,1,0.0245,0.05,0,1.4513,0.1467,0,4,2,2.353,-14.544,-11.456,76,9,2,1.695,-19.9,171.9
87,0,3,8,6,6,3,3,8,2,2,2,0,2,0,2,2,2,2,2,2,2,2,2,2,2,2,2,0,2,2,2,2,2,2,0,0,2,2
,1.06,0.1446,2,0.143,4,2.054,22,45,0,1,0,1,1,1,0,1,3,1,0.0483,1,3,0.0483,0.05,0,-0.001,0.71488,0,5,2,1.886,-17.37,-14.63,52,6,1,2.027,25.3,78.7
60,3,3,8,0,0,0,0,0,2,2,2,2,2,2,2,2,0,2,2,0,2,2,2,2,0,0,2,2,2,0,2,2,2,0,2,0,2,2
,0.581,0.2805,2,0.534,3,1.812,203,108,1,0,1,1,0,1,0,1,0,4,0.0352,1,4,0.0352,0.05,0,3.3905,1.9993,0,8,2,1.935,-6.1649,0,22,9,0,3.897,-36.4982,91.498
78,3,3,8,0,6,3,3,8,2,2,0,0,0,2,0,2,2,2,2,2,2,2,2,2,2,0,0,2,2,2,2,0,2,2,2,2,2,0
,0.04,0.4846,3,,2,2.054,149,71,0,1,0,0,1,1,1,0,1,2,0.0478,5,0,0.0478,0.05,0,1.742,0.0815,0,1,2,1.382,-12.33,-11.67,33,2,1,1.711,-17.2,83.2
61,0,3,8,0,0,3,3,0,2,2,0,2,2,2,2,2,0,0,2,0,2,2,2,2,0,2,2,2,2,2,2,2,2,2,2,0,0,0
,0.16,0.4364,1,0.875,2,1.405,215,98,1,0,0,0,0,0,1,1,5,4,0.0293,5,5,0.0293,0.05,0,2.769,0.0056,1,2,2,1.605,-13.44,-12.56,139,8,0,9.925,-334.7,612.7
69,0,3,0,6,6,0,0,8,2,2,2,0,0,0,2,0,2,2,2,2,2,2,2,2,0,2,2,2,2,2,2,2,2,2,2,2,0,0
,0.79,0.2137,2,0.75,2,1.282,260,646,0,1,0,1,0,0,1,1,0,3,0.0422,0,1,0.0422,0.05,0,3.318,0.00045,1,3,2,1.909,-5.33,-0.67,86,2,0,3.321,-55.89,227.89
64,3,3,0,0,0,3,3,0,2,2,2,2,0,0,2,0,2,2,2,2,2,2,2,2,2,2,2,0,2,2,2,2,2,2,2,2,2,2
,0.83,0.2027,9,,5,1.15,2,,1,0,1,1,1,0,1,0,3,0,0.043,0,1,0.043,0.05,0,2.2156,0.0267,1,8,1,1.454,-2.86,0.86,79,10,0,1.949,,
55,3,3,0,0,6,3,0,0,2,2,2,2,0,0,0,0,2,2,2,2,2,2,2,2,2,2,2,2,0,2,2,2,2,0,0,0,0,0
,0.73,0.2327,9,0.937,3,1.476,129,1411,0,1,0,1,0,1,1,1,2,1,0.0207,4,4,0.0207,0.05,0,1.962,0.0498,1,4,2,1.381,-8.16,-5.84,54,5,0,-1.886,8.3,99.7
84,3,3,0,6,6,3,3,0,2,2,2,2,2,2,2,2,2,2,2,2,2,2,2,2,2,2,2,2,2,2,2,2,2,2,2,2,2,2
,0.4666245,0.3203843,2,0.5,2,1.475791,160,110,0,1,1,1,0,0,1,1,4,2,0.0346,0,3,0.0346,0.05,0,2.471523,0.01345388,1,1,2,1.520423,-6.26945,-5.73055,100,11,1,247.3896,-47.38959,247.3896
88,3,3,8,0,6,3,3,8,2,2,2,2,2,2,2,2,2,2,2,2,2,2,2,2,2,2,2,2,2,2,2,2,2,2,2,0,0,0
,0,0.5,2,0.25,3,1.08,154,136,0,1,1,0,1,0,1,0,4,3,0.0325,2,1,0.0325,0.05,0,2.72044,0.00652,1,6,2,1.973,-4.39,-3.611,130,1,1,2.384,-13.145,273.1
82,3,3,8,0,6,3,3,0,2,2,2,2,2,0,2,2,2,2,2,2,2,2,2,2,0,2,2,2,2,2,2,2,2,2,2,2,2,2
,0,0.5,2,0.938,2,1.645,139,103,0,1,1,0,1,0,1,1,0,2,0.0296,1,3,0.0296,0.05,0,1.1036,0.2697,0,6,2,1.974,-2.26,-1.74,82,5,1,2.496,-69.3,233.3
100,3,3,8,6,6,3,3,8,2,2,2,2,2,2,2,2,2,2,2,2,2,2,2,2,2,2,2,2,2,2,2,2,2,2,2,2,2,2
,0.96,0.1685,1,,1,1.08,277,2647,0,1,0,1,0,1,1,0,1,5,0.0222,2,0,0.0222,0.05,0,0.73,0.4654,0,1,2,1.657,-6.58,-3.42,27,4,1,3.897,-60.7,114.7
78,3,3,8,0,6,3,3,0,2,2,0,0,0,2,2,2,2,2,2,2,2,2,2,2,0,2,2,2,2,2,2,2,2,2,2,2,2,2
,1.08264,0.13948,3,0.83333333,2,1.555,256,107,0,1,1,0,0,0,0,0,4,3,0.0219,4,1,0.0219,0.05,0,3.394828696,0.00068,1,8,2,-1.827,-9.287326316,-8.712673684,172,11,0,2.283,-21.75932769,365.7593277
94,3,3,8,6,6,3,3,8,2,2,2,2,0,2,0,0,2,2,2,2,2,2,2,2,2,2,2,2,2,2,2,2,2,2,2,2,2,2
,0,0.5,5,0.75,4,1.254,127,94,0,1,1,1,1,0,0,1,4,3,0.0291,4,5,0.0291,0.05,0,1.7609,0.07826,0,8,2,1.316,-7.88,-6.12,35,11,2,3.578,-51.8,121.8
94,3,3,8,0,6,3,3,8,2,2,2,2,2,2,2,2,2,2,2,2,2,2,2,2,2,2,2,2,2,2,2,2,2,2,2,2,2,2
,1.2,0.1141,5,0.75,2,1.405,297,97,0,1,1,0,0,1,1,1,5,2,0.0347,2,2,0.0347,0.05,0,1.354,0.176,0,2,2,-2.067,-3.49,-0.51,107,9,0,-1.654,-115.4,329.4
86,3,3,8,0,6,3,3,8,2,2,2,2,2,2,2,2,2,2,2,2,2,2,2,2,2,2,2,2,2,0,0,0,2,2,2,0,2,2
,0,0.5,4,0.83,1,1.227,297,97,0,1,1,0,0,1,1,1,1,1,0.0292,0,0,0.0292,0.05,0,1.249,0.2115,0,1,2,3.298,-7.4,-2.6,104,4,1,2.105,1.9,206.1
98,3,3,8,6,6,3,3,8,2,2,2,2,2,2,2,2,2,2,2,2,2,2,2,2,2,2,2,2,2,0,2,2,2,2,2,2,2,2
,0.21,0.4179,2,0.9,2,-1.881,202,90,0,1,0,0,1,1,0,1,2,1,0.0251,1,2,0.0251,0.05,0,2.741,0.0061,1,7,2,-1.564,-7.41,-4.59,74,11,1,2.105,-39,187
98,3,3,8,6,6,3,3,8,2,2,0,2,2,2,2,2,2,2,2,2,2,2,2,2,2,2,2,2,2,2,2,2,2,2,2,2,2,2
,0.76,0.2236,2,0.857,3,1.96,129,106,1,0,0,1,0,1,0,0,1,3,0.0253,1,4,0.0253,0.05,0,3.505,0.0046,1,2,2,1.896,-6.9,-5.1,42,9,1,1.954,7,77
84,3,3,8,0,6,3,3,8,2,2,2,0,0,2,0,0,2,2,2,2,2,2,2,2,2,0,2,2,2,2,2,2,2,2,2,2,2,2
,0.81,0.208,3,0.833,5,1.341,168,93,1,0,1,0,1,1,0,1,0,3,0.0444,2,2,0.0444,0.05,0,2.2414,0.025,1,2,2,1.452,-13.297,-6.703,98,4,0,3.32,-36.595,232.595
86,3,3,8,6,6,3,3,8,2,2,2,0,0,0,0,2,2,2,2,2,2,2,2,2,2,2,2,2,2,2,0,0,2,0,2,2,2,2
,0,0.5,11,0.929,6,1.555,275,93,0,1,0,1,1,1,0,1,4,0,0.0358,0,3,0.0358,0.05,0,1.138,0.255,0,6,2,2.115,-11.37,-10.63,22,1,0,2.19,-4.6,48.6
80,3,3,0,6,0,3,3,8,2,2,2,2,2,2,2,2,0,2,2,0,2,2,2,2,2,2,2,0,2,2,2,2,2,2,2,2,2,2
,0.27,0.3935,9,0.9,4,1.476,212,105,0,1,0,0,0,0,1,1,1,1,0.0479,1,3,0.0479,0.05,0,0.531,0.2023,0,4,2,1.611,-10.54,-9.46,75,9,0,2.189,-3.4,153.4
76,3,3,0,6,6,3,3,8,2,2,2,0,0,0,2,0,0,2,2,0,2,2,2,2,0,0,2,2,2,2,2,2,2,2,2,2,2,2
,1.06,0.144,3,0.875,2,1.695,174,93,0,1,0,0,1,0,0,0,4,2,0.0211,2,2,0.0211,0.05,0,2.2013,0.0277,1,7,2,1.476,-8.89,-5.11,19,3,2,1.943,-10.2,48.2
92,3,3,8,6,6,3,3,8,2,2,2,2,2,0,0,0,2,2,2,2,2,2,2,2,2,2,2,2,2,2,2,2,2,2,2,0,2,2
,1.12,0.1311,2,0.9,6,1.555,142.296,99,0,1,0,0,1,1,1,1,1,5,0.0449,1,1,0.0449,0.05,0,1.932,0.0534,0,1,2,1.38,-4.36,-1.64,91,5,0,1.695,-48.8,230.8
94,3,3,8,6,6,3,3,8,2,2,2,2,2,2,2,2,2,2,2,2,2,2,2,2,2,2,2,2,2,2,2,2,2,2,2,0,0,0
,,,,,,,,,,,,,,,,,,,,,,,,,,,,,,,,,,,,,,
0,0,0,0,0,0,0,0,0,0,0,0,0,0,0,0,0,0,0,0,0,0,0,0,0,0,0,0,0,0,0,0,0,0,0,0,0,0,0
,,,,,,,,,,,,,,,,,,,,,,,,,,,,,,,,,,,,,,
0,0,0,0,0,0,0,0,0,0,0,0,0,0,0,0,0,0,0,0,0,0,0,0,0,0,0,0,0,0,0,0,0,0,0,0,0,0,0
,,,,,,,,,,,,,,,,,,,,,,,,,,,,,,,,,,,,,,
0,0,0,0,0,0,0,0,0,0,0,0,0,0,0,0,0,0,0,0,0,0,0,0,0,0,0,0,0,0,0,0,0,0,0,0,0,0,0
,,,,,,,,,,,,,,,,,,,,,,,,,,,,,,,,,,,,,,
0,0,0,0,0,0,0,0,0,0,0,0,0,0,0,0,0,0,0,0,0,0,0,0,0,0,0,0,0,0,0,0,0,0,0,0,0,0,0
,,,,,,,,,,,,,,,,,,,,,,,,,,,,,,,,,,,,,,
0,0,0,0,0,0,0,0,0,0,0,0,0,0,0,0,0,0,0,0,0,0,0,0,0,0,0,0,0,0,0,0,0,0,0,0,0,0,0
,,,,,,,,,,,,,,,,,,,,,,,,,,,,,,,,,,,,,,
0,0,0,0,0,0,0,0,0,0,0,0,0,0,0,0,0,0,0,0,0,0,0,0,0,0,0,0,0,0,0,0,0,0,0,0,0,0,0
,,,,,,,,,,,,,,,,,,,,,,,,,,,,,,,,,,,,,,
0,0,0,0,0,0,0,0,0,0,0,0,0,0,0,0,0,0,0,0,0,0,0,0,0,0,0,0,0,0,0,0,0,0,0,0,0,0,0
